[22:05:55] [main/INFO]: Writing debug log file accesstransform.log
[22:05:55] [main/INFO]: Access Transformer processor running version 8.2.14
[22:05:55] [main/INFO]: Command line arguments [--inJar, C:\Users\Mr.bot1010\.gradle\caches\forge_gradle\minecraft_user_repo\net\minecraftforge\forge\1.20.1-47.4.20\forge-1.20.1-47.4.20-injected.jar, --outJar, C:\Users\Mr.bot1010\.gradle\caches\forge_gradle\minecraft_user_repo\net\minecraftforge\forge\1.20.1-47.4.20_mapped_official_1.20.1\forge-1.20.1-47.4.20_mapped_official_1.20.1.jar, --logFile, accesstransform.log, --atFile, C:\Users\Mr.bot1010\Documents\Folders\Mods\ATLA\untitled\build\_atJar_4\parent_at.cfg]
[22:05:55] [main/INFO]: Reading from C:\Users\Mr.bot1010\.gradle\caches\forge_gradle\minecraft_user_repo\net\minecraftforge\forge\1.20.1-47.4.20\forge-1.20.1-47.4.20-injected.jar
[22:05:55] [main/INFO]: Writing to C:\Users\Mr.bot1010\.gradle\caches\forge_gradle\minecraft_user_repo\net\minecraftforge\forge\1.20.1-47.4.20_mapped_official_1.20.1\forge-1.20.1-47.4.20_mapped_official_1.20.1.jar
[22:05:55] [main/INFO]: Transformer file C:\Users\Mr.bot1010\Documents\Folders\Mods\ATLA\untitled\build\_atJar_4\parent_at.cfg
[22:05:55] [main/WARN]: Found existing output jar C:\Users\Mr.bot1010\.gradle\caches\forge_gradle\minecraft_user_repo\net\minecraftforge\forge\1.20.1-47.4.20_mapped_official_1.20.1\forge-1.20.1-47.4.20_mapped_official_1.20.1.jar, overwriting
[22:05:55] [main/DEBUG]: Loading access transformer parent_at.cfg from path C:\Users\Mr.bot1010\Documents\Folders\Mods\ATLA\untitled\build\_atJar_4\parent_at.cfg
[22:05:55] [main/DEBUG]: Loaded access transformer parent_at.cfg from path C:\Users\Mr.bot1010\Documents\Folders\Mods\ATLA\untitled\build\_atJar_4\parent_at.cfg
[22:05:55] [main/DEBUG]: Loaded access transformer file C:\Users\Mr.bot1010\Documents\Folders\Mods\ATLA\untitled\build\_atJar_4\parent_at.cfg
[22:05:55] [main/DEBUG]: Skipping Lmcp/client/Start;
[22:05:55] [main/DEBUG]: Skipping Lnet/minecraftforge/versions/mcp/MCPVersion;
[22:05:55] [main/DEBUG]: Skipping Lnet/minecraftforge/versions/forge/ForgeVersion;
[22:05:55] [main/DEBUG]: Skipping Lnet/minecraftforge/server/timings/TimeTracker;
[22:05:55] [main/DEBUG]: Skipping Lnet/minecraftforge/server/timings/ForgeTimings;
[22:05:55] [main/DEBUG]: Skipping Lnet/minecraftforge/server/permission/package-info;
[22:05:55] [main/DEBUG]: Skipping Lnet/minecraftforge/server/permission/nodes/PermissionTypes;
[22:05:55] [main/DEBUG]: Skipping Lnet/minecraftforge/server/permission/nodes/PermissionType;
[22:05:55] [main/DEBUG]: Skipping Lnet/minecraftforge/server/permission/nodes/PermissionNode;
[22:05:55] [main/DEBUG]: Skipping Lnet/minecraftforge/server/permission/nodes/PermissionNode$PermissionResolver;
[22:05:55] [main/DEBUG]: Skipping Lnet/minecraftforge/server/permission/nodes/PermissionDynamicContextKey;
[22:05:55] [main/DEBUG]: Skipping Lnet/minecraftforge/server/permission/nodes/PermissionDynamicContext;
[22:05:55] [main/DEBUG]: Skipping Lnet/minecraftforge/server/permission/handler/IPermissionHandlerFactory;
[22:05:55] [main/DEBUG]: Skipping Lnet/minecraftforge/server/permission/handler/IPermissionHandler;
[22:05:55] [main/DEBUG]: Skipping Lnet/minecraftforge/server/permission/handler/DefaultPermissionHandler;
[22:05:55] [main/DEBUG]: Skipping Lnet/minecraftforge/server/permission/exceptions/UnregisteredPermissionException;
[22:05:55] [main/DEBUG]: Skipping Lnet/minecraftforge/server/permission/events/PermissionGatherEvent;
[22:05:55] [main/DEBUG]: Skipping Lnet/minecraftforge/server/permission/events/PermissionGatherEvent$Nodes;
[22:05:55] [main/DEBUG]: Skipping Lnet/minecraftforge/server/permission/events/PermissionGatherEvent$Handler;
[22:05:55] [main/DEBUG]: Skipping Lnet/minecraftforge/server/permission/PermissionAPI;
[22:05:55] [main/DEBUG]: Skipping Lnet/minecraftforge/server/loading/ServerModLoader;
[22:05:55] [main/DEBUG]: Skipping Lnet/minecraftforge/server/console/TerminalHandler;
[22:05:55] [main/DEBUG]: Skipping Lnet/minecraftforge/server/console/ConsoleCommandCompleter;
[22:05:55] [main/DEBUG]: Skipping Lnet/minecraftforge/server/command/package-info;
[22:05:55] [main/DEBUG]: Skipping Lnet/minecraftforge/server/command/TrackCommand;
[22:05:55] [main/DEBUG]: Skipping Lnet/minecraftforge/server/command/TrackCommand$TrackResultsEntity;
[22:05:55] [main/DEBUG]: Skipping Lnet/minecraftforge/server/command/TrackCommand$TrackResultsBlockEntity;
[22:05:55] [main/DEBUG]: Skipping Lnet/minecraftforge/server/command/TrackCommand$TrackResults;
[22:05:55] [main/DEBUG]: Skipping Lnet/minecraftforge/server/command/TrackCommand$StartTrackingCommand;
[22:05:55] [main/DEBUG]: Skipping Lnet/minecraftforge/server/command/TrackCommand$ResetTrackingCommand;
[22:05:55] [main/DEBUG]: Skipping Lnet/minecraftforge/server/command/TextComponentHelper;
[22:05:55] [main/DEBUG]: Skipping Lnet/minecraftforge/server/command/TagsCommand;
[22:05:55] [main/DEBUG]: Skipping Lnet/minecraftforge/server/command/TPSCommand;
[22:05:55] [main/DEBUG]: Skipping Lnet/minecraftforge/server/command/ModListCommand;
[22:05:55] [main/DEBUG]: Skipping Lnet/minecraftforge/server/command/ModIdArgument;
[22:05:55] [main/DEBUG]: Skipping Lnet/minecraftforge/server/command/GenerateCommand;
[22:05:55] [main/DEBUG]: Skipping Lnet/minecraftforge/server/command/ForgeCommand;
[22:05:55] [main/DEBUG]: Skipping Lnet/minecraftforge/server/command/EnumArgument;
[22:05:55] [main/DEBUG]: Skipping Lnet/minecraftforge/server/command/EnumArgument$Info;
[22:05:55] [main/DEBUG]: Skipping Lnet/minecraftforge/server/command/EnumArgument$Info$Template;
[22:05:55] [main/DEBUG]: Skipping Lnet/minecraftforge/server/command/EntityCommand;
[22:05:55] [main/DEBUG]: Skipping Lnet/minecraftforge/server/command/EntityCommand$EntityListCommand;
[22:05:55] [main/DEBUG]: Skipping Lnet/minecraftforge/server/command/DimensionsCommand;
[22:05:55] [main/DEBUG]: Skipping Lnet/minecraftforge/server/command/ConfigCommand;
[22:05:55] [main/DEBUG]: Skipping Lnet/minecraftforge/server/command/ConfigCommand$ShowFile;
[22:05:55] [main/DEBUG]: Skipping Lnet/minecraftforge/server/command/CommandHelper;
[22:05:55] [main/DEBUG]: Skipping Lnet/minecraftforge/server/command/ChunkGenWorker;
[22:05:55] [main/DEBUG]: Skipping Lnet/minecraftforge/server/ServerLifecycleHooks;
[22:05:55] [main/DEBUG]: Skipping Lnet/minecraftforge/server/LanguageHook;
[22:05:55] [main/DEBUG]: Skipping Lnet/minecraftforge/resource/package-info;
[22:05:55] [main/DEBUG]: Skipping Lnet/minecraftforge/resource/ResourcePackLoader;
[22:05:55] [main/DEBUG]: Skipping Lnet/minecraftforge/resource/ResourcePackLoader$1;
[22:05:55] [main/DEBUG]: Skipping Lnet/minecraftforge/resource/PathPackResources;
[22:05:55] [main/DEBUG]: Skipping Lnet/minecraftforge/resource/DelegatingPackResources;
[22:05:55] [main/DEBUG]: Skipping Lnet/minecraftforge/registries/tags/ITagManager;
[22:05:55] [main/DEBUG]: Skipping Lnet/minecraftforge/registries/tags/ITag;
[22:05:55] [main/DEBUG]: Skipping Lnet/minecraftforge/registries/tags/IReverseTag;
[22:05:55] [main/DEBUG]: Skipping Lnet/minecraftforge/registries/holdersets/OrHolderSet;
[22:05:55] [main/DEBUG]: Skipping Lnet/minecraftforge/registries/holdersets/NotHolderSet;
[22:05:55] [main/DEBUG]: Skipping Lnet/minecraftforge/registries/holdersets/ICustomHolderSet;
[22:05:55] [main/DEBUG]: Skipping Lnet/minecraftforge/registries/holdersets/HolderSetType;
[22:05:55] [main/DEBUG]: Skipping Lnet/minecraftforge/registries/holdersets/CompositeHolderSet;
[22:05:55] [main/DEBUG]: Skipping Lnet/minecraftforge/registries/holdersets/AnyHolderSet;
[22:05:55] [main/DEBUG]: Skipping Lnet/minecraftforge/registries/holdersets/AndHolderSet;
[22:05:55] [main/DEBUG]: Skipping Lnet/minecraftforge/registries/RegistryObject;
[22:05:55] [main/DEBUG]: Skipping Lnet/minecraftforge/registries/RegistryObject$1;
[22:05:55] [main/DEBUG]: Skipping Lnet/minecraftforge/registries/RegistryManager;
[22:05:55] [main/DEBUG]: Skipping Lnet/minecraftforge/registries/RegistryBuilder;
[22:05:55] [main/DEBUG]: Skipping Lnet/minecraftforge/registries/RegisterEvent;
[22:05:55] [main/DEBUG]: Skipping Lnet/minecraftforge/registries/RegisterEvent$RegisterHelper;
[22:05:55] [main/DEBUG]: Skipping Lnet/minecraftforge/registries/ObjectHolderRegistry;
[22:05:55] [main/DEBUG]: Skipping Lnet/minecraftforge/registries/ObjectHolderRegistry$VanillaObjectHolderData;
[22:05:55] [main/DEBUG]: Skipping Lnet/minecraftforge/registries/ObjectHolderRef;
[22:05:55] [main/DEBUG]: Skipping Lnet/minecraftforge/registries/ObjectHolder;
[22:05:55] [main/DEBUG]: Skipping Lnet/minecraftforge/registries/NewRegistryEvent;
[22:05:55] [main/DEBUG]: Skipping Lnet/minecraftforge/registries/NewRegistryEvent$RegistryHolder;
[22:05:55] [main/DEBUG]: Skipping Lnet/minecraftforge/registries/NewRegistryEvent$RegistryData;
[22:05:55] [main/DEBUG]: Skipping Lnet/minecraftforge/registries/NamespacedWrapper;
[22:05:55] [main/DEBUG]: Skipping Lnet/minecraftforge/registries/NamespacedWrapper$Factory;
[22:05:55] [main/DEBUG]: Skipping Lnet/minecraftforge/registries/NamespacedWrapper$1;
[22:05:55] [main/DEBUG]: Skipping Lnet/minecraftforge/registries/NamespacedDefaultedWrapper;
[22:05:55] [main/DEBUG]: Skipping Lnet/minecraftforge/registries/NamespacedDefaultedWrapper$Factory;
[22:05:55] [main/DEBUG]: Skipping Lnet/minecraftforge/registries/MissingMappingsEvent;
[22:05:55] [main/DEBUG]: Skipping Lnet/minecraftforge/registries/MissingMappingsEvent$Mapping;
[22:05:55] [main/DEBUG]: Skipping Lnet/minecraftforge/registries/MissingMappingsEvent$Action;
[22:05:55] [main/DEBUG]: Skipping Lnet/minecraftforge/registries/IdMappingEvent;
[22:05:55] [main/DEBUG]: Skipping Lnet/minecraftforge/registries/IdMappingEvent$ModRemapping;
[22:05:55] [main/DEBUG]: Skipping Lnet/minecraftforge/registries/IdMappingEvent$IdRemapping;
[22:05:55] [main/DEBUG]: Skipping Lnet/minecraftforge/registries/ILockableRegistry;
[22:05:55] [main/DEBUG]: Skipping Lnet/minecraftforge/registries/IForgeRegistryModifiable;
[22:05:55] [main/DEBUG]: Skipping Lnet/minecraftforge/registries/IForgeRegistryInternal;
[22:05:55] [main/DEBUG]: Skipping Lnet/minecraftforge/registries/IForgeRegistry;
[22:05:55] [main/DEBUG]: Skipping Lnet/minecraftforge/registries/IForgeRegistry$ValidateCallback;
[22:05:55] [main/DEBUG]: Skipping Lnet/minecraftforge/registries/IForgeRegistry$MissingFactory;
[22:05:55] [main/DEBUG]: Skipping Lnet/minecraftforge/registries/IForgeRegistry$CreateCallback;
[22:05:55] [main/DEBUG]: Skipping Lnet/minecraftforge/registries/IForgeRegistry$ClearCallback;
[22:05:55] [main/DEBUG]: Skipping Lnet/minecraftforge/registries/IForgeRegistry$BakeCallback;
[22:05:55] [main/DEBUG]: Skipping Lnet/minecraftforge/registries/IForgeRegistry$AddCallback;
[22:05:55] [main/DEBUG]: Skipping Lnet/minecraftforge/registries/GameData;
[22:05:55] [main/DEBUG]: Skipping Lnet/minecraftforge/registries/GameData$PointOfInterestTypeCallbacks;
[22:05:55] [main/DEBUG]: Skipping Lnet/minecraftforge/registries/GameData$ItemCallbacks;
[22:05:55] [main/DEBUG]: Skipping Lnet/minecraftforge/registries/GameData$ClearableObjectIntIdentityMap;
[22:05:55] [main/DEBUG]: Skipping Lnet/minecraftforge/registries/GameData$BlockCallbacks;
[22:05:55] [main/DEBUG]: Skipping Lnet/minecraftforge/registries/GameData$BlockCallbacks$1;
[22:05:55] [main/DEBUG]: Skipping Lnet/minecraftforge/registries/GameData$AttributeCallbacks;
[22:05:55] [main/DEBUG]: Skipping Lnet/minecraftforge/registries/GameData$1;
[22:05:55] [main/DEBUG]: Skipping Lnet/minecraftforge/registries/ForgeRegistryTagManager;
[22:05:55] [main/DEBUG]: Skipping Lnet/minecraftforge/registries/ForgeRegistryTag;
[22:05:55] [main/DEBUG]: Skipping Lnet/minecraftforge/registries/ForgeRegistry;
[22:05:55] [main/DEBUG]: Skipping Lnet/minecraftforge/registries/ForgeRegistry$Snapshot;
[22:05:55] [main/DEBUG]: Skipping Lnet/minecraftforge/registries/ForgeRegistry$RegistryCodec;
[22:05:55] [main/DEBUG]: Skipping Lnet/minecraftforge/registries/ForgeRegistry$OverrideOwner;
[22:05:55] [main/DEBUG]: Skipping Lnet/minecraftforge/registries/ForgeRegistry$DumpRow;
[22:05:55] [main/DEBUG]: Skipping Lnet/minecraftforge/registries/ForgeRegistry$1;
[22:05:55] [main/DEBUG]: Skipping Lnet/minecraftforge/registries/ForgeRegistries;
[22:05:55] [main/DEBUG]: Skipping Lnet/minecraftforge/registries/ForgeRegistries$Keys;
[22:05:55] [main/DEBUG]: Skipping Lnet/minecraftforge/registries/ForgeDeferredRegistriesSetup;
[22:05:55] [main/DEBUG]: Skipping Lnet/minecraftforge/registries/DeferredRegister;
[22:05:55] [main/DEBUG]: Skipping Lnet/minecraftforge/registries/DeferredRegister$RegistryHolder;
[22:05:55] [main/DEBUG]: Skipping Lnet/minecraftforge/registries/DeferredRegister$EventDispatcher;
[22:05:55] [main/DEBUG]: Skipping Lnet/minecraftforge/registries/DataPackRegistryEvent;
[22:05:55] [main/DEBUG]: Skipping Lnet/minecraftforge/registries/DataPackRegistryEvent$NewRegistry;
[22:05:55] [main/DEBUG]: Skipping Lnet/minecraftforge/registries/DataPackRegistryEvent$DataPackRegistryData;
[22:05:55] [main/DEBUG]: Skipping Lnet/minecraftforge/registries/DataPackRegistriesHooks;
[22:05:55] [main/DEBUG]: Skipping Lnet/minecraftforge/network/simple/SimpleChannel;
[22:05:55] [main/DEBUG]: Skipping Lnet/minecraftforge/network/simple/SimpleChannel$MessageBuilder;
[22:05:55] [main/DEBUG]: Skipping Lnet/minecraftforge/network/simple/SimpleChannel$MessageBuilder$ToBooleanBiFunction;
[22:05:55] [main/DEBUG]: Skipping Lnet/minecraftforge/network/simple/IndexedMessageCodec;
[22:05:55] [main/DEBUG]: Skipping Lnet/minecraftforge/network/simple/IndexedMessageCodec$MessageHandler;
[22:05:55] [main/DEBUG]: Skipping Lnet/minecraftforge/network/filters/VanillaPacketSplitter;
[22:05:55] [main/DEBUG]: Skipping Lnet/minecraftforge/network/filters/VanillaPacketSplitter$RemoteCompatibility;
[22:05:55] [main/DEBUG]: Skipping Lnet/minecraftforge/network/filters/VanillaPacketFilter;
[22:05:55] [main/DEBUG]: Skipping Lnet/minecraftforge/network/filters/VanillaConnectionNetworkFilter;
[22:05:55] [main/DEBUG]: Skipping Lnet/minecraftforge/network/filters/NetworkFilters;
[22:05:55] [main/DEBUG]: Skipping Lnet/minecraftforge/network/filters/ForgeConnectionNetworkFilter;
[22:05:55] [main/DEBUG]: Skipping Lnet/minecraftforge/network/filters/CommandTreeCleaner;
[22:05:55] [main/DEBUG]: Skipping Lnet/minecraftforge/network/event/EventNetworkChannel;
[22:05:55] [main/DEBUG]: Skipping Lnet/minecraftforge/network/ServerStatusPing;
[22:05:55] [main/DEBUG]: Skipping Lnet/minecraftforge/network/ServerStatusPing$ModInfo;
[22:05:55] [main/DEBUG]: Skipping Lnet/minecraftforge/network/ServerStatusPing$ChannelData;
[22:05:55] [main/DEBUG]: Skipping Lnet/minecraftforge/network/PlayMessages;
[22:05:55] [main/DEBUG]: Skipping Lnet/minecraftforge/network/PlayMessages$SpawnEntity;
[22:05:55] [main/DEBUG]: Skipping Lnet/minecraftforge/network/PlayMessages$OpenContainer;
[22:05:55] [main/DEBUG]: Skipping Lnet/minecraftforge/network/PacketDistributor;
[22:05:55] [main/DEBUG]: Skipping Lnet/minecraftforge/network/PacketDistributor$TargetPoint;
[22:05:55] [main/DEBUG]: Skipping Lnet/minecraftforge/network/PacketDistributor$PacketTarget;
[22:05:55] [main/DEBUG]: Skipping Lnet/minecraftforge/network/NetworkRegistry;
[22:05:55] [main/DEBUG]: Skipping Lnet/minecraftforge/network/NetworkRegistry$LoginPayload;
[22:05:55] [main/DEBUG]: Skipping Lnet/minecraftforge/network/NetworkRegistry$ChannelBuilder;
[22:05:55] [main/DEBUG]: Skipping Lnet/minecraftforge/network/NetworkInstance;
[22:05:55] [main/DEBUG]: Skipping Lnet/minecraftforge/network/NetworkInitialization;
[22:05:55] [main/DEBUG]: Skipping Lnet/minecraftforge/network/NetworkHooks;
[22:05:55] [main/DEBUG]: Skipping Lnet/minecraftforge/network/NetworkEvent;
[22:05:55] [main/DEBUG]: Skipping Lnet/minecraftforge/network/NetworkEvent$ServerCustomPayloadLoginEvent;
[22:05:55] [main/DEBUG]: Skipping Lnet/minecraftforge/network/NetworkEvent$ServerCustomPayloadEvent;
[22:05:55] [main/DEBUG]: Skipping Lnet/minecraftforge/network/NetworkEvent$RegistrationChangeType;
[22:05:55] [main/DEBUG]: Skipping Lnet/minecraftforge/network/NetworkEvent$PacketDispatcher;
[22:05:55] [main/DEBUG]: Skipping Lnet/minecraftforge/network/NetworkEvent$PacketDispatcher$NetworkManagerDispatcher;
[22:05:55] [main/DEBUG]: Skipping Lnet/minecraftforge/network/NetworkEvent$LoginPayloadEvent;
[22:05:55] [main/DEBUG]: Skipping Lnet/minecraftforge/network/NetworkEvent$GatherLoginPayloadsEvent;
[22:05:55] [main/DEBUG]: Skipping Lnet/minecraftforge/network/NetworkEvent$Context;
[22:05:55] [main/DEBUG]: Skipping Lnet/minecraftforge/network/NetworkEvent$ClientCustomPayloadLoginEvent;
[22:05:55] [main/DEBUG]: Skipping Lnet/minecraftforge/network/NetworkEvent$ClientCustomPayloadEvent;
[22:05:55] [main/DEBUG]: Skipping Lnet/minecraftforge/network/NetworkEvent$ChannelRegistrationChangeEvent;
[22:05:55] [main/DEBUG]: Skipping Lnet/minecraftforge/network/NetworkDirection;
[22:05:55] [main/DEBUG]: Skipping Lnet/minecraftforge/network/NetworkDirection$Factory;
[22:05:55] [main/DEBUG]: Skipping Lnet/minecraftforge/network/NetworkConstants;
[22:05:55] [main/DEBUG]: Skipping Lnet/minecraftforge/network/MCRegisterPacketHandler;
[22:05:55] [main/DEBUG]: Skipping Lnet/minecraftforge/network/MCRegisterPacketHandler$ChannelList;
[22:05:55] [main/DEBUG]: Skipping Lnet/minecraftforge/network/LoginWrapper;
[22:05:55] [main/DEBUG]: Skipping Lnet/minecraftforge/network/ICustomPacket;
[22:05:55] [main/DEBUG]: Skipping Lnet/minecraftforge/network/IContainerFactory;
[22:05:55] [main/DEBUG]: Skipping Lnet/minecraftforge/network/HandshakeMessages;
[22:05:55] [main/DEBUG]: Skipping Lnet/minecraftforge/network/HandshakeMessages$S2CRegistry;
[22:05:55] [main/DEBUG]: Skipping Lnet/minecraftforge/network/HandshakeMessages$S2CModList;
[22:05:55] [main/DEBUG]: Skipping Lnet/minecraftforge/network/HandshakeMessages$S2CModData;
[22:05:55] [main/DEBUG]: Skipping Lnet/minecraftforge/network/HandshakeMessages$S2CConfigData;
[22:05:55] [main/DEBUG]: Skipping Lnet/minecraftforge/network/HandshakeMessages$S2CChannelMismatchData;
[22:05:55] [main/DEBUG]: Skipping Lnet/minecraftforge/network/HandshakeMessages$LoginIndexedMessage;
[22:05:55] [main/DEBUG]: Skipping Lnet/minecraftforge/network/HandshakeMessages$C2SModListReply;
[22:05:55] [main/DEBUG]: Skipping Lnet/minecraftforge/network/HandshakeMessages$C2SAcknowledge;
[22:05:55] [main/DEBUG]: Skipping Lnet/minecraftforge/network/HandshakeHandler;
[22:05:55] [main/DEBUG]: Skipping Lnet/minecraftforge/network/HandshakeHandler$HandshakeConsumer;
[22:05:55] [main/DEBUG]: Skipping Lnet/minecraftforge/network/DualStackUtils;
[22:05:55] [main/DEBUG]: Skipping Lnet/minecraftforge/network/ConnectionType;
[22:05:55] [main/DEBUG]: Skipping Lnet/minecraftforge/network/ConnectionData;
[22:05:55] [main/DEBUG]: Skipping Lnet/minecraftforge/network/ConnectionData$ModMismatchData;
[22:05:55] [main/DEBUG]: Skipping Lnet/minecraftforge/network/ConfigSync;
[22:05:55] [main/DEBUG]: Skipping Lnet/minecraftforge/logging/PacketDump;
[22:05:55] [main/DEBUG]: Skipping Lnet/minecraftforge/logging/CrashReportExtender;
[22:05:55] [main/DEBUG]: Skipping Lnet/minecraftforge/logging/CrashReportAnalyser;
[22:05:55] [main/DEBUG]: Skipping Lnet/minecraftforge/items/wrapper/SidedInvWrapper;
[22:05:55] [main/DEBUG]: Skipping Lnet/minecraftforge/items/wrapper/SidedInvWrapper$InsertLimit;
[22:05:55] [main/DEBUG]: Skipping Lnet/minecraftforge/items/wrapper/ShulkerItemStackInvWrapper;
[22:05:55] [main/DEBUG]: Skipping Lnet/minecraftforge/items/wrapper/RecipeWrapper;
[22:05:55] [main/DEBUG]: Skipping Lnet/minecraftforge/items/wrapper/RangedWrapper;
[22:05:55] [main/DEBUG]: Skipping Lnet/minecraftforge/items/wrapper/PlayerOffhandInvWrapper;
[22:05:55] [main/DEBUG]: Skipping Lnet/minecraftforge/items/wrapper/PlayerMainInvWrapper;
[22:05:55] [main/DEBUG]: Skipping Lnet/minecraftforge/items/wrapper/PlayerInvWrapper;
[22:05:55] [main/DEBUG]: Skipping Lnet/minecraftforge/items/wrapper/PlayerArmorInvWrapper;
[22:05:55] [main/DEBUG]: Skipping Lnet/minecraftforge/items/wrapper/InvWrapper;
[22:05:55] [main/DEBUG]: Skipping Lnet/minecraftforge/items/wrapper/EntityHandsInvWrapper;
[22:05:55] [main/DEBUG]: Skipping Lnet/minecraftforge/items/wrapper/EntityEquipmentInvWrapper;
[22:05:55] [main/DEBUG]: Skipping Lnet/minecraftforge/items/wrapper/EntityArmorInvWrapper;
[22:05:55] [main/DEBUG]: Skipping Lnet/minecraftforge/items/wrapper/EmptyHandler;
[22:05:55] [main/DEBUG]: Skipping Lnet/minecraftforge/items/wrapper/CombinedInvWrapper;
[22:05:55] [main/DEBUG]: Skipping Lnet/minecraftforge/items/VanillaInventoryCodeHooks;
[22:05:55] [main/DEBUG]: Skipping Lnet/minecraftforge/items/VanillaHopperItemHandler;
[22:05:55] [main/DEBUG]: Skipping Lnet/minecraftforge/items/SlotItemHandler;
[22:05:55] [main/DEBUG]: Skipping Lnet/minecraftforge/items/ItemStackHandler;
[22:05:55] [main/DEBUG]: Skipping Lnet/minecraftforge/items/ItemHandlerHelper;
[22:05:55] [main/DEBUG]: Skipping Lnet/minecraftforge/items/IItemHandlerModifiable;
[22:05:55] [main/DEBUG]: Skipping Lnet/minecraftforge/items/IItemHandler;
[22:05:55] [main/DEBUG]: Skipping Lnet/minecraftforge/internal/TextComponentMessageFormatHandler;
[22:05:55] [main/DEBUG]: Skipping Lnet/minecraftforge/internal/ForgeBindings;
[22:05:55] [main/DEBUG]: Skipping Lnet/minecraftforge/internal/ForgeBindings$1;
[22:05:55] [main/DEBUG]: Skipping Lnet/minecraftforge/internal/BrandingControl;
[22:05:55] [main/DEBUG]: Skipping Lnet/minecraftforge/gametest/PrefixGameTestTemplate;
[22:05:55] [main/DEBUG]: Skipping Lnet/minecraftforge/gametest/GameTestMain;
[22:05:55] [main/DEBUG]: Skipping Lnet/minecraftforge/gametest/GameTestHolder;
[22:05:55] [main/DEBUG]: Skipping Lnet/minecraftforge/gametest/ForgeGameTestHooks;
[22:05:55] [main/DEBUG]: Skipping Lnet/minecraftforge/gametest/BlockPosValueConverter;
[22:05:55] [main/DEBUG]: Skipping Lnet/minecraftforge/forge/snapshots/ForgeSnapshotsModClient;
[22:05:55] [main/DEBUG]: Skipping Lnet/minecraftforge/forge/snapshots/ForgeSnapshotsMod;
[22:05:55] [main/DEBUG]: Skipping Lnet/minecraftforge/fml/event/lifecycle/ParallelDispatchEvent;
[22:05:55] [main/DEBUG]: Skipping Lnet/minecraftforge/fml/event/lifecycle/ModLifecycleEvent;
[22:05:55] [main/DEBUG]: Skipping Lnet/minecraftforge/fml/event/lifecycle/InterModProcessEvent;
[22:05:55] [main/DEBUG]: Skipping Lnet/minecraftforge/fml/event/lifecycle/InterModEnqueueEvent;
[22:05:55] [main/DEBUG]: Skipping Lnet/minecraftforge/fml/event/lifecycle/FMLLoadCompleteEvent;
[22:05:55] [main/DEBUG]: Skipping Lnet/minecraftforge/fml/event/lifecycle/FMLDedicatedServerSetupEvent;
[22:05:55] [main/DEBUG]: Skipping Lnet/minecraftforge/fml/event/lifecycle/FMLConstructModEvent;
[22:05:55] [main/DEBUG]: Skipping Lnet/minecraftforge/fml/event/lifecycle/FMLCommonSetupEvent;
[22:05:55] [main/DEBUG]: Skipping Lnet/minecraftforge/fml/event/lifecycle/FMLClientSetupEvent;
[22:05:55] [main/DEBUG]: Skipping Lnet/minecraftforge/fml/event/config/ModConfigEvent;
[22:05:55] [main/DEBUG]: Skipping Lnet/minecraftforge/fml/event/config/ModConfigEvent$Unloading;
[22:05:55] [main/DEBUG]: Skipping Lnet/minecraftforge/fml/event/config/ModConfigEvent$Reloading;
[22:05:55] [main/DEBUG]: Skipping Lnet/minecraftforge/fml/event/config/ModConfigEvent$Loading;
[22:05:55] [main/DEBUG]: Skipping Lnet/minecraftforge/fml/core/ParallelTransition;
[22:05:55] [main/DEBUG]: Skipping Lnet/minecraftforge/fml/core/ModStateProvider;
[22:05:55] [main/DEBUG]: Skipping Lnet/minecraftforge/fluids/capability/wrappers/FluidBucketWrapper;
[22:05:55] [main/DEBUG]: Skipping Lnet/minecraftforge/fluids/capability/wrappers/FluidBlockWrapper;
[22:05:55] [main/DEBUG]: Skipping Lnet/minecraftforge/fluids/capability/wrappers/BucketPickupHandlerWrapper;
[22:05:55] [main/DEBUG]: Skipping Lnet/minecraftforge/fluids/capability/wrappers/BlockWrapper;
[22:05:55] [main/DEBUG]: Skipping Lnet/minecraftforge/fluids/capability/wrappers/BlockWrapper$LiquidContainerBlockWrapper;
[22:05:55] [main/DEBUG]: Skipping Lnet/minecraftforge/fluids/capability/templates/VoidFluidHandler;
[22:05:55] [main/DEBUG]: Skipping Lnet/minecraftforge/fluids/capability/templates/FluidTank;
[22:05:55] [main/DEBUG]: Skipping Lnet/minecraftforge/fluids/capability/templates/FluidHandlerItemStackSimple;
[22:05:55] [main/DEBUG]: Skipping Lnet/minecraftforge/fluids/capability/templates/FluidHandlerItemStackSimple$SwapEmpty;
[22:05:55] [main/DEBUG]: Skipping Lnet/minecraftforge/fluids/capability/templates/FluidHandlerItemStackSimple$Consumable;
[22:05:55] [main/DEBUG]: Skipping Lnet/minecraftforge/fluids/capability/templates/FluidHandlerItemStack;
[22:05:55] [main/DEBUG]: Skipping Lnet/minecraftforge/fluids/capability/templates/FluidHandlerItemStack$SwapEmpty;
[22:05:55] [main/DEBUG]: Skipping Lnet/minecraftforge/fluids/capability/templates/FluidHandlerItemStack$Consumable;
[22:05:55] [main/DEBUG]: Skipping Lnet/minecraftforge/fluids/capability/templates/EmptyFluidHandler;
[22:05:55] [main/DEBUG]: Skipping Lnet/minecraftforge/fluids/capability/ItemFluidContainer;
[22:05:55] [main/DEBUG]: Skipping Lnet/minecraftforge/fluids/capability/IFluidHandlerItem;
[22:05:55] [main/DEBUG]: Skipping Lnet/minecraftforge/fluids/capability/IFluidHandler;
[22:05:55] [main/DEBUG]: Skipping Lnet/minecraftforge/fluids/capability/IFluidHandler$FluidAction;
[22:05:55] [main/DEBUG]: Skipping Lnet/minecraftforge/fluids/capability/FluidHandlerBlockEntity;
[22:05:55] [main/DEBUG]: Skipping Lnet/minecraftforge/fluids/IFluidTank;
[22:05:55] [main/DEBUG]: Skipping Lnet/minecraftforge/fluids/IFluidBlock;
[22:05:55] [main/DEBUG]: Skipping Lnet/minecraftforge/fluids/ForgeFlowingFluid;
[22:05:55] [main/DEBUG]: Skipping Lnet/minecraftforge/fluids/ForgeFlowingFluid$Source;
[22:05:55] [main/DEBUG]: Skipping Lnet/minecraftforge/fluids/ForgeFlowingFluid$Properties;
[22:05:55] [main/DEBUG]: Skipping Lnet/minecraftforge/fluids/ForgeFlowingFluid$Flowing;
[22:05:55] [main/DEBUG]: Skipping Lnet/minecraftforge/fluids/FluidUtil;
[22:05:55] [main/DEBUG]: Skipping Lnet/minecraftforge/fluids/FluidType;
[22:05:55] [main/DEBUG]: Skipping Lnet/minecraftforge/fluids/FluidType$Properties;
[22:05:55] [main/DEBUG]: Skipping Lnet/minecraftforge/fluids/FluidStack;
[22:05:55] [main/DEBUG]: Skipping Lnet/minecraftforge/fluids/FluidInteractionRegistry;
[22:05:55] [main/DEBUG]: Skipping Lnet/minecraftforge/fluids/FluidInteractionRegistry$InteractionInformation;
[22:05:55] [main/DEBUG]: Skipping Lnet/minecraftforge/fluids/FluidInteractionRegistry$HasFluidInteraction;
[22:05:55] [main/DEBUG]: Skipping Lnet/minecraftforge/fluids/FluidInteractionRegistry$FluidInteraction;
[22:05:55] [main/DEBUG]: Skipping Lnet/minecraftforge/fluids/FluidActionResult;
[22:05:55] [main/DEBUG]: Skipping Lnet/minecraftforge/fluids/DispenseFluidContainer;
[22:05:56] [main/DEBUG]: Skipping Lnet/minecraftforge/event/village/WandererTradesEvent;
[22:05:56] [main/DEBUG]: Skipping Lnet/minecraftforge/event/village/VillagerTradesEvent;
[22:05:56] [main/DEBUG]: Skipping Lnet/minecraftforge/event/village/VillageSiegeEvent;
[22:05:56] [main/DEBUG]: Skipping Lnet/minecraftforge/event/server/ServerStoppingEvent;
[22:05:56] [main/DEBUG]: Skipping Lnet/minecraftforge/event/server/ServerStoppedEvent;
[22:05:56] [main/DEBUG]: Skipping Lnet/minecraftforge/event/server/ServerStartingEvent;
[22:05:56] [main/DEBUG]: Skipping Lnet/minecraftforge/event/server/ServerStartedEvent;
[22:05:56] [main/DEBUG]: Skipping Lnet/minecraftforge/event/server/ServerLifecycleEvent;
[22:05:56] [main/DEBUG]: Skipping Lnet/minecraftforge/event/server/ServerAboutToStartEvent;
[22:05:56] [main/DEBUG]: Skipping Lnet/minecraftforge/event/level/SleepFinishedTimeEvent;
[22:05:56] [main/DEBUG]: Skipping Lnet/minecraftforge/event/level/SaplingGrowTreeEvent;
[22:05:56] [main/DEBUG]: Skipping Lnet/minecraftforge/event/level/PistonEvent;
[22:05:56] [main/DEBUG]: Skipping Lnet/minecraftforge/event/level/PistonEvent$Pre;
[22:05:56] [main/DEBUG]: Skipping Lnet/minecraftforge/event/level/PistonEvent$Post;
[22:05:56] [main/DEBUG]: Skipping Lnet/minecraftforge/event/level/PistonEvent$PistonMoveType;
[22:05:56] [main/DEBUG]: Skipping Lnet/minecraftforge/event/level/NoteBlockEvent;
[22:05:56] [main/DEBUG]: Skipping Lnet/minecraftforge/event/level/NoteBlockEvent$Play;
[22:05:56] [main/DEBUG]: Skipping Lnet/minecraftforge/event/level/NoteBlockEvent$Octave;
[22:05:56] [main/DEBUG]: Skipping Lnet/minecraftforge/event/level/NoteBlockEvent$Note;
[22:05:56] [main/DEBUG]: Skipping Lnet/minecraftforge/event/level/NoteBlockEvent$Change;
[22:05:56] [main/DEBUG]: Skipping Lnet/minecraftforge/event/level/LevelEvent;
[22:05:56] [main/DEBUG]: Skipping Lnet/minecraftforge/event/level/LevelEvent$Unload;
[22:05:56] [main/DEBUG]: Skipping Lnet/minecraftforge/event/level/LevelEvent$Save;
[22:05:56] [main/DEBUG]: Skipping Lnet/minecraftforge/event/level/LevelEvent$PotentialSpawns;
[22:05:56] [main/DEBUG]: Skipping Lnet/minecraftforge/event/level/LevelEvent$Load;
[22:05:56] [main/DEBUG]: Skipping Lnet/minecraftforge/event/level/LevelEvent$CreateSpawnPosition;
[22:05:56] [main/DEBUG]: Skipping Lnet/minecraftforge/event/level/ExplosionEvent;
[22:05:56] [main/DEBUG]: Skipping Lnet/minecraftforge/event/level/ExplosionEvent$Start;
[22:05:56] [main/DEBUG]: Skipping Lnet/minecraftforge/event/level/ExplosionEvent$Detonate;
[22:05:56] [main/DEBUG]: Skipping Lnet/minecraftforge/event/level/ChunkWatchEvent;
[22:05:56] [main/DEBUG]: Skipping Lnet/minecraftforge/event/level/ChunkWatchEvent$Watch;
[22:05:56] [main/DEBUG]: Skipping Lnet/minecraftforge/event/level/ChunkWatchEvent$UnWatch;
[22:05:56] [main/DEBUG]: Skipping Lnet/minecraftforge/event/level/ChunkTicketLevelUpdatedEvent;
[22:05:56] [main/DEBUG]: Skipping Lnet/minecraftforge/event/level/ChunkEvent;
[22:05:56] [main/DEBUG]: Skipping Lnet/minecraftforge/event/level/ChunkEvent$Unload;
[22:05:56] [main/DEBUG]: Skipping Lnet/minecraftforge/event/level/ChunkEvent$Load;
[22:05:56] [main/DEBUG]: Skipping Lnet/minecraftforge/event/level/ChunkDataEvent;
[22:05:56] [main/DEBUG]: Skipping Lnet/minecraftforge/event/level/ChunkDataEvent$Save;
[22:05:56] [main/DEBUG]: Skipping Lnet/minecraftforge/event/level/ChunkDataEvent$Load;
[22:05:56] [main/DEBUG]: Skipping Lnet/minecraftforge/event/level/BlockEvent;
[22:05:56] [main/DEBUG]: Skipping Lnet/minecraftforge/event/level/BlockEvent$PortalSpawnEvent;
[22:05:56] [main/DEBUG]: Skipping Lnet/minecraftforge/event/level/BlockEvent$NeighborNotifyEvent;
[22:05:56] [main/DEBUG]: Skipping Lnet/minecraftforge/event/level/BlockEvent$FluidPlaceBlockEvent;
[22:05:56] [main/DEBUG]: Skipping Lnet/minecraftforge/event/level/BlockEvent$FarmlandTrampleEvent;
[22:05:56] [main/DEBUG]: Skipping Lnet/minecraftforge/event/level/BlockEvent$EntityPlaceEvent;
[22:05:56] [main/DEBUG]: Skipping Lnet/minecraftforge/event/level/BlockEvent$EntityMultiPlaceEvent;
[22:05:56] [main/DEBUG]: Skipping Lnet/minecraftforge/event/level/BlockEvent$CropGrowEvent;
[22:05:56] [main/DEBUG]: Skipping Lnet/minecraftforge/event/level/BlockEvent$CropGrowEvent$Pre;
[22:05:56] [main/DEBUG]: Skipping Lnet/minecraftforge/event/level/BlockEvent$CropGrowEvent$Post;
[22:05:56] [main/DEBUG]: Skipping Lnet/minecraftforge/event/level/BlockEvent$CreateFluidSourceEvent;
[22:05:56] [main/DEBUG]: Skipping Lnet/minecraftforge/event/level/BlockEvent$BreakEvent;
[22:05:56] [main/DEBUG]: Skipping Lnet/minecraftforge/event/level/BlockEvent$BlockToolModificationEvent;
[22:05:56] [main/DEBUG]: Skipping Lnet/minecraftforge/event/level/AlterGroundEvent;
[22:05:56] [main/DEBUG]: Skipping Lnet/minecraftforge/event/furnace/FurnaceFuelBurnTimeEvent;
[22:05:56] [main/DEBUG]: Skipping Lnet/minecraftforge/event/entity/player/TradeWithVillagerEvent;
[22:05:56] [main/DEBUG]: Skipping Lnet/minecraftforge/event/entity/player/SleepingTimeCheckEvent;
[22:05:56] [main/DEBUG]: Skipping Lnet/minecraftforge/event/entity/player/SleepingLocationCheckEvent;
[22:05:56] [main/DEBUG]: Skipping Lnet/minecraftforge/event/entity/player/PlayerXpEvent;
[22:05:56] [main/DEBUG]: Skipping Lnet/minecraftforge/event/entity/player/PlayerXpEvent$XpChange;
[22:05:56] [main/DEBUG]: Skipping Lnet/minecraftforge/event/entity/player/PlayerXpEvent$PickupXp;
[22:05:56] [main/DEBUG]: Skipping Lnet/minecraftforge/event/entity/player/PlayerXpEvent$LevelChange;
[22:05:56] [main/DEBUG]: Skipping Lnet/minecraftforge/event/entity/player/PlayerWakeUpEvent;
[22:05:56] [main/DEBUG]: Skipping Lnet/minecraftforge/event/entity/player/PlayerSpawnPhantomsEvent;
[22:05:56] [main/DEBUG]: Skipping Lnet/minecraftforge/event/entity/player/PlayerSleepInBedEvent;
[22:05:56] [main/DEBUG]: Skipping Lnet/minecraftforge/event/entity/player/PlayerSetSpawnEvent;
[22:05:56] [main/DEBUG]: Skipping Lnet/minecraftforge/event/entity/player/PlayerNegotiationEvent;
[22:05:56] [main/DEBUG]: Skipping Lnet/minecraftforge/event/entity/player/PlayerInteractEvent;
[22:05:56] [main/DEBUG]: Skipping Lnet/minecraftforge/event/entity/player/PlayerInteractEvent$RightClickItem;
[22:05:56] [main/DEBUG]: Skipping Lnet/minecraftforge/event/entity/player/PlayerInteractEvent$RightClickEmpty;
[22:05:56] [main/DEBUG]: Skipping Lnet/minecraftforge/event/entity/player/PlayerInteractEvent$RightClickBlock;
[22:05:56] [main/DEBUG]: Skipping Lnet/minecraftforge/event/entity/player/PlayerInteractEvent$LeftClickEmpty;
[22:05:56] [main/DEBUG]: Skipping Lnet/minecraftforge/event/entity/player/PlayerInteractEvent$LeftClickBlock;
[22:05:56] [main/DEBUG]: Skipping Lnet/minecraftforge/event/entity/player/PlayerInteractEvent$LeftClickBlock$Action;
[22:05:56] [main/DEBUG]: Skipping Lnet/minecraftforge/event/entity/player/PlayerInteractEvent$EntityInteractSpecific;
[22:05:56] [main/DEBUG]: Skipping Lnet/minecraftforge/event/entity/player/PlayerInteractEvent$EntityInteract;
[22:05:56] [main/DEBUG]: Skipping Lnet/minecraftforge/event/entity/player/PlayerInteractEvent$1;
[22:05:56] [main/DEBUG]: Skipping Lnet/minecraftforge/event/entity/player/PlayerFlyableFallEvent;
[22:05:56] [main/DEBUG]: Skipping Lnet/minecraftforge/event/entity/player/PlayerEvent;
[22:05:56] [main/DEBUG]: Skipping Lnet/minecraftforge/event/entity/player/PlayerEvent$TabListNameFormat;
[22:05:56] [main/DEBUG]: Skipping Lnet/minecraftforge/event/entity/player/PlayerEvent$StopTracking;
[22:05:56] [main/DEBUG]: Skipping Lnet/minecraftforge/event/entity/player/PlayerEvent$StartTracking;
[22:05:56] [main/DEBUG]: Skipping Lnet/minecraftforge/event/entity/player/PlayerEvent$SaveToFile;
[22:05:56] [main/DEBUG]: Skipping Lnet/minecraftforge/event/entity/player/PlayerEvent$PlayerRespawnEvent;
[22:05:56] [main/DEBUG]: Skipping Lnet/minecraftforge/event/entity/player/PlayerEvent$PlayerLoggedOutEvent;
[22:05:56] [main/DEBUG]: Skipping Lnet/minecraftforge/event/entity/player/PlayerEvent$PlayerLoggedInEvent;
[22:05:56] [main/DEBUG]: Skipping Lnet/minecraftforge/event/entity/player/PlayerEvent$PlayerChangedDimensionEvent;
[22:05:56] [main/DEBUG]: Skipping Lnet/minecraftforge/event/entity/player/PlayerEvent$PlayerChangeGameModeEvent;
[22:05:56] [main/DEBUG]: Skipping Lnet/minecraftforge/event/entity/player/PlayerEvent$NameFormat;
[22:05:56] [main/DEBUG]: Skipping Lnet/minecraftforge/event/entity/player/PlayerEvent$LoadFromFile;
[22:05:56] [main/DEBUG]: Skipping Lnet/minecraftforge/event/entity/player/PlayerEvent$ItemSmeltedEvent;
[22:05:56] [main/DEBUG]: Skipping Lnet/minecraftforge/event/entity/player/PlayerEvent$ItemPickupEvent;
[22:05:56] [main/DEBUG]: Skipping Lnet/minecraftforge/event/entity/player/PlayerEvent$ItemCraftedEvent;
[22:05:56] [main/DEBUG]: Skipping Lnet/minecraftforge/event/entity/player/PlayerEvent$HarvestCheck;
[22:05:56] [main/DEBUG]: Skipping Lnet/minecraftforge/event/entity/player/PlayerEvent$Clone;
[22:05:56] [main/DEBUG]: Skipping Lnet/minecraftforge/event/entity/player/PlayerEvent$BreakSpeed;
[22:05:56] [main/DEBUG]: Skipping Lnet/minecraftforge/event/entity/player/PlayerDestroyItemEvent;
[22:05:56] [main/DEBUG]: Skipping Lnet/minecraftforge/event/entity/player/PlayerContainerEvent;
[22:05:56] [main/DEBUG]: Skipping Lnet/minecraftforge/event/entity/player/PlayerContainerEvent$Open;
[22:05:56] [main/DEBUG]: Skipping Lnet/minecraftforge/event/entity/player/PlayerContainerEvent$Close;
[22:05:56] [main/DEBUG]: Skipping Lnet/minecraftforge/event/entity/player/PermissionsChangedEvent;
[22:05:56] [main/DEBUG]: Skipping Lnet/minecraftforge/event/entity/player/ItemTooltipEvent;
[22:05:56] [main/DEBUG]: Skipping Lnet/minecraftforge/event/entity/player/ItemFishedEvent;
[22:05:56] [main/DEBUG]: Skipping Lnet/minecraftforge/event/entity/player/FillBucketEvent;
[22:05:56] [main/DEBUG]: Skipping Lnet/minecraftforge/event/entity/player/EntityItemPickupEvent;
[22:05:56] [main/DEBUG]: Skipping Lnet/minecraftforge/event/entity/player/CriticalHitEvent;
[22:05:56] [main/DEBUG]: Skipping Lnet/minecraftforge/event/entity/player/BonemealEvent;
[22:05:56] [main/DEBUG]: Skipping Lnet/minecraftforge/event/entity/player/AttackEntityEvent;
[22:05:56] [main/DEBUG]: Skipping Lnet/minecraftforge/event/entity/player/ArrowNockEvent;
[22:05:56] [main/DEBUG]: Skipping Lnet/minecraftforge/event/entity/player/ArrowLooseEvent;
[22:05:56] [main/DEBUG]: Skipping Lnet/minecraftforge/event/entity/player/AnvilRepairEvent;
[22:05:56] [main/DEBUG]: Skipping Lnet/minecraftforge/event/entity/player/AdvancementEvent;
[22:05:56] [main/DEBUG]: Skipping Lnet/minecraftforge/event/entity/player/AdvancementEvent$AdvancementProgressEvent;
[22:05:56] [main/DEBUG]: Skipping Lnet/minecraftforge/event/entity/player/AdvancementEvent$AdvancementProgressEvent$ProgressType;
[22:05:56] [main/DEBUG]: Skipping Lnet/minecraftforge/event/entity/player/AdvancementEvent$AdvancementEarnEvent;
[22:05:56] [main/DEBUG]: Skipping Lnet/minecraftforge/event/entity/living/ZombieEvent;
[22:05:56] [main/DEBUG]: Skipping Lnet/minecraftforge/event/entity/living/ZombieEvent$SummonAidEvent;
[22:05:56] [main/DEBUG]: Skipping Lnet/minecraftforge/event/entity/living/ShieldBlockEvent;
[22:05:56] [main/DEBUG]: Skipping Lnet/minecraftforge/event/entity/living/PotionColorCalculationEvent;
[22:05:56] [main/DEBUG]: Skipping Lnet/minecraftforge/event/entity/living/MobSpawnEvent;
[22:05:56] [main/DEBUG]: Skipping Lnet/minecraftforge/event/entity/living/MobSpawnEvent$SpawnPlacementCheck;
[22:05:56] [main/DEBUG]: Skipping Lnet/minecraftforge/event/entity/living/MobSpawnEvent$PositionCheck;
[22:05:56] [main/DEBUG]: Skipping Lnet/minecraftforge/event/entity/living/MobSpawnEvent$FinalizeSpawn;
[22:05:56] [main/DEBUG]: Skipping Lnet/minecraftforge/event/entity/living/MobSpawnEvent$AllowDespawn;
[22:05:56] [main/DEBUG]: Skipping Lnet/minecraftforge/event/entity/living/MobEffectEvent;
[22:05:56] [main/DEBUG]: Skipping Lnet/minecraftforge/event/entity/living/MobEffectEvent$Remove;
[22:05:56] [main/DEBUG]: Skipping Lnet/minecraftforge/event/entity/living/MobEffectEvent$Expired;
[22:05:56] [main/DEBUG]: Skipping Lnet/minecraftforge/event/entity/living/MobEffectEvent$Applicable;
[22:05:56] [main/DEBUG]: Skipping Lnet/minecraftforge/event/entity/living/MobEffectEvent$Added;
[22:05:56] [main/DEBUG]: Skipping Lnet/minecraftforge/event/entity/living/LootingLevelEvent;
[22:05:56] [main/DEBUG]: Skipping Lnet/minecraftforge/event/entity/living/LivingUseTotemEvent;
[22:05:56] [main/DEBUG]: Skipping Lnet/minecraftforge/event/entity/living/LivingSwapItemsEvent;
[22:05:56] [main/DEBUG]: Skipping Lnet/minecraftforge/event/entity/living/LivingSwapItemsEvent$Hands;
[22:05:56] [main/DEBUG]: Skipping Lnet/minecraftforge/event/entity/living/LivingPackSizeEvent;
[22:05:56] [main/DEBUG]: Skipping Lnet/minecraftforge/event/entity/living/LivingMakeBrainEvent;
[22:05:56] [main/DEBUG]: Skipping Lnet/minecraftforge/event/entity/living/LivingKnockBackEvent;
[22:05:56] [main/DEBUG]: Skipping Lnet/minecraftforge/event/entity/living/LivingHurtEvent;
[22:05:56] [main/DEBUG]: Skipping Lnet/minecraftforge/event/entity/living/LivingHealEvent;
[22:05:56] [main/DEBUG]: Skipping Lnet/minecraftforge/event/entity/living/LivingGetProjectileEvent;
[22:05:56] [main/DEBUG]: Skipping Lnet/minecraftforge/event/entity/living/LivingFallEvent;
[22:05:56] [main/DEBUG]: Skipping Lnet/minecraftforge/event/entity/living/LivingExperienceDropEvent;
[22:05:56] [main/DEBUG]: Skipping Lnet/minecraftforge/event/entity/living/LivingEvent;
[22:05:56] [main/DEBUG]: Skipping Lnet/minecraftforge/event/entity/living/LivingEvent$LivingVisibilityEvent;
[22:05:56] [main/DEBUG]: Skipping Lnet/minecraftforge/event/entity/living/LivingEvent$LivingTickEvent;
[22:05:56] [main/DEBUG]: Skipping Lnet/minecraftforge/event/entity/living/LivingEvent$LivingJumpEvent;
[22:05:56] [main/DEBUG]: Skipping Lnet/minecraftforge/event/entity/living/LivingEquipmentChangeEvent;
[22:05:56] [main/DEBUG]: Skipping Lnet/minecraftforge/event/entity/living/LivingEntityUseItemEvent;
[22:05:56] [main/DEBUG]: Skipping Lnet/minecraftforge/event/entity/living/LivingEntityUseItemEvent$Tick;
[22:05:56] [main/DEBUG]: Skipping Lnet/minecraftforge/event/entity/living/LivingEntityUseItemEvent$Stop;
[22:05:56] [main/DEBUG]: Skipping Lnet/minecraftforge/event/entity/living/LivingEntityUseItemEvent$Start;
[22:05:56] [main/DEBUG]: Skipping Lnet/minecraftforge/event/entity/living/LivingEntityUseItemEvent$Finish;
[22:05:56] [main/DEBUG]: Skipping Lnet/minecraftforge/event/entity/living/LivingDrownEvent;
[22:05:56] [main/DEBUG]: Skipping Lnet/minecraftforge/event/entity/living/LivingDropsEvent;
[22:05:56] [main/DEBUG]: Skipping Lnet/minecraftforge/event/entity/living/LivingDestroyBlockEvent;
[22:05:56] [main/DEBUG]: Skipping Lnet/minecraftforge/event/entity/living/LivingDeathEvent;
[22:05:56] [main/DEBUG]: Skipping Lnet/minecraftforge/event/entity/living/LivingDamageEvent;
[22:05:56] [main/DEBUG]: Skipping Lnet/minecraftforge/event/entity/living/LivingConversionEvent;
[22:05:56] [main/DEBUG]: Skipping Lnet/minecraftforge/event/entity/living/LivingConversionEvent$Pre;
[22:05:56] [main/DEBUG]: Skipping Lnet/minecraftforge/event/entity/living/LivingConversionEvent$Post;
[22:05:56] [main/DEBUG]: Skipping Lnet/minecraftforge/event/entity/living/LivingChangeTargetEvent;
[22:05:56] [main/DEBUG]: Skipping Lnet/minecraftforge/event/entity/living/LivingChangeTargetEvent$LivingTargetType;
[22:05:56] [main/DEBUG]: Skipping Lnet/minecraftforge/event/entity/living/LivingChangeTargetEvent$ILivingTargetType;
[22:05:56] [main/DEBUG]: Skipping Lnet/minecraftforge/event/entity/living/LivingBreatheEvent;
[22:05:56] [main/DEBUG]: Skipping Lnet/minecraftforge/event/entity/living/LivingAttackEvent;
[22:05:56] [main/DEBUG]: Skipping Lnet/minecraftforge/event/entity/living/EnderManAngerEvent;
[22:05:56] [main/DEBUG]: Skipping Lnet/minecraftforge/event/entity/living/BabyEntitySpawnEvent;
[22:05:56] [main/DEBUG]: Skipping Lnet/minecraftforge/event/entity/living/AnimalTameEvent;
[22:05:56] [main/DEBUG]: Skipping Lnet/minecraftforge/event/entity/item/ItemTossEvent;
[22:05:56] [main/DEBUG]: Skipping Lnet/minecraftforge/event/entity/item/ItemExpireEvent;
[22:05:56] [main/DEBUG]: Skipping Lnet/minecraftforge/event/entity/item/ItemEvent;
[22:05:56] [main/DEBUG]: Skipping Lnet/minecraftforge/event/entity/SpawnPlacementRegisterEvent;
[22:05:56] [main/DEBUG]: Skipping Lnet/minecraftforge/event/entity/SpawnPlacementRegisterEvent$Operation;
[22:05:56] [main/DEBUG]: Skipping Lnet/minecraftforge/event/entity/SpawnPlacementRegisterEvent$MergedSpawnPredicate;
[22:05:56] [main/DEBUG]: Skipping Lnet/minecraftforge/event/entity/ProjectileImpactEvent;
[22:05:56] [main/DEBUG]: Skipping Lnet/minecraftforge/event/entity/ProjectileImpactEvent$ImpactResult;
[22:05:56] [main/DEBUG]: Skipping Lnet/minecraftforge/event/entity/EntityTravelToDimensionEvent;
[22:05:56] [main/DEBUG]: Skipping Lnet/minecraftforge/event/entity/EntityTeleportEvent;
[22:05:56] [main/DEBUG]: Skipping Lnet/minecraftforge/event/entity/EntityTeleportEvent$TeleportCommand;
[22:05:56] [main/DEBUG]: Skipping Lnet/minecraftforge/event/entity/EntityTeleportEvent$SpreadPlayersCommand;
[22:05:56] [main/DEBUG]: Skipping Lnet/minecraftforge/event/entity/EntityTeleportEvent$EnderPearl;
[22:05:56] [main/DEBUG]: Skipping Lnet/minecraftforge/event/entity/EntityTeleportEvent$EnderEntity;
[22:05:56] [main/DEBUG]: Skipping Lnet/minecraftforge/event/entity/EntityTeleportEvent$ChorusFruit;
[22:05:56] [main/DEBUG]: Skipping Lnet/minecraftforge/event/entity/EntityStruckByLightningEvent;
[22:05:56] [main/DEBUG]: Skipping Lnet/minecraftforge/event/entity/EntityMountEvent;
[22:05:56] [main/DEBUG]: Skipping Lnet/minecraftforge/event/entity/EntityMobGriefingEvent;
[22:05:56] [main/DEBUG]: Skipping Lnet/minecraftforge/event/entity/EntityLeaveLevelEvent;
[22:05:56] [main/DEBUG]: Skipping Lnet/minecraftforge/event/entity/EntityJoinLevelEvent;
[22:05:56] [main/DEBUG]: Skipping Lnet/minecraftforge/event/entity/EntityEvent;
[22:05:56] [main/DEBUG]: Skipping Lnet/minecraftforge/event/entity/EntityEvent$Size;
[22:05:56] [main/DEBUG]: Skipping Lnet/minecraftforge/event/entity/EntityEvent$EyeHeight;
[22:05:56] [main/DEBUG]: Skipping Lnet/minecraftforge/event/entity/EntityEvent$EntityConstructing;
[22:05:56] [main/DEBUG]: Skipping Lnet/minecraftforge/event/entity/EntityEvent$EnteringSection;
[22:05:56] [main/DEBUG]: Skipping Lnet/minecraftforge/event/entity/EntityAttributeModificationEvent;
[22:05:56] [main/DEBUG]: Skipping Lnet/minecraftforge/event/entity/EntityAttributeCreationEvent;
[22:05:56] [main/DEBUG]: Skipping Lnet/minecraftforge/event/enchanting/EnchantmentLevelSetEvent;
[22:05:56] [main/DEBUG]: Skipping Lnet/minecraftforge/event/brewing/PotionBrewEvent;
[22:05:56] [main/DEBUG]: Skipping Lnet/minecraftforge/event/brewing/PotionBrewEvent$Pre;
[22:05:56] [main/DEBUG]: Skipping Lnet/minecraftforge/event/brewing/PotionBrewEvent$Post;
[22:05:56] [main/DEBUG]: Skipping Lnet/minecraftforge/event/brewing/PlayerBrewedPotionEvent;
[22:05:56] [main/DEBUG]: Skipping Lnet/minecraftforge/event/VanillaGameEvent;
[22:05:56] [main/DEBUG]: Skipping Lnet/minecraftforge/event/TickEvent;
[22:05:56] [main/DEBUG]: Skipping Lnet/minecraftforge/event/TickEvent$Type;
[22:05:56] [main/DEBUG]: Skipping Lnet/minecraftforge/event/TickEvent$ServerTickEvent;
[22:05:56] [main/DEBUG]: Skipping Lnet/minecraftforge/event/TickEvent$RenderTickEvent;
[22:05:56] [main/DEBUG]: Skipping Lnet/minecraftforge/event/TickEvent$PlayerTickEvent;
[22:05:56] [main/DEBUG]: Skipping Lnet/minecraftforge/event/TickEvent$Phase;
[22:05:56] [main/DEBUG]: Skipping Lnet/minecraftforge/event/TickEvent$LevelTickEvent;
[22:05:56] [main/DEBUG]: Skipping Lnet/minecraftforge/event/TickEvent$ClientTickEvent;
[22:05:56] [main/DEBUG]: Skipping Lnet/minecraftforge/event/TagsUpdatedEvent;
[22:05:56] [main/DEBUG]: Skipping Lnet/minecraftforge/event/TagsUpdatedEvent$UpdateCause;
[22:05:56] [main/DEBUG]: Skipping Lnet/minecraftforge/event/ServerChatEvent;
[22:05:56] [main/DEBUG]: Skipping Lnet/minecraftforge/event/RegisterStructureConversionsEvent;
[22:05:56] [main/DEBUG]: Skipping Lnet/minecraftforge/event/RegisterGameTestsEvent;
[22:05:56] [main/DEBUG]: Skipping Lnet/minecraftforge/event/RegisterCommandsEvent;
[22:05:56] [main/DEBUG]: Skipping Lnet/minecraftforge/event/PlayLevelSoundEvent;
[22:05:56] [main/DEBUG]: Skipping Lnet/minecraftforge/event/PlayLevelSoundEvent$AtPosition;
[22:05:56] [main/DEBUG]: Skipping Lnet/minecraftforge/event/PlayLevelSoundEvent$AtEntity;
[22:05:56] [main/DEBUG]: Skipping Lnet/minecraftforge/event/OnDatapackSyncEvent;
[22:05:56] [main/DEBUG]: Skipping Lnet/minecraftforge/event/ModMismatchEvent;
[22:05:56] [main/DEBUG]: Skipping Lnet/minecraftforge/event/ModMismatchEvent$MismatchedVersionInfo;
[22:05:56] [main/DEBUG]: Skipping Lnet/minecraftforge/event/ModMismatchEvent$MismatchResolutionResult;
[22:05:56] [main/DEBUG]: Skipping Lnet/minecraftforge/event/LootTableLoadEvent;
[22:05:56] [main/DEBUG]: Skipping Lnet/minecraftforge/event/ItemStackedOnOtherEvent;
[22:05:56] [main/DEBUG]: Skipping Lnet/minecraftforge/event/ItemAttributeModifierEvent;
[22:05:56] [main/DEBUG]: Skipping Lnet/minecraftforge/event/GrindstoneEvent;
[22:05:56] [main/DEBUG]: Skipping Lnet/minecraftforge/event/GrindstoneEvent$OnTakeItem;
[22:05:56] [main/DEBUG]: Skipping Lnet/minecraftforge/event/GrindstoneEvent$OnPlaceItem;
[22:05:56] [main/DEBUG]: Skipping Lnet/minecraftforge/event/GameShuttingDownEvent;
[22:05:56] [main/DEBUG]: Skipping Lnet/minecraftforge/event/ForgeEventFactory;
[22:05:56] [main/DEBUG]: Skipping Lnet/minecraftforge/event/DifficultyChangeEvent;
[22:05:56] [main/DEBUG]: Skipping Lnet/minecraftforge/event/CommandEvent;
[22:05:56] [main/DEBUG]: Skipping Lnet/minecraftforge/event/BuildCreativeModeTabContentsEvent;
[22:05:56] [main/DEBUG]: Skipping Lnet/minecraftforge/event/AttachCapabilitiesEvent;
[22:05:56] [main/DEBUG]: Skipping Lnet/minecraftforge/event/AnvilUpdateEvent;
[22:05:56] [main/DEBUG]: Skipping Lnet/minecraftforge/event/AddReloadListenerEvent;
[22:05:56] [main/DEBUG]: Skipping Lnet/minecraftforge/event/AddReloadListenerEvent$WrappedStateAwareListener;
[22:05:56] [main/DEBUG]: Skipping Lnet/minecraftforge/event/AddPackFindersEvent;
[22:05:56] [main/DEBUG]: Skipping Lnet/minecraftforge/entity/PartEntity;
[22:05:56] [main/DEBUG]: Skipping Lnet/minecraftforge/entity/IEntityAdditionalSpawnData;
[22:05:56] [main/DEBUG]: Skipping Lnet/minecraftforge/energy/IEnergyStorage;
[22:05:56] [main/DEBUG]: Skipping Lnet/minecraftforge/energy/EnergyStorage;
[22:05:56] [main/DEBUG]: Skipping Lnet/minecraftforge/energy/EmptyEnergyStorage;
[22:05:56] [main/DEBUG]: Skipping Lnet/minecraftforge/data/loading/DatagenModLoader;
[22:05:56] [main/DEBUG]: Skipping Lnet/minecraftforge/data/event/GatherDataEvent;
[22:05:56] [main/DEBUG]: Skipping Lnet/minecraftforge/data/event/GatherDataEvent$DataGeneratorConfig;
[22:05:56] [main/DEBUG]: Skipping Lnet/minecraftforge/common/world/StructureSettingsBuilder;
[22:05:56] [main/DEBUG]: Skipping Lnet/minecraftforge/common/world/StructureSettingsBuilder$StructureSpawnOverrideBuilder;
[22:05:56] [main/DEBUG]: Skipping Lnet/minecraftforge/common/world/StructureModifier;
[22:05:56] [main/DEBUG]: Skipping Lnet/minecraftforge/common/world/StructureModifier$Phase;
[22:05:56] [main/DEBUG]: Skipping Lnet/minecraftforge/common/world/PieceBeardifierModifier;
[22:05:56] [main/DEBUG]: Skipping Lnet/minecraftforge/common/world/NoneStructureModifier;
[22:05:56] [main/DEBUG]: Skipping Lnet/minecraftforge/common/world/NoneBiomeModifier;
[22:05:56] [main/DEBUG]: Skipping Lnet/minecraftforge/common/world/ModifiableStructureInfo;
[22:05:56] [main/DEBUG]: Skipping Lnet/minecraftforge/common/world/ModifiableStructureInfo$StructureInfo;
[22:05:56] [main/DEBUG]: Skipping Lnet/minecraftforge/common/world/ModifiableStructureInfo$StructureInfo$Builder;
[22:05:56] [main/DEBUG]: Skipping Lnet/minecraftforge/common/world/ModifiableBiomeInfo;
[22:05:56] [main/DEBUG]: Skipping Lnet/minecraftforge/common/world/ModifiableBiomeInfo$BiomeInfo;
[22:05:56] [main/DEBUG]: Skipping Lnet/minecraftforge/common/world/ModifiableBiomeInfo$BiomeInfo$Builder;
[22:05:56] [main/DEBUG]: Skipping Lnet/minecraftforge/common/world/MobSpawnSettingsBuilder;
[22:05:56] [main/DEBUG]: Skipping Lnet/minecraftforge/common/world/ForgeChunkManager;
[22:05:56] [main/DEBUG]: Skipping Lnet/minecraftforge/common/world/ForgeChunkManager$TicketTracker;
[22:05:56] [main/DEBUG]: Skipping Lnet/minecraftforge/common/world/ForgeChunkManager$TicketOwner;
[22:05:56] [main/DEBUG]: Skipping Lnet/minecraftforge/common/world/ForgeChunkManager$TicketHelper;
[22:05:56] [main/DEBUG]: Skipping Lnet/minecraftforge/common/world/ForgeChunkManager$LoadingValidationCallback;
[22:05:56] [main/DEBUG]: Skipping Lnet/minecraftforge/common/world/ForgeBiomeModifiers;
[22:05:56] [main/DEBUG]: Skipping Lnet/minecraftforge/common/world/ForgeBiomeModifiers$RemoveSpawnsBiomeModifier;
[22:05:56] [main/DEBUG]: Skipping Lnet/minecraftforge/common/world/ForgeBiomeModifiers$RemoveFeaturesBiomeModifier;
[22:05:56] [main/DEBUG]: Skipping Lnet/minecraftforge/common/world/ForgeBiomeModifiers$AddSpawnsBiomeModifier;
[22:05:56] [main/DEBUG]: Skipping Lnet/minecraftforge/common/world/ForgeBiomeModifiers$AddFeaturesBiomeModifier;
[22:05:56] [main/DEBUG]: Skipping Lnet/minecraftforge/common/world/ClimateSettingsBuilder;
[22:05:56] [main/DEBUG]: Skipping Lnet/minecraftforge/common/world/BiomeSpecialEffectsBuilder;
[22:05:56] [main/DEBUG]: Skipping Lnet/minecraftforge/common/world/BiomeModifier;
[22:05:56] [main/DEBUG]: Skipping Lnet/minecraftforge/common/world/BiomeModifier$Phase;
[22:05:56] [main/DEBUG]: Skipping Lnet/minecraftforge/common/world/BiomeGenerationSettingsBuilder;
[22:05:56] [main/DEBUG]: Skipping Lnet/minecraftforge/common/util/TriPredicate;
[22:05:56] [main/DEBUG]: Skipping Lnet/minecraftforge/common/util/TransformationHelper;
[22:05:56] [main/DEBUG]: Skipping Lnet/minecraftforge/common/util/TransformationHelper$TransformOrigin;
[22:05:56] [main/DEBUG]: Skipping Lnet/minecraftforge/common/util/TransformationHelper$Deserializer;
[22:05:56] [main/DEBUG]: Skipping Lnet/minecraftforge/common/util/TextTable;
[22:05:56] [main/DEBUG]: Skipping Lnet/minecraftforge/common/util/TextTable$Row;
[22:05:56] [main/DEBUG]: Skipping Lnet/minecraftforge/common/util/TextTable$Column;
[22:05:56] [main/DEBUG]: Skipping Lnet/minecraftforge/common/util/TextTable$Alignment;
[22:05:56] [main/DEBUG]: Skipping Lnet/minecraftforge/common/util/TextTable$1;
[22:05:56] [main/DEBUG]: Skipping Lnet/minecraftforge/common/util/TablePrinter;
[22:05:56] [main/DEBUG]: Skipping Lnet/minecraftforge/common/util/TablePrinter$Header;
[22:05:56] [main/DEBUG]: Skipping Lnet/minecraftforge/common/util/SortedProperties;
[22:05:56] [main/DEBUG]: Skipping Lnet/minecraftforge/common/util/Size2i;
[22:05:56] [main/DEBUG]: Skipping Lnet/minecraftforge/common/util/RecipeMatcher;
[22:05:56] [main/DEBUG]: Skipping Lnet/minecraftforge/common/util/NonNullSupplier;
[22:05:56] [main/DEBUG]: Skipping Lnet/minecraftforge/common/util/NonNullPredicate;
[22:05:56] [main/DEBUG]: Skipping Lnet/minecraftforge/common/util/NonNullLazy;
[22:05:56] [main/DEBUG]: Skipping Lnet/minecraftforge/common/util/NonNullFunction;
[22:05:56] [main/DEBUG]: Skipping Lnet/minecraftforge/common/util/NonNullConsumer;
[22:05:56] [main/DEBUG]: Skipping Lnet/minecraftforge/common/util/MutableHashedLinkedMap;
[22:05:56] [main/DEBUG]: Skipping Lnet/minecraftforge/common/util/MutableHashedLinkedMap$MergeFunction;
[22:05:56] [main/DEBUG]: Skipping Lnet/minecraftforge/common/util/MutableHashedLinkedMap$IdentityStrategy;
[22:05:56] [main/DEBUG]: Skipping Lnet/minecraftforge/common/util/MutableHashedLinkedMap$Entry;
[22:05:56] [main/DEBUG]: Skipping Lnet/minecraftforge/common/util/MutableHashedLinkedMap$BasicStrategy;
[22:05:56] [main/DEBUG]: Skipping Lnet/minecraftforge/common/util/MutableHashedLinkedMap$1;
[22:05:56] [main/DEBUG]: Skipping Lnet/minecraftforge/common/util/MavenVersionStringHelper;
[22:05:56] [main/DEBUG]: Skipping Lnet/minecraftforge/common/util/LogicalSidedProvider;
[22:05:56] [main/DEBUG]: Skipping Lnet/minecraftforge/common/util/LogMessageAdapter;
[22:05:56] [main/DEBUG]: Skipping Lnet/minecraftforge/common/util/LevelCapabilityData;
[22:05:56] [main/DEBUG]: Skipping Lnet/minecraftforge/common/util/LazyOptional;
[22:05:56] [main/DEBUG]: Skipping Lnet/minecraftforge/common/util/Lazy;
[22:05:56] [main/DEBUG]: Skipping Lnet/minecraftforge/common/util/Lazy$Fast;
[22:05:56] [main/DEBUG]: Skipping Lnet/minecraftforge/common/util/Lazy$Concurrent;
[22:05:56] [main/DEBUG]: Skipping Lnet/minecraftforge/common/util/JsonUtils;
[22:05:56] [main/DEBUG]: Skipping Lnet/minecraftforge/common/util/JsonUtils$ImmutableMapTypeAdapter;
[22:05:56] [main/DEBUG]: Skipping Lnet/minecraftforge/common/util/JsonUtils$ImmutableListTypeAdapter;
[22:05:56] [main/DEBUG]: Skipping Lnet/minecraftforge/common/util/JsonUtils$4;
[22:05:56] [main/DEBUG]: Skipping Lnet/minecraftforge/common/util/JsonUtils$3;
[22:05:56] [main/DEBUG]: Skipping Lnet/minecraftforge/common/util/JsonUtils$2;
[22:05:56] [main/DEBUG]: Skipping Lnet/minecraftforge/common/util/JsonUtils$1;
[22:05:56] [main/DEBUG]: Skipping Lnet/minecraftforge/common/util/ItemStackMap;
[22:05:56] [main/DEBUG]: Skipping Lnet/minecraftforge/common/util/ITeleporter;
[22:05:56] [main/DEBUG]: Skipping Lnet/minecraftforge/common/util/INBTSerializable;
[22:05:56] [main/DEBUG]: Skipping Lnet/minecraftforge/common/util/HexDumper;
[22:05:56] [main/DEBUG]: Skipping Lnet/minecraftforge/common/util/HexDumper$Instance;
[22:05:56] [main/DEBUG]: Skipping Lnet/minecraftforge/common/util/ForgeSoundType;
[22:05:56] [main/DEBUG]: Skipping Lnet/minecraftforge/common/util/FakePlayerFactory;
[22:05:56] [main/DEBUG]: Skipping Lnet/minecraftforge/common/util/FakePlayerFactory$FakePlayerKey;
[22:05:56] [main/DEBUG]: Skipping Lnet/minecraftforge/common/util/FakePlayer;
[22:05:56] [main/DEBUG]: Skipping Lnet/minecraftforge/common/util/FakePlayer$FakePlayerNetHandler;
[22:05:56] [main/DEBUG]: Skipping Lnet/minecraftforge/common/util/DummySavedData;
[22:05:56] [main/DEBUG]: Skipping Lnet/minecraftforge/common/util/ConcatenatedListView;
[22:05:56] [main/DEBUG]: Skipping Lnet/minecraftforge/common/util/CenterChunkPosComparator;
[22:05:56] [main/DEBUG]: Skipping Lnet/minecraftforge/common/util/BrainBuilder;
[22:05:56] [main/DEBUG]: Skipping Lnet/minecraftforge/common/util/BlockSnapshot;
[22:05:56] [main/DEBUG]: Skipping Lnet/minecraftforge/common/ticket/SimpleTicket;
[22:05:56] [main/DEBUG]: Skipping Lnet/minecraftforge/common/ticket/ITicketManager;
[22:05:56] [main/DEBUG]: Skipping Lnet/minecraftforge/common/ticket/ITicketGetter;
[22:05:56] [main/DEBUG]: Skipping Lnet/minecraftforge/common/ticket/ChunkTicketManager;
[22:05:56] [main/DEBUG]: Skipping Lnet/minecraftforge/common/ticket/AABBTicket;
[22:05:56] [main/DEBUG]: Skipping Lnet/minecraftforge/common/property/Properties;
[22:05:56] [main/DEBUG]: Skipping Lnet/minecraftforge/common/loot/LootTableIdCondition;
[22:05:56] [main/DEBUG]: Skipping Lnet/minecraftforge/common/loot/LootTableIdCondition$Serializer;
[22:05:56] [main/DEBUG]: Skipping Lnet/minecraftforge/common/loot/LootTableIdCondition$Builder;
[22:05:56] [main/DEBUG]: Skipping Lnet/minecraftforge/common/loot/LootModifierManager;
[22:05:56] [main/DEBUG]: Skipping Lnet/minecraftforge/common/loot/LootModifier;
[22:05:56] [main/DEBUG]: Skipping Lnet/minecraftforge/common/loot/IGlobalLootModifier;
[22:05:56] [main/DEBUG]: Skipping Lnet/minecraftforge/common/loot/CanToolPerformAction;
[22:05:56] [main/DEBUG]: Skipping Lnet/minecraftforge/common/loot/CanToolPerformAction$Serializer;
[22:05:56] [main/DEBUG]: Skipping Lnet/minecraftforge/common/extensions/IForgeTransformation;
[22:05:56] [main/DEBUG]: Skipping Lnet/minecraftforge/common/extensions/IForgeTagAppender;
[22:05:56] [main/DEBUG]: Skipping Lnet/minecraftforge/common/extensions/IForgeRecipeSerializer;
[22:05:56] [main/DEBUG]: Skipping Lnet/minecraftforge/common/extensions/IForgeRawTagBuilder;
[22:05:56] [main/DEBUG]: Skipping Lnet/minecraftforge/common/extensions/IForgePotion;
[22:05:56] [main/DEBUG]: Skipping Lnet/minecraftforge/common/extensions/IForgePlayer;
[22:05:56] [main/DEBUG]: Skipping Lnet/minecraftforge/common/extensions/IForgePackResources;
[22:05:56] [main/DEBUG]: Skipping Lnet/minecraftforge/common/extensions/IForgeMobEffectInstance;
[22:05:56] [main/DEBUG]: Skipping Lnet/minecraftforge/common/extensions/IForgeMobEffect;
[22:05:56] [main/DEBUG]: Skipping Lnet/minecraftforge/common/extensions/IForgeMenuType;
[22:05:56] [main/DEBUG]: Skipping Lnet/minecraftforge/common/extensions/IForgeLivingEntity;
[22:05:56] [main/DEBUG]: Skipping Lnet/minecraftforge/common/extensions/IForgeLevelSummary;
[22:05:56] [main/DEBUG]: Skipping Lnet/minecraftforge/common/extensions/IForgeLevelChunk;
[22:05:56] [main/DEBUG]: Skipping Lnet/minecraftforge/common/extensions/IForgeLevel;
[22:05:56] [main/DEBUG]: Skipping Lnet/minecraftforge/common/extensions/IForgeItemStack;
[22:05:56] [main/DEBUG]: Skipping Lnet/minecraftforge/common/extensions/IForgeItem;
[22:05:56] [main/DEBUG]: Skipping Lnet/minecraftforge/common/extensions/IForgeIntrinsicHolderTagAppender;
[22:05:56] [main/DEBUG]: Skipping Lnet/minecraftforge/common/extensions/IForgeHolderSet;
[22:05:56] [main/DEBUG]: Skipping Lnet/minecraftforge/common/extensions/IForgeHolderSet$SerializationType;
[22:05:56] [main/DEBUG]: Skipping Lnet/minecraftforge/common/extensions/IForgeFriendlyByteBuf;
[22:05:56] [main/DEBUG]: Skipping Lnet/minecraftforge/common/extensions/IForgeFluidState;
[22:05:56] [main/DEBUG]: Skipping Lnet/minecraftforge/common/extensions/IForgeFluid;
[22:05:56] [main/DEBUG]: Skipping Lnet/minecraftforge/common/extensions/IForgeEntity;
[22:05:56] [main/DEBUG]: Skipping Lnet/minecraftforge/common/extensions/IForgeEnchantment;
[22:05:56] [main/DEBUG]: Skipping Lnet/minecraftforge/common/extensions/IForgeDispensibleContainerItem;
[22:05:56] [main/DEBUG]: Skipping Lnet/minecraftforge/common/extensions/IForgeCommandSourceStack;
[22:05:56] [main/DEBUG]: Skipping Lnet/minecraftforge/common/extensions/IForgeBucketPickup;
[22:05:56] [main/DEBUG]: Skipping Lnet/minecraftforge/common/extensions/IForgeBoat;
[22:05:56] [main/DEBUG]: Skipping Lnet/minecraftforge/common/extensions/IForgeBlockState;
[22:05:56] [main/DEBUG]: Skipping Lnet/minecraftforge/common/extensions/IForgeBlockGetter;
[22:05:56] [main/DEBUG]: Skipping Lnet/minecraftforge/common/extensions/IForgeBlockEntity;
[22:05:56] [main/DEBUG]: Skipping Lnet/minecraftforge/common/extensions/IForgeBlock;
[22:05:56] [main/DEBUG]: Skipping Lnet/minecraftforge/common/extensions/IForgeBaseRailBlock;
[22:05:56] [main/DEBUG]: Skipping Lnet/minecraftforge/common/extensions/IForgeAdvancementBuilder;
[22:05:56] [main/DEBUG]: Skipping Lnet/minecraftforge/common/extensions/IForgeAbstractMinecart;
[22:05:56] [main/DEBUG]: Skipping Lnet/minecraftforge/common/data/package-info;
[22:05:56] [main/DEBUG]: Skipping Lnet/minecraftforge/common/data/VanillaSoundDefinitionsProvider;
[22:05:56] [main/DEBUG]: Skipping Lnet/minecraftforge/common/data/SpriteSourceProvider;
[22:05:56] [main/DEBUG]: Skipping Lnet/minecraftforge/common/data/SpriteSourceProvider$SourceList;
[22:05:56] [main/DEBUG]: Skipping Lnet/minecraftforge/common/data/SoundDefinitionsProvider;
[22:05:56] [main/DEBUG]: Skipping Lnet/minecraftforge/common/data/SoundDefinitionsProvider$1;
[22:05:56] [main/DEBUG]: Skipping Lnet/minecraftforge/common/data/SoundDefinition;
[22:05:56] [main/DEBUG]: Skipping Lnet/minecraftforge/common/data/SoundDefinition$SoundType;
[22:05:56] [main/DEBUG]: Skipping Lnet/minecraftforge/common/data/SoundDefinition$Sound;
[22:05:56] [main/DEBUG]: Skipping Lnet/minecraftforge/common/data/ParticleDescriptionProvider;
[22:05:56] [main/DEBUG]: Skipping Lnet/minecraftforge/common/data/ParticleDescriptionProvider$1;
[22:05:56] [main/DEBUG]: Skipping Lnet/minecraftforge/common/data/LanguageProvider;
[22:05:56] [main/DEBUG]: Skipping Lnet/minecraftforge/common/data/JsonCodecProvider;
[22:05:56] [main/DEBUG]: Skipping Lnet/minecraftforge/common/data/GlobalLootModifierProvider;
[22:05:56] [main/DEBUG]: Skipping Lnet/minecraftforge/common/data/ForgeSpriteSourceProvider;
[22:05:56] [main/DEBUG]: Skipping Lnet/minecraftforge/common/data/ForgeRecipeProvider;
[22:05:56] [main/DEBUG]: Skipping Lnet/minecraftforge/common/data/ForgeLootTableProvider;
[22:05:56] [main/DEBUG]: Skipping Lnet/minecraftforge/common/data/ForgeItemTagsProvider;
[22:05:56] [main/DEBUG]: Skipping Lnet/minecraftforge/common/data/ForgeFluidTagsProvider;
[22:05:56] [main/DEBUG]: Skipping Lnet/minecraftforge/common/data/ForgeEntityTypeTagsProvider;
[22:05:56] [main/DEBUG]: Skipping Lnet/minecraftforge/common/data/ForgeBlockTagsProvider;
[22:05:56] [main/DEBUG]: Skipping Lnet/minecraftforge/common/data/ForgeBiomeTagsProvider;
[22:05:56] [main/DEBUG]: Skipping Lnet/minecraftforge/common/data/ForgeAdvancementProvider;
[22:05:56] [main/DEBUG]: Skipping Lnet/minecraftforge/common/data/ForgeAdvancementProvider$AdvancementGenerator;
[22:05:56] [main/DEBUG]: Skipping Lnet/minecraftforge/common/data/ExistingFileHelper;
[22:05:56] [main/DEBUG]: Skipping Lnet/minecraftforge/common/data/ExistingFileHelper$ResourceType;
[22:05:56] [main/DEBUG]: Skipping Lnet/minecraftforge/common/data/ExistingFileHelper$IResourceType;
[22:05:56] [main/DEBUG]: Skipping Lnet/minecraftforge/common/data/DatapackBuiltinEntriesProvider;
[22:05:56] [main/DEBUG]: Skipping Lnet/minecraftforge/common/data/BlockTagsProvider;
[22:05:56] [main/DEBUG]: Skipping Lnet/minecraftforge/common/crafting/package-info;
[22:05:56] [main/DEBUG]: Skipping Lnet/minecraftforge/common/crafting/conditions/TrueCondition;
[22:05:56] [main/DEBUG]: Skipping Lnet/minecraftforge/common/crafting/conditions/TrueCondition$Serializer;
[22:05:56] [main/DEBUG]: Skipping Lnet/minecraftforge/common/crafting/conditions/TagEmptyCondition;
[22:05:56] [main/DEBUG]: Skipping Lnet/minecraftforge/common/crafting/conditions/TagEmptyCondition$Serializer;
[22:05:56] [main/DEBUG]: Skipping Lnet/minecraftforge/common/crafting/conditions/OrCondition;
[22:05:56] [main/DEBUG]: Skipping Lnet/minecraftforge/common/crafting/conditions/OrCondition$Serializer;
[22:05:56] [main/DEBUG]: Skipping Lnet/minecraftforge/common/crafting/conditions/NotCondition;
[22:05:56] [main/DEBUG]: Skipping Lnet/minecraftforge/common/crafting/conditions/NotCondition$Serializer;
[22:05:56] [main/DEBUG]: Skipping Lnet/minecraftforge/common/crafting/conditions/ModLoadedCondition;
[22:05:56] [main/DEBUG]: Skipping Lnet/minecraftforge/common/crafting/conditions/ModLoadedCondition$Serializer;
[22:05:56] [main/DEBUG]: Skipping Lnet/minecraftforge/common/crafting/conditions/ItemExistsCondition;
[22:05:56] [main/DEBUG]: Skipping Lnet/minecraftforge/common/crafting/conditions/ItemExistsCondition$Serializer;
[22:05:56] [main/DEBUG]: Skipping Lnet/minecraftforge/common/crafting/conditions/IConditionSerializer;
[22:05:56] [main/DEBUG]: Skipping Lnet/minecraftforge/common/crafting/conditions/IConditionBuilder;
[22:05:56] [main/DEBUG]: Skipping Lnet/minecraftforge/common/crafting/conditions/ICondition;
[22:05:56] [main/DEBUG]: Skipping Lnet/minecraftforge/common/crafting/conditions/ICondition$IContext;
[22:05:56] [main/DEBUG]: Skipping Lnet/minecraftforge/common/crafting/conditions/ICondition$IContext$2;
[22:05:56] [main/DEBUG]: Skipping Lnet/minecraftforge/common/crafting/conditions/ICondition$IContext$1;
[22:05:56] [main/DEBUG]: Skipping Lnet/minecraftforge/common/crafting/conditions/FalseCondition;
[22:05:56] [main/DEBUG]: Skipping Lnet/minecraftforge/common/crafting/conditions/FalseCondition$Serializer;
[22:05:56] [main/DEBUG]: Skipping Lnet/minecraftforge/common/crafting/conditions/ConditionContext;
[22:05:56] [main/DEBUG]: Skipping Lnet/minecraftforge/common/crafting/conditions/AndCondition;
[22:05:56] [main/DEBUG]: Skipping Lnet/minecraftforge/common/crafting/conditions/AndCondition$Serializer;
[22:05:56] [main/DEBUG]: Skipping Lnet/minecraftforge/common/crafting/VanillaIngredientSerializer;
[22:05:56] [main/DEBUG]: Skipping Lnet/minecraftforge/common/crafting/StrictNBTIngredient;
[22:05:56] [main/DEBUG]: Skipping Lnet/minecraftforge/common/crafting/StrictNBTIngredient$Serializer;
[22:05:56] [main/DEBUG]: Skipping Lnet/minecraftforge/common/crafting/PartialNBTIngredient;
[22:05:56] [main/DEBUG]: Skipping Lnet/minecraftforge/common/crafting/PartialNBTIngredient$Serializer;
[22:05:56] [main/DEBUG]: Skipping Lnet/minecraftforge/common/crafting/MultiItemValue;
[22:05:56] [main/DEBUG]: Skipping Lnet/minecraftforge/common/crafting/IntersectionIngredient;
[22:05:56] [main/DEBUG]: Skipping Lnet/minecraftforge/common/crafting/IntersectionIngredient$Serializer;
[22:05:56] [main/DEBUG]: Skipping Lnet/minecraftforge/common/crafting/IShapedRecipe;
[22:05:56] [main/DEBUG]: Skipping Lnet/minecraftforge/common/crafting/IRecipeContainer;
[22:05:56] [main/DEBUG]: Skipping Lnet/minecraftforge/common/crafting/IIngredientSerializer;
[22:05:56] [main/DEBUG]: Skipping Lnet/minecraftforge/common/crafting/DifferenceIngredient;
[22:05:56] [main/DEBUG]: Skipping Lnet/minecraftforge/common/crafting/DifferenceIngredient$Serializer;
[22:05:56] [main/DEBUG]: Skipping Lnet/minecraftforge/common/crafting/CraftingHelper;
[22:05:56] [main/DEBUG]: Skipping Lnet/minecraftforge/common/crafting/ConditionalRecipe;
[22:05:56] [main/DEBUG]: Skipping Lnet/minecraftforge/common/crafting/ConditionalRecipe$Serializer;
[22:05:56] [main/DEBUG]: Skipping Lnet/minecraftforge/common/crafting/ConditionalRecipe$Finished;
[22:05:56] [main/DEBUG]: Skipping Lnet/minecraftforge/common/crafting/ConditionalRecipe$Builder;
[22:05:56] [main/DEBUG]: Skipping Lnet/minecraftforge/common/crafting/ConditionalAdvancement;
[22:05:56] [main/DEBUG]: Skipping Lnet/minecraftforge/common/crafting/ConditionalAdvancement$Builder;
[22:05:56] [main/DEBUG]: Skipping Lnet/minecraftforge/common/crafting/CompoundIngredient;
[22:05:56] [main/DEBUG]: Skipping Lnet/minecraftforge/common/crafting/CompoundIngredient$Serializer;
[22:05:56] [main/DEBUG]: Skipping Lnet/minecraftforge/common/crafting/AbstractIngredient;
[22:05:56] [main/DEBUG]: Skipping Lnet/minecraftforge/common/command/IEntitySelectorType;
[22:05:56] [main/DEBUG]: Skipping Lnet/minecraftforge/common/command/EntitySelectorManager;
[22:05:56] [main/DEBUG]: Skipping Lnet/minecraftforge/common/capabilities/RegisterCapabilitiesEvent;
[22:05:56] [main/DEBUG]: Skipping Lnet/minecraftforge/common/capabilities/ICapabilitySerializable;
[22:05:56] [main/DEBUG]: Skipping Lnet/minecraftforge/common/capabilities/ICapabilityProviderImpl;
[22:05:56] [main/DEBUG]: Skipping Lnet/minecraftforge/common/capabilities/ICapabilityProvider;
[22:05:56] [main/DEBUG]: Skipping Lnet/minecraftforge/common/capabilities/ForgeCapabilities;
[22:05:56] [main/DEBUG]: Skipping Lnet/minecraftforge/common/capabilities/ForgeCapabilities$4;
[22:05:56] [main/DEBUG]: Skipping Lnet/minecraftforge/common/capabilities/ForgeCapabilities$3;
[22:05:56] [main/DEBUG]: Skipping Lnet/minecraftforge/common/capabilities/ForgeCapabilities$2;
[22:05:56] [main/DEBUG]: Skipping Lnet/minecraftforge/common/capabilities/ForgeCapabilities$1;
[22:05:56] [main/DEBUG]: Skipping Lnet/minecraftforge/common/capabilities/CapabilityToken;
[22:05:56] [main/DEBUG]: Skipping Lnet/minecraftforge/common/capabilities/CapabilityProvider;
[22:05:56] [main/DEBUG]: Skipping Lnet/minecraftforge/common/capabilities/CapabilityProvider$AsField;
[22:05:56] [main/DEBUG]: Skipping Lnet/minecraftforge/common/capabilities/CapabilityManager;
[22:05:56] [main/DEBUG]: Skipping Lnet/minecraftforge/common/capabilities/CapabilityDispatcher;
[22:05:56] [main/DEBUG]: Skipping Lnet/minecraftforge/common/capabilities/Capability;
[22:05:56] [main/DEBUG]: Skipping Lnet/minecraftforge/common/capabilities/AutoRegisterCapability;
[22:05:56] [main/DEBUG]: Skipping Lnet/minecraftforge/common/brewing/package-info;
[22:05:56] [main/DEBUG]: Skipping Lnet/minecraftforge/common/brewing/VanillaBrewingRecipe;
[22:05:56] [main/DEBUG]: Skipping Lnet/minecraftforge/common/brewing/IBrewingRecipe;
[22:05:56] [main/DEBUG]: Skipping Lnet/minecraftforge/common/brewing/BrewingRecipeRegistry;
[22:05:56] [main/DEBUG]: Skipping Lnet/minecraftforge/common/brewing/BrewingRecipe;
[22:05:56] [main/DEBUG]: Skipping Lnet/minecraftforge/common/WorldWorkerManager;
[22:05:56] [main/DEBUG]: Skipping Lnet/minecraftforge/common/WorldWorkerManager$IWorker;
[22:05:56] [main/DEBUG]: Skipping Lnet/minecraftforge/common/VillagerTradingManager;
[22:05:56] [main/DEBUG]: Skipping Lnet/minecraftforge/common/UsernameCache;
[22:05:56] [main/DEBUG]: Skipping Lnet/minecraftforge/common/UsernameCache$SaveThread;
[22:05:56] [main/DEBUG]: Skipping Lnet/minecraftforge/common/UsernameCache$1;
[22:05:56] [main/DEBUG]: Skipping Lnet/minecraftforge/common/ToolActions;
[22:05:56] [main/DEBUG]: Skipping Lnet/minecraftforge/common/ToolAction;
[22:05:56] [main/DEBUG]: Skipping Lnet/minecraftforge/common/TierSortingRegistry;
[22:05:56] [main/DEBUG]: Skipping Lnet/minecraftforge/common/TierSortingRegistry$SyncPacket;
[22:05:56] [main/DEBUG]: Skipping Lnet/minecraftforge/common/TierSortingRegistry$ClientEvents;
[22:05:56] [main/DEBUG]: Skipping Lnet/minecraftforge/common/TierSortingRegistry$1;
[22:05:56] [main/DEBUG]: Skipping Lnet/minecraftforge/common/Tags;
[22:05:56] [main/DEBUG]: Skipping Lnet/minecraftforge/common/Tags$Items;
[22:05:56] [main/DEBUG]: Skipping Lnet/minecraftforge/common/Tags$Fluids;
[22:05:56] [main/DEBUG]: Skipping Lnet/minecraftforge/common/Tags$EntityTypes;
[22:05:56] [main/DEBUG]: Skipping Lnet/minecraftforge/common/Tags$Blocks;
[22:05:56] [main/DEBUG]: Skipping Lnet/minecraftforge/common/Tags$Biomes;
[22:05:56] [main/DEBUG]: Skipping Lnet/minecraftforge/common/SoundActions;
[22:05:56] [main/DEBUG]: Skipping Lnet/minecraftforge/common/SoundAction;
[22:05:56] [main/DEBUG]: Skipping Lnet/minecraftforge/common/PlantType;
[22:05:56] [main/DEBUG]: Skipping Lnet/minecraftforge/common/MinecraftForge;
[22:05:56] [main/DEBUG]: Skipping Lnet/minecraftforge/common/LenientUnboundedMapCodec;
[22:05:56] [main/DEBUG]: Skipping Lnet/minecraftforge/common/IPlantable;
[22:05:56] [main/DEBUG]: Skipping Lnet/minecraftforge/common/IMinecartCollisionHandler;
[22:05:56] [main/DEBUG]: Skipping Lnet/minecraftforge/common/IForgeShearable;
[22:05:56] [main/DEBUG]: Skipping Lnet/minecraftforge/common/IExtensibleEnum;
[22:05:56] [main/DEBUG]: Skipping Lnet/minecraftforge/common/ForgeTier;
[22:05:56] [main/DEBUG]: Skipping Lnet/minecraftforge/common/ForgeStatesProvider;
[22:05:56] [main/DEBUG]: Skipping Lnet/minecraftforge/common/ForgeSpawnEggItem;
[22:05:56] [main/DEBUG]: Skipping Lnet/minecraftforge/common/ForgeSpawnEggItem$CommonHandler;
[22:05:56] [main/DEBUG]: Skipping Lnet/minecraftforge/common/ForgeSpawnEggItem$ColorRegisterHandler;
[22:05:56] [main/DEBUG]: Skipping Lnet/minecraftforge/common/ForgeMod;
[22:05:56] [main/DEBUG]: Skipping Lnet/minecraftforge/common/ForgeMod$4;
[22:05:56] [main/DEBUG]: Skipping Lnet/minecraftforge/common/ForgeMod$4$1;
[22:05:56] [main/DEBUG]: Skipping Lnet/minecraftforge/common/ForgeMod$3;
[22:05:56] [main/DEBUG]: Skipping Lnet/minecraftforge/common/ForgeMod$3$1;
[22:05:56] [main/DEBUG]: Skipping Lnet/minecraftforge/common/ForgeMod$2;
[22:05:56] [main/DEBUG]: Skipping Lnet/minecraftforge/common/ForgeMod$2$1;
[22:05:56] [main/DEBUG]: Skipping Lnet/minecraftforge/common/ForgeMod$1;
[22:05:56] [main/DEBUG]: Skipping Lnet/minecraftforge/common/ForgeInternalHandler;
[22:05:56] [main/DEBUG]: Skipping Lnet/minecraftforge/common/ForgeI18n;
[22:05:56] [main/DEBUG]: Skipping Lnet/minecraftforge/common/ForgeI18n$CustomReadOnlyFormat;
[22:05:56] [main/DEBUG]: Skipping Lnet/minecraftforge/common/ForgeHooks;
[22:05:56] [main/DEBUG]: Skipping Lnet/minecraftforge/common/ForgeHooks$LootTableContext;
[22:05:56] [main/DEBUG]: Skipping Lnet/minecraftforge/common/ForgeHooks$BiomeCallbackFunction;
[22:05:56] [main/DEBUG]: Skipping Lnet/minecraftforge/common/ForgeHooks$2;
[22:05:56] [main/DEBUG]: Skipping Lnet/minecraftforge/common/ForgeHooks$1;
[22:05:56] [main/DEBUG]: Skipping Lnet/minecraftforge/common/ForgeConfigSpec;
[22:05:56] [main/DEBUG]: Skipping Lnet/minecraftforge/common/ForgeConfigSpec$ValueSpec;
[22:05:56] [main/DEBUG]: Skipping Lnet/minecraftforge/common/ForgeConfigSpec$Range;
[22:05:56] [main/DEBUG]: Skipping Lnet/minecraftforge/common/ForgeConfigSpec$LongValue;
[22:05:56] [main/DEBUG]: Skipping Lnet/minecraftforge/common/ForgeConfigSpec$IntValue;
[22:05:56] [main/DEBUG]: Skipping Lnet/minecraftforge/common/ForgeConfigSpec$EnumValue;
[22:05:56] [main/DEBUG]: Skipping Lnet/minecraftforge/common/ForgeConfigSpec$DoubleValue;
[22:05:56] [main/DEBUG]: Skipping Lnet/minecraftforge/common/ForgeConfigSpec$ConfigValue;
[22:05:56] [main/DEBUG]: Skipping Lnet/minecraftforge/common/ForgeConfigSpec$BuilderContext;
[22:05:56] [main/DEBUG]: Skipping Lnet/minecraftforge/common/ForgeConfigSpec$Builder;
[22:05:56] [main/DEBUG]: Skipping Lnet/minecraftforge/common/ForgeConfigSpec$Builder$BuilderConsumer;
[22:05:56] [main/DEBUG]: Skipping Lnet/minecraftforge/common/ForgeConfigSpec$Builder$2;
[22:05:56] [main/DEBUG]: Skipping Lnet/minecraftforge/common/ForgeConfigSpec$Builder$1;
[22:05:56] [main/DEBUG]: Skipping Lnet/minecraftforge/common/ForgeConfigSpec$BooleanValue;
[22:05:56] [main/DEBUG]: Skipping Lnet/minecraftforge/common/ForgeConfig;
[22:05:56] [main/DEBUG]: Skipping Lnet/minecraftforge/common/ForgeConfig$Server;
[22:05:56] [main/DEBUG]: Skipping Lnet/minecraftforge/common/ForgeConfig$Common;
[22:05:56] [main/DEBUG]: Skipping Lnet/minecraftforge/common/ForgeConfig$Client;
[22:05:56] [main/DEBUG]: Skipping Lnet/minecraftforge/common/FarmlandWaterManager;
[22:05:56] [main/DEBUG]: Skipping Lnet/minecraftforge/common/DungeonHooks;
[22:05:56] [main/DEBUG]: Skipping Lnet/minecraftforge/common/DungeonHooks$DungeonMob;
[22:05:56] [main/DEBUG]: Skipping Lnet/minecraftforge/common/CreativeModeTabRegistry;
[22:05:56] [main/DEBUG]: Skipping Lnet/minecraftforge/common/CreativeModeTabRegistry$1;
[22:05:56] [main/DEBUG]: Skipping Lnet/minecraftforge/common/BiomeManager;
[22:05:56] [main/DEBUG]: Skipping Lnet/minecraftforge/common/BiomeManager$TrackedList;
[22:05:56] [main/DEBUG]: Skipping Lnet/minecraftforge/common/BiomeManager$BiomeType;
[22:05:56] [main/DEBUG]: Skipping Lnet/minecraftforge/common/BiomeManager$BiomeEntry;
[22:05:56] [main/DEBUG]: Skipping Lnet/minecraftforge/common/BasicItemListing;
[22:05:56] [main/DEBUG]: Skipping Lnet/minecraftforge/client/textures/UnitTextureAtlasSprite;
[22:05:56] [main/DEBUG]: Skipping Lnet/minecraftforge/client/textures/TextureAtlasSpriteLoaderManager;
[22:05:56] [main/DEBUG]: Skipping Lnet/minecraftforge/client/textures/ITextureAtlasSpriteLoader;
[22:05:56] [main/DEBUG]: Skipping Lnet/minecraftforge/client/textures/ForgeTextureMetadata;
[22:05:56] [main/DEBUG]: Skipping Lnet/minecraftforge/client/textures/ForgeTextureMetadata$Serializer;
[22:05:56] [main/DEBUG]: Skipping Lnet/minecraftforge/client/settings/KeyModifier;
[22:05:56] [main/DEBUG]: Skipping Lnet/minecraftforge/client/settings/KeyModifier$4;
[22:05:56] [main/DEBUG]: Skipping Lnet/minecraftforge/client/settings/KeyModifier$3;
[22:05:56] [main/DEBUG]: Skipping Lnet/minecraftforge/client/settings/KeyModifier$2;
[22:05:56] [main/DEBUG]: Skipping Lnet/minecraftforge/client/settings/KeyModifier$1;
[22:05:56] [main/DEBUG]: Skipping Lnet/minecraftforge/client/settings/KeyMappingLookup;
[22:05:56] [main/DEBUG]: Skipping Lnet/minecraftforge/client/settings/KeyConflictContext;
[22:05:56] [main/DEBUG]: Skipping Lnet/minecraftforge/client/settings/KeyConflictContext$3;
[22:05:56] [main/DEBUG]: Skipping Lnet/minecraftforge/client/settings/KeyConflictContext$2;
[22:05:56] [main/DEBUG]: Skipping Lnet/minecraftforge/client/settings/KeyConflictContext$1;
[22:05:56] [main/DEBUG]: Skipping Lnet/minecraftforge/client/settings/IKeyConflictContext;
[22:05:56] [main/DEBUG]: Skipping Lnet/minecraftforge/client/model/renderable/ITextureRenderTypeLookup;
[22:05:56] [main/DEBUG]: Skipping Lnet/minecraftforge/client/model/renderable/IRenderable;
[22:05:56] [main/DEBUG]: Skipping Lnet/minecraftforge/client/model/renderable/CompositeRenderable;
[22:05:56] [main/DEBUG]: Skipping Lnet/minecraftforge/client/model/renderable/CompositeRenderable$Transforms;
[22:05:56] [main/DEBUG]: Skipping Lnet/minecraftforge/client/model/renderable/CompositeRenderable$PartBuilder;
[22:05:56] [main/DEBUG]: Skipping Lnet/minecraftforge/client/model/renderable/CompositeRenderable$Mesh;
[22:05:56] [main/DEBUG]: Skipping Lnet/minecraftforge/client/model/renderable/CompositeRenderable$Component;
[22:05:56] [main/DEBUG]: Skipping Lnet/minecraftforge/client/model/renderable/CompositeRenderable$Builder;
[22:05:56] [main/DEBUG]: Skipping Lnet/minecraftforge/client/model/renderable/BakedModelRenderable;
[22:05:56] [main/DEBUG]: Skipping Lnet/minecraftforge/client/model/renderable/BakedModelRenderable$Context;
[22:05:56] [main/DEBUG]: Skipping Lnet/minecraftforge/client/model/pipeline/package-info;
[22:05:56] [main/DEBUG]: Skipping Lnet/minecraftforge/client/model/pipeline/VertexConsumerWrapper;
[22:05:56] [main/DEBUG]: Skipping Lnet/minecraftforge/client/model/pipeline/TransformingVertexPipeline;
[22:05:56] [main/DEBUG]: Skipping Lnet/minecraftforge/client/model/pipeline/RemappingVertexPipeline;
[22:05:56] [main/DEBUG]: Skipping Lnet/minecraftforge/client/model/pipeline/QuadBakingVertexConsumer;
[22:05:56] [main/DEBUG]: Skipping Lnet/minecraftforge/client/model/pipeline/QuadBakingVertexConsumer$Buffered;
[22:05:56] [main/DEBUG]: Skipping Lnet/minecraftforge/client/model/package-info;
[22:05:56] [main/DEBUG]: Skipping Lnet/minecraftforge/client/model/obj/package-info;
[22:05:56] [main/DEBUG]: Skipping Lnet/minecraftforge/client/model/obj/ObjTokenizer;
[22:05:56] [main/DEBUG]: Skipping Lnet/minecraftforge/client/model/obj/ObjModel;
[22:05:56] [main/DEBUG]: Skipping Lnet/minecraftforge/client/model/obj/ObjModel$ModelSettings;
[22:05:56] [main/DEBUG]: Skipping Lnet/minecraftforge/client/model/obj/ObjModel$ModelObject;
[22:05:56] [main/DEBUG]: Skipping Lnet/minecraftforge/client/model/obj/ObjModel$ModelMesh;
[22:05:56] [main/DEBUG]: Skipping Lnet/minecraftforge/client/model/obj/ObjModel$ModelGroup;
[22:05:56] [main/DEBUG]: Skipping Lnet/minecraftforge/client/model/obj/ObjMaterialLibrary;
[22:05:56] [main/DEBUG]: Skipping Lnet/minecraftforge/client/model/obj/ObjMaterialLibrary$Material;
[22:05:56] [main/DEBUG]: Skipping Lnet/minecraftforge/client/model/obj/ObjLoader;
[22:05:56] [main/DEBUG]: Skipping Lnet/minecraftforge/client/model/lighting/SmoothQuadLighter;
[22:05:56] [main/DEBUG]: Skipping Lnet/minecraftforge/client/model/lighting/QuadLighter;
[22:05:56] [main/DEBUG]: Skipping Lnet/minecraftforge/client/model/lighting/ForgeModelBlockRenderer;
[22:05:56] [main/DEBUG]: Skipping Lnet/minecraftforge/client/model/lighting/FlatQuadLighter;
[22:05:56] [main/DEBUG]: Skipping Lnet/minecraftforge/client/model/geometry/UnbakedGeometryHelper;
[22:05:56] [main/DEBUG]: Skipping Lnet/minecraftforge/client/model/geometry/StandaloneGeometryBakingContext;
[22:05:56] [main/DEBUG]: Skipping Lnet/minecraftforge/client/model/geometry/StandaloneGeometryBakingContext$Builder;
[22:05:56] [main/DEBUG]: Skipping Lnet/minecraftforge/client/model/geometry/SimpleUnbakedGeometry;
[22:05:56] [main/DEBUG]: Skipping Lnet/minecraftforge/client/model/geometry/IUnbakedGeometry;
[22:05:56] [main/DEBUG]: Skipping Lnet/minecraftforge/client/model/geometry/IGeometryLoader;
[22:05:56] [main/DEBUG]: Skipping Lnet/minecraftforge/client/model/geometry/IGeometryBakingContext;
[22:05:56] [main/DEBUG]: Skipping Lnet/minecraftforge/client/model/geometry/GeometryLoaderManager;
[22:05:56] [main/DEBUG]: Skipping Lnet/minecraftforge/client/model/geometry/BlockGeometryBakingContext;
[22:05:56] [main/DEBUG]: Skipping Lnet/minecraftforge/client/model/geometry/BlockGeometryBakingContext$VisibilityData;
[22:05:56] [main/DEBUG]: Skipping Lnet/minecraftforge/client/model/generators/loaders/SeparateTransformsModelBuilder;
[22:05:56] [main/DEBUG]: Skipping Lnet/minecraftforge/client/model/generators/loaders/ObjModelBuilder;
[22:05:56] [main/DEBUG]: Skipping Lnet/minecraftforge/client/model/generators/loaders/ItemLayerModelBuilder;
[22:05:56] [main/DEBUG]: Skipping Lnet/minecraftforge/client/model/generators/loaders/DynamicFluidContainerModelBuilder;
[22:05:56] [main/DEBUG]: Skipping Lnet/minecraftforge/client/model/generators/loaders/CompositeModelBuilder;
[22:05:56] [main/DEBUG]: Skipping Lnet/minecraftforge/client/model/generators/VariantBlockStateBuilder;
[22:05:56] [main/DEBUG]: Skipping Lnet/minecraftforge/client/model/generators/VariantBlockStateBuilder$PartialBlockstate;
[22:05:56] [main/DEBUG]: Skipping Lnet/minecraftforge/client/model/generators/MultiPartBlockStateBuilder;
[22:05:56] [main/DEBUG]: Skipping Lnet/minecraftforge/client/model/generators/MultiPartBlockStateBuilder$PartBuilder;
[22:05:56] [main/DEBUG]: Skipping Lnet/minecraftforge/client/model/generators/MultiPartBlockStateBuilder$PartBuilder$ConditionGroup;
[22:05:56] [main/DEBUG]: Skipping Lnet/minecraftforge/client/model/generators/ModelProvider;
[22:05:56] [main/DEBUG]: Skipping Lnet/minecraftforge/client/model/generators/ModelFile;
[22:05:56] [main/DEBUG]: Skipping Lnet/minecraftforge/client/model/generators/ModelFile$UncheckedModelFile;
[22:05:56] [main/DEBUG]: Skipping Lnet/minecraftforge/client/model/generators/ModelFile$ExistingModelFile;
[22:05:56] [main/DEBUG]: Skipping Lnet/minecraftforge/client/model/generators/ModelBuilder;
[22:05:56] [main/DEBUG]: Skipping Lnet/minecraftforge/client/model/generators/ModelBuilder$TransformsBuilder;
[22:05:56] [main/DEBUG]: Skipping Lnet/minecraftforge/client/model/generators/ModelBuilder$TransformsBuilder$TransformVecBuilder;
[22:05:56] [main/DEBUG]: Skipping Lnet/minecraftforge/client/model/generators/ModelBuilder$RootTransformsBuilder;
[22:05:56] [main/DEBUG]: Skipping Lnet/minecraftforge/client/model/generators/ModelBuilder$FaceRotation;
[22:05:56] [main/DEBUG]: Skipping Lnet/minecraftforge/client/model/generators/ModelBuilder$ElementBuilder;
[22:05:56] [main/DEBUG]: Skipping Lnet/minecraftforge/client/model/generators/ModelBuilder$ElementBuilder$RotationBuilder;
[22:05:56] [main/DEBUG]: Skipping Lnet/minecraftforge/client/model/generators/ModelBuilder$ElementBuilder$FaceBuilder;
[22:05:56] [main/DEBUG]: Skipping Lnet/minecraftforge/client/model/generators/ItemModelProvider;
[22:05:56] [main/DEBUG]: Skipping Lnet/minecraftforge/client/model/generators/ItemModelBuilder;
[22:05:56] [main/DEBUG]: Skipping Lnet/minecraftforge/client/model/generators/ItemModelBuilder$OverrideBuilder;
[22:05:56] [main/DEBUG]: Skipping Lnet/minecraftforge/client/model/generators/IGeneratedBlockState;
[22:05:56] [main/DEBUG]: Skipping Lnet/minecraftforge/client/model/generators/CustomLoaderBuilder;
[22:05:56] [main/DEBUG]: Skipping Lnet/minecraftforge/client/model/generators/ConfiguredModel;
[22:05:56] [main/DEBUG]: Skipping Lnet/minecraftforge/client/model/generators/ConfiguredModel$Builder;
[22:05:56] [main/DEBUG]: Skipping Lnet/minecraftforge/client/model/generators/BlockStateProvider;
[22:05:56] [main/DEBUG]: Skipping Lnet/minecraftforge/client/model/generators/BlockStateProvider$ConfiguredModelList;
[22:05:56] [main/DEBUG]: Skipping Lnet/minecraftforge/client/model/generators/BlockStateProvider$2;
[22:05:56] [main/DEBUG]: Skipping Lnet/minecraftforge/client/model/generators/BlockStateProvider$1;
[22:05:56] [main/DEBUG]: Skipping Lnet/minecraftforge/client/model/generators/BlockModelProvider;
[22:05:56] [main/DEBUG]: Skipping Lnet/minecraftforge/client/model/generators/BlockModelBuilder;
[22:05:56] [main/DEBUG]: Skipping Lnet/minecraftforge/client/model/data/MultipartModelData;
[22:05:56] [main/DEBUG]: Skipping Lnet/minecraftforge/client/model/data/MultipartModelData$Builder;
[22:05:56] [main/DEBUG]: Skipping Lnet/minecraftforge/client/model/data/ModelProperty;
[22:05:56] [main/DEBUG]: Skipping Lnet/minecraftforge/client/model/data/ModelDataManager;
[22:05:56] [main/DEBUG]: Skipping Lnet/minecraftforge/client/model/data/ModelData;
[22:05:56] [main/DEBUG]: Skipping Lnet/minecraftforge/client/model/data/ModelData$Builder;
[22:05:56] [main/DEBUG]: Skipping Lnet/minecraftforge/client/model/SimpleModelState;
[22:05:56] [main/DEBUG]: Skipping Lnet/minecraftforge/client/model/SeparateTransformsModel;
[22:05:56] [main/DEBUG]: Skipping Lnet/minecraftforge/client/model/SeparateTransformsModel$Loader;
[22:05:56] [main/DEBUG]: Skipping Lnet/minecraftforge/client/model/SeparateTransformsModel$Baked;
[22:05:56] [main/DEBUG]: Skipping Lnet/minecraftforge/client/model/QuadTransformers;
[22:05:56] [main/DEBUG]: Skipping Lnet/minecraftforge/client/model/ItemLayerModel;
[22:05:56] [main/DEBUG]: Skipping Lnet/minecraftforge/client/model/ItemLayerModel$Loader;
[22:05:56] [main/DEBUG]: Skipping Lnet/minecraftforge/client/model/IQuadTransformer;
[22:05:56] [main/DEBUG]: Skipping Lnet/minecraftforge/client/model/IModelBuilder;
[22:05:56] [main/DEBUG]: Skipping Lnet/minecraftforge/client/model/IModelBuilder$Simple;
[22:05:56] [main/DEBUG]: Skipping Lnet/minecraftforge/client/model/IModelBuilder$Collecting;
[22:05:56] [main/DEBUG]: Skipping Lnet/minecraftforge/client/model/IDynamicBakedModel;
[22:05:56] [main/DEBUG]: Skipping Lnet/minecraftforge/client/model/ForgeItemModelShaper;
[22:05:56] [main/DEBUG]: Skipping Lnet/minecraftforge/client/model/ForgeFaceData;
[22:05:56] [main/DEBUG]: Skipping Lnet/minecraftforge/client/model/ExtendedBlockModelDeserializer;
[22:05:56] [main/DEBUG]: Skipping Lnet/minecraftforge/client/model/EmptyModel;
[22:05:56] [main/DEBUG]: Skipping Lnet/minecraftforge/client/model/EmptyModel$Baked;
[22:05:56] [main/DEBUG]: Skipping Lnet/minecraftforge/client/model/ElementsModel;
[22:05:56] [main/DEBUG]: Skipping Lnet/minecraftforge/client/model/ElementsModel$Loader;
[22:05:56] [main/DEBUG]: Skipping Lnet/minecraftforge/client/model/DynamicFluidContainerModel;
[22:05:56] [main/DEBUG]: Skipping Lnet/minecraftforge/client/model/DynamicFluidContainerModel$Loader;
[22:05:56] [main/DEBUG]: Skipping Lnet/minecraftforge/client/model/DynamicFluidContainerModel$ContainedFluidOverrideHandler;
[22:05:56] [main/DEBUG]: Skipping Lnet/minecraftforge/client/model/DynamicFluidContainerModel$Colors;
[22:05:56] [main/DEBUG]: Skipping Lnet/minecraftforge/client/model/CompositeModel;
[22:05:56] [main/DEBUG]: Skipping Lnet/minecraftforge/client/model/CompositeModel$Loader;
[22:05:56] [main/DEBUG]: Skipping Lnet/minecraftforge/client/model/CompositeModel$Data;
[22:05:56] [main/DEBUG]: Skipping Lnet/minecraftforge/client/model/CompositeModel$Data$Builder;
[22:05:56] [main/DEBUG]: Skipping Lnet/minecraftforge/client/model/CompositeModel$Baked;
[22:05:56] [main/DEBUG]: Skipping Lnet/minecraftforge/client/model/CompositeModel$Baked$Builder;
[22:05:56] [main/DEBUG]: Skipping Lnet/minecraftforge/client/model/BakedModelWrapper;
[22:05:56] [main/DEBUG]: Skipping Lnet/minecraftforge/client/loading/NoVizFallback;
[22:05:56] [main/DEBUG]: Skipping Lnet/minecraftforge/client/loading/ForgeLoadingOverlay;
[22:05:56] [main/DEBUG]: Skipping Lnet/minecraftforge/client/loading/ClientModLoader;
[22:05:56] [main/DEBUG]: Skipping Lnet/minecraftforge/client/gui/widget/UnicodeGlyphButton;
[22:05:56] [main/DEBUG]: Skipping Lnet/minecraftforge/client/gui/widget/ScrollPanel;
[22:05:56] [main/DEBUG]: Skipping Lnet/minecraftforge/client/gui/widget/ModListWidget;
[22:05:56] [main/DEBUG]: Skipping Lnet/minecraftforge/client/gui/widget/ModListWidget$ModEntry;
[22:05:56] [main/DEBUG]: Skipping Lnet/minecraftforge/client/gui/widget/ForgeSlider;
[22:05:56] [main/DEBUG]: Skipping Lnet/minecraftforge/client/gui/widget/ExtendedButton;
[22:05:56] [main/DEBUG]: Skipping Lnet/minecraftforge/client/gui/overlay/VanillaGuiOverlay;
[22:05:56] [main/DEBUG]: Skipping Lnet/minecraftforge/client/gui/overlay/NamedGuiOverlay;
[22:05:56] [main/DEBUG]: Skipping Lnet/minecraftforge/client/gui/overlay/IGuiOverlay;
[22:05:56] [main/DEBUG]: Skipping Lnet/minecraftforge/client/gui/overlay/GuiOverlayManager;
[22:05:56] [main/DEBUG]: Skipping Lnet/minecraftforge/client/gui/overlay/ForgeGui;
[22:05:56] [main/DEBUG]: Skipping Lnet/minecraftforge/client/gui/overlay/ForgeGui$ForgeDebugScreenOverlay;
[22:05:56] [main/DEBUG]: Skipping Lnet/minecraftforge/client/gui/TitleScreenModUpdateIndicator;
[22:05:56] [main/DEBUG]: Skipping Lnet/minecraftforge/client/gui/ScreenUtils;
[22:05:56] [main/DEBUG]: Skipping Lnet/minecraftforge/client/gui/ModMismatchDisconnectedScreen;
[22:05:56] [main/DEBUG]: Skipping Lnet/minecraftforge/client/gui/ModMismatchDisconnectedScreen$MismatchInfoPanel;
[22:05:56] [main/DEBUG]: Skipping Lnet/minecraftforge/client/gui/ModListScreen;
[22:05:56] [main/DEBUG]: Skipping Lnet/minecraftforge/client/gui/ModListScreen$SortType;
[22:05:56] [main/DEBUG]: Skipping Lnet/minecraftforge/client/gui/ModListScreen$SortType$2;
[22:05:56] [main/DEBUG]: Skipping Lnet/minecraftforge/client/gui/ModListScreen$SortType$1;
[22:05:56] [main/DEBUG]: Skipping Lnet/minecraftforge/client/gui/ModListScreen$InfoPanel;
[22:05:56] [main/DEBUG]: Skipping Lnet/minecraftforge/client/gui/ModListScreen$1;
[22:05:56] [main/DEBUG]: Skipping Lnet/minecraftforge/client/gui/LoadingErrorScreen;
[22:05:56] [main/DEBUG]: Skipping Lnet/minecraftforge/client/gui/LoadingErrorScreen$LoadingEntryList;
[22:05:56] [main/DEBUG]: Skipping Lnet/minecraftforge/client/gui/LoadingErrorScreen$LoadingEntryList$LoadingMessageEntry;
[22:05:56] [main/DEBUG]: Skipping Lnet/minecraftforge/client/gui/CreativeTabsScreenPage;
[22:05:56] [main/DEBUG]: Skipping Lnet/minecraftforge/client/gui/ClientTooltipComponentManager;
[22:05:56] [main/DEBUG]: Skipping Lnet/minecraftforge/client/extensions/package-info;
[22:05:56] [main/DEBUG]: Skipping Lnet/minecraftforge/client/extensions/common/IClientMobEffectExtensions;
[22:05:56] [main/DEBUG]: Skipping Lnet/minecraftforge/client/extensions/common/IClientMobEffectExtensions$1;
[22:05:56] [main/DEBUG]: Skipping Lnet/minecraftforge/client/extensions/common/IClientItemExtensions;
[22:05:56] [main/DEBUG]: Skipping Lnet/minecraftforge/client/extensions/common/IClientItemExtensions$FontContext;
[22:05:56] [main/DEBUG]: Skipping Lnet/minecraftforge/client/extensions/common/IClientItemExtensions$1;
[22:05:56] [main/DEBUG]: Skipping Lnet/minecraftforge/client/extensions/common/IClientFluidTypeExtensions;
[22:05:56] [main/DEBUG]: Skipping Lnet/minecraftforge/client/extensions/common/IClientFluidTypeExtensions$1;
[22:05:56] [main/DEBUG]: Skipping Lnet/minecraftforge/client/extensions/common/IClientBlockExtensions;
[22:05:56] [main/DEBUG]: Skipping Lnet/minecraftforge/client/extensions/common/IClientBlockExtensions$1;
[22:05:56] [main/DEBUG]: Skipping Lnet/minecraftforge/client/extensions/IForgeVertexConsumer;
[22:05:56] [main/DEBUG]: Skipping Lnet/minecraftforge/client/extensions/IForgePoseStack;
[22:05:56] [main/DEBUG]: Skipping Lnet/minecraftforge/client/extensions/IForgeModelBaker;
[22:05:56] [main/DEBUG]: Skipping Lnet/minecraftforge/client/extensions/IForgeMinecraft;
[22:05:56] [main/DEBUG]: Skipping Lnet/minecraftforge/client/extensions/IForgeKeyMapping;
[22:05:56] [main/DEBUG]: Skipping Lnet/minecraftforge/client/extensions/IForgeGuiGraphics;
[22:05:56] [main/DEBUG]: Skipping Lnet/minecraftforge/client/extensions/IForgeFont;
[22:05:56] [main/DEBUG]: Skipping Lnet/minecraftforge/client/extensions/IForgeDimensionSpecialEffects;
[22:05:56] [main/DEBUG]: Skipping Lnet/minecraftforge/client/extensions/IForgeBlockAndTintGetter;
[22:05:56] [main/DEBUG]: Skipping Lnet/minecraftforge/client/extensions/IForgeBakedModel;
[22:05:56] [main/DEBUG]: Skipping Lnet/minecraftforge/client/event/sound/package-info;
[22:05:56] [main/DEBUG]: Skipping Lnet/minecraftforge/client/event/sound/SoundEvent;
[22:05:56] [main/DEBUG]: Skipping Lnet/minecraftforge/client/event/sound/SoundEvent$SoundSourceEvent;
[22:05:56] [main/DEBUG]: Skipping Lnet/minecraftforge/client/event/sound/SoundEngineLoadEvent;
[22:05:56] [main/DEBUG]: Skipping Lnet/minecraftforge/client/event/sound/PlayStreamingSourceEvent;
[22:05:56] [main/DEBUG]: Skipping Lnet/minecraftforge/client/event/sound/PlaySoundSourceEvent;
[22:05:56] [main/DEBUG]: Skipping Lnet/minecraftforge/client/event/sound/PlaySoundEvent;
[22:05:56] [main/DEBUG]: Skipping Lnet/minecraftforge/client/event/package-info;
[22:05:56] [main/DEBUG]: Skipping Lnet/minecraftforge/client/event/ViewportEvent;
[22:05:56] [main/DEBUG]: Skipping Lnet/minecraftforge/client/event/ViewportEvent$RenderFog;
[22:05:56] [main/DEBUG]: Skipping Lnet/minecraftforge/client/event/ViewportEvent$ComputeFov;
[22:05:56] [main/DEBUG]: Skipping Lnet/minecraftforge/client/event/ViewportEvent$ComputeFogColor;
[22:05:56] [main/DEBUG]: Skipping Lnet/minecraftforge/client/event/ViewportEvent$ComputeCameraAngles;
[22:05:56] [main/DEBUG]: Skipping Lnet/minecraftforge/client/event/ToastAddEvent;
[22:05:56] [main/DEBUG]: Skipping Lnet/minecraftforge/client/event/TextureStitchEvent;
[22:05:56] [main/DEBUG]: Skipping Lnet/minecraftforge/client/event/TextureStitchEvent$Post;
[22:05:56] [main/DEBUG]: Skipping Lnet/minecraftforge/client/event/ScreenshotEvent;
[22:05:56] [main/DEBUG]: Skipping Lnet/minecraftforge/client/event/ScreenEvent;
[22:05:56] [main/DEBUG]: Skipping Lnet/minecraftforge/client/event/ScreenEvent$RenderInventoryMobEffects;
[22:05:56] [main/DEBUG]: Skipping Lnet/minecraftforge/client/event/ScreenEvent$Render;
[22:05:56] [main/DEBUG]: Skipping Lnet/minecraftforge/client/event/ScreenEvent$Render$Pre;
[22:05:56] [main/DEBUG]: Skipping Lnet/minecraftforge/client/event/ScreenEvent$Render$Post;
[22:05:56] [main/DEBUG]: Skipping Lnet/minecraftforge/client/event/ScreenEvent$Opening;
[22:05:56] [main/DEBUG]: Skipping Lnet/minecraftforge/client/event/ScreenEvent$MouseScrolled;
[22:05:56] [main/DEBUG]: Skipping Lnet/minecraftforge/client/event/ScreenEvent$MouseScrolled$Pre;
[22:05:56] [main/DEBUG]: Skipping Lnet/minecraftforge/client/event/ScreenEvent$MouseScrolled$Post;
[22:05:56] [main/DEBUG]: Skipping Lnet/minecraftforge/client/event/ScreenEvent$MouseInput;
[22:05:56] [main/DEBUG]: Skipping Lnet/minecraftforge/client/event/ScreenEvent$MouseDragged;
[22:05:56] [main/DEBUG]: Skipping Lnet/minecraftforge/client/event/ScreenEvent$MouseDragged$Pre;
[22:05:56] [main/DEBUG]: Skipping Lnet/minecraftforge/client/event/ScreenEvent$MouseDragged$Post;
[22:05:56] [main/DEBUG]: Skipping Lnet/minecraftforge/client/event/ScreenEvent$MouseButtonReleased;
[22:05:56] [main/DEBUG]: Skipping Lnet/minecraftforge/client/event/ScreenEvent$MouseButtonReleased$Pre;
[22:05:56] [main/DEBUG]: Skipping Lnet/minecraftforge/client/event/ScreenEvent$MouseButtonReleased$Post;
[22:05:56] [main/DEBUG]: Skipping Lnet/minecraftforge/client/event/ScreenEvent$MouseButtonPressed;
[22:05:56] [main/DEBUG]: Skipping Lnet/minecraftforge/client/event/ScreenEvent$MouseButtonPressed$Pre;
[22:05:56] [main/DEBUG]: Skipping Lnet/minecraftforge/client/event/ScreenEvent$MouseButtonPressed$Post;
[22:05:56] [main/DEBUG]: Skipping Lnet/minecraftforge/client/event/ScreenEvent$KeyReleased;
[22:05:56] [main/DEBUG]: Skipping Lnet/minecraftforge/client/event/ScreenEvent$KeyReleased$Pre;
[22:05:56] [main/DEBUG]: Skipping Lnet/minecraftforge/client/event/ScreenEvent$KeyReleased$Post;
[22:05:56] [main/DEBUG]: Skipping Lnet/minecraftforge/client/event/ScreenEvent$KeyPressed;
[22:05:56] [main/DEBUG]: Skipping Lnet/minecraftforge/client/event/ScreenEvent$KeyPressed$Pre;
[22:05:56] [main/DEBUG]: Skipping Lnet/minecraftforge/client/event/ScreenEvent$KeyPressed$Post;
[22:05:56] [main/DEBUG]: Skipping Lnet/minecraftforge/client/event/ScreenEvent$KeyInput;
[22:05:56] [main/DEBUG]: Skipping Lnet/minecraftforge/client/event/ScreenEvent$Init;
[22:05:56] [main/DEBUG]: Skipping Lnet/minecraftforge/client/event/ScreenEvent$Init$Pre;
[22:05:56] [main/DEBUG]: Skipping Lnet/minecraftforge/client/event/ScreenEvent$Init$Post;
[22:05:56] [main/DEBUG]: Skipping Lnet/minecraftforge/client/event/ScreenEvent$Closing;
[22:05:56] [main/DEBUG]: Skipping Lnet/minecraftforge/client/event/ScreenEvent$CharacterTyped;
[22:05:56] [main/DEBUG]: Skipping Lnet/minecraftforge/client/event/ScreenEvent$CharacterTyped$Pre;
[22:05:56] [main/DEBUG]: Skipping Lnet/minecraftforge/client/event/ScreenEvent$CharacterTyped$Post;
[22:05:56] [main/DEBUG]: Skipping Lnet/minecraftforge/client/event/ScreenEvent$BackgroundRendered;
[22:05:56] [main/DEBUG]: Skipping Lnet/minecraftforge/client/event/RenderTooltipEvent;
[22:05:56] [main/DEBUG]: Skipping Lnet/minecraftforge/client/event/RenderTooltipEvent$Pre;
[22:05:56] [main/DEBUG]: Skipping Lnet/minecraftforge/client/event/RenderTooltipEvent$GatherComponents;
[22:05:56] [main/DEBUG]: Skipping Lnet/minecraftforge/client/event/RenderTooltipEvent$Color;
[22:05:56] [main/DEBUG]: Skipping Lnet/minecraftforge/client/event/RenderPlayerEvent;
[22:05:56] [main/DEBUG]: Skipping Lnet/minecraftforge/client/event/RenderPlayerEvent$Pre;
[22:05:56] [main/DEBUG]: Skipping Lnet/minecraftforge/client/event/RenderPlayerEvent$Post;
[22:05:56] [main/DEBUG]: Skipping Lnet/minecraftforge/client/event/RenderNameTagEvent;
[22:05:56] [main/DEBUG]: Skipping Lnet/minecraftforge/client/event/RenderLivingEvent;
[22:05:56] [main/DEBUG]: Skipping Lnet/minecraftforge/client/event/RenderLivingEvent$Pre;
[22:05:56] [main/DEBUG]: Skipping Lnet/minecraftforge/client/event/RenderLivingEvent$Post;
[22:05:56] [main/DEBUG]: Skipping Lnet/minecraftforge/client/event/RenderLevelStageEvent;
[22:05:56] [main/DEBUG]: Skipping Lnet/minecraftforge/client/event/RenderLevelStageEvent$Stage;
[22:05:56] [main/DEBUG]: Skipping Lnet/minecraftforge/client/event/RenderLevelStageEvent$RegisterStageEvent;
[22:05:56] [main/DEBUG]: Skipping Lnet/minecraftforge/client/event/RenderItemInFrameEvent;
[22:05:56] [main/DEBUG]: Skipping Lnet/minecraftforge/client/event/RenderHighlightEvent;
[22:05:56] [main/DEBUG]: Skipping Lnet/minecraftforge/client/event/RenderHighlightEvent$Entity;
[22:05:56] [main/DEBUG]: Skipping Lnet/minecraftforge/client/event/RenderHighlightEvent$Block;
[22:05:56] [main/DEBUG]: Skipping Lnet/minecraftforge/client/event/RenderHandEvent;
[22:05:56] [main/DEBUG]: Skipping Lnet/minecraftforge/client/event/RenderGuiOverlayEvent;
[22:05:56] [main/DEBUG]: Skipping Lnet/minecraftforge/client/event/RenderGuiOverlayEvent$Pre;
[22:05:56] [main/DEBUG]: Skipping Lnet/minecraftforge/client/event/RenderGuiOverlayEvent$Post;
[22:05:56] [main/DEBUG]: Skipping Lnet/minecraftforge/client/event/RenderGuiEvent;
[22:05:56] [main/DEBUG]: Skipping Lnet/minecraftforge/client/event/RenderGuiEvent$Pre;
[22:05:56] [main/DEBUG]: Skipping Lnet/minecraftforge/client/event/RenderGuiEvent$Post;
[22:05:56] [main/DEBUG]: Skipping Lnet/minecraftforge/client/event/RenderBlockScreenEffectEvent;
[22:05:56] [main/DEBUG]: Skipping Lnet/minecraftforge/client/event/RenderBlockScreenEffectEvent$OverlayType;
[22:05:56] [main/DEBUG]: Skipping Lnet/minecraftforge/client/event/RenderArmEvent;
[22:05:56] [main/DEBUG]: Skipping Lnet/minecraftforge/client/event/RegisterTextureAtlasSpriteLoadersEvent;
[22:05:56] [main/DEBUG]: Skipping Lnet/minecraftforge/client/event/RegisterShadersEvent;
[22:05:56] [main/DEBUG]: Skipping Lnet/minecraftforge/client/event/RegisterRecipeBookCategoriesEvent;
[22:05:56] [main/DEBUG]: Skipping Lnet/minecraftforge/client/event/RegisterPresetEditorsEvent;
[22:05:56] [main/DEBUG]: Skipping Lnet/minecraftforge/client/event/RegisterParticleProvidersEvent;
[22:05:56] [main/DEBUG]: Skipping Lnet/minecraftforge/client/event/RegisterNamedRenderTypesEvent;
[22:05:56] [main/DEBUG]: Skipping Lnet/minecraftforge/client/event/RegisterKeyMappingsEvent;
[22:05:56] [main/DEBUG]: Skipping Lnet/minecraftforge/client/event/RegisterItemDecorationsEvent;
[22:05:56] [main/DEBUG]: Skipping Lnet/minecraftforge/client/event/RegisterGuiOverlaysEvent;
[22:05:56] [main/DEBUG]: Skipping Lnet/minecraftforge/client/event/RegisterGuiOverlaysEvent$Ordering;
[22:05:56] [main/DEBUG]: Skipping Lnet/minecraftforge/client/event/RegisterEntitySpectatorShadersEvent;
[22:05:56] [main/DEBUG]: Skipping Lnet/minecraftforge/client/event/RegisterDimensionSpecialEffectsEvent;
[22:05:56] [main/DEBUG]: Skipping Lnet/minecraftforge/client/event/RegisterColorHandlersEvent;
[22:05:56] [main/DEBUG]: Skipping Lnet/minecraftforge/client/event/RegisterColorHandlersEvent$Item;
[22:05:56] [main/DEBUG]: Skipping Lnet/minecraftforge/client/event/RegisterColorHandlersEvent$ColorResolvers;
[22:05:56] [main/DEBUG]: Skipping Lnet/minecraftforge/client/event/RegisterColorHandlersEvent$Block;
[22:05:56] [main/DEBUG]: Skipping Lnet/minecraftforge/client/event/RegisterClientTooltipComponentFactoriesEvent;
[22:05:56] [main/DEBUG]: Skipping Lnet/minecraftforge/client/event/RegisterClientReloadListenersEvent;
[22:05:56] [main/DEBUG]: Skipping Lnet/minecraftforge/client/event/RegisterClientCommandsEvent;
[22:05:56] [main/DEBUG]: Skipping Lnet/minecraftforge/client/event/RecipesUpdatedEvent;
[22:05:56] [main/DEBUG]: Skipping Lnet/minecraftforge/client/event/MovementInputUpdateEvent;
[22:05:56] [main/DEBUG]: Skipping Lnet/minecraftforge/client/event/ModelEvent;
[22:05:56] [main/DEBUG]: Skipping Lnet/minecraftforge/client/event/ModelEvent$RegisterGeometryLoaders;
[22:05:56] [main/DEBUG]: Skipping Lnet/minecraftforge/client/event/ModelEvent$RegisterAdditional;
[22:05:56] [main/DEBUG]: Skipping Lnet/minecraftforge/client/event/ModelEvent$ModifyBakingResult;
[22:05:56] [main/DEBUG]: Skipping Lnet/minecraftforge/client/event/ModelEvent$BakingCompleted;
[22:05:56] [main/DEBUG]: Skipping Lnet/minecraftforge/client/event/InputEvent;
[22:05:56] [main/DEBUG]: Skipping Lnet/minecraftforge/client/event/InputEvent$MouseScrollingEvent;
[22:05:56] [main/DEBUG]: Skipping Lnet/minecraftforge/client/event/InputEvent$MouseButton;
[22:05:56] [main/DEBUG]: Skipping Lnet/minecraftforge/client/event/InputEvent$MouseButton$Pre;
[22:05:56] [main/DEBUG]: Skipping Lnet/minecraftforge/client/event/InputEvent$MouseButton$Post;
[22:05:56] [main/DEBUG]: Skipping Lnet/minecraftforge/client/event/InputEvent$Key;
[22:05:56] [main/DEBUG]: Skipping Lnet/minecraftforge/client/event/InputEvent$InteractionKeyMappingTriggered;
[22:05:56] [main/DEBUG]: Skipping Lnet/minecraftforge/client/event/EntityRenderersEvent;
[22:05:56] [main/DEBUG]: Skipping Lnet/minecraftforge/client/event/EntityRenderersEvent$RegisterRenderers;
[22:05:56] [main/DEBUG]: Skipping Lnet/minecraftforge/client/event/EntityRenderersEvent$RegisterLayerDefinitions;
[22:05:56] [main/DEBUG]: Skipping Lnet/minecraftforge/client/event/EntityRenderersEvent$CreateSkullModels;
[22:05:56] [main/DEBUG]: Skipping Lnet/minecraftforge/client/event/EntityRenderersEvent$AddLayers;
[22:05:56] [main/DEBUG]: Skipping Lnet/minecraftforge/client/event/CustomizeGuiOverlayEvent;
[22:05:56] [main/DEBUG]: Skipping Lnet/minecraftforge/client/event/CustomizeGuiOverlayEvent$DebugText;
[22:05:56] [main/DEBUG]: Skipping Lnet/minecraftforge/client/event/CustomizeGuiOverlayEvent$Chat;
[22:05:56] [main/DEBUG]: Skipping Lnet/minecraftforge/client/event/CustomizeGuiOverlayEvent$BossEventProgress;
[22:05:56] [main/DEBUG]: Skipping Lnet/minecraftforge/client/event/ContainerScreenEvent;
[22:05:56] [main/DEBUG]: Skipping Lnet/minecraftforge/client/event/ContainerScreenEvent$Render;
[22:05:56] [main/DEBUG]: Skipping Lnet/minecraftforge/client/event/ContainerScreenEvent$Render$Foreground;
[22:05:56] [main/DEBUG]: Skipping Lnet/minecraftforge/client/event/ContainerScreenEvent$Render$Background;
[22:05:56] [main/DEBUG]: Skipping Lnet/minecraftforge/client/event/ComputeFovModifierEvent;
[22:05:56] [main/DEBUG]: Skipping Lnet/minecraftforge/client/event/ClientPlayerNetworkEvent;
[22:05:56] [main/DEBUG]: Skipping Lnet/minecraftforge/client/event/ClientPlayerNetworkEvent$LoggingOut;
[22:05:56] [main/DEBUG]: Skipping Lnet/minecraftforge/client/event/ClientPlayerNetworkEvent$LoggingIn;
[22:05:56] [main/DEBUG]: Skipping Lnet/minecraftforge/client/event/ClientPlayerNetworkEvent$Clone;
[22:05:56] [main/DEBUG]: Skipping Lnet/minecraftforge/client/event/ClientPlayerChangeGameTypeEvent;
[22:05:56] [main/DEBUG]: Skipping Lnet/minecraftforge/client/event/ClientChatReceivedEvent;
[22:05:56] [main/DEBUG]: Skipping Lnet/minecraftforge/client/event/ClientChatReceivedEvent$System;
[22:05:56] [main/DEBUG]: Skipping Lnet/minecraftforge/client/event/ClientChatReceivedEvent$Player;
[22:05:56] [main/DEBUG]: Skipping Lnet/minecraftforge/client/event/ClientChatEvent;
[22:05:56] [main/DEBUG]: Skipping Lnet/minecraftforge/client/StencilManager;
[22:05:56] [main/DEBUG]: Skipping Lnet/minecraftforge/client/RenderTypeHelper;
[22:05:56] [main/DEBUG]: Skipping Lnet/minecraftforge/client/RenderTypeGroup;
[22:05:56] [main/DEBUG]: Skipping Lnet/minecraftforge/client/RecipeBookManager;
[22:05:56] [main/DEBUG]: Skipping Lnet/minecraftforge/client/PresetEditorManager;
[22:05:56] [main/DEBUG]: Skipping Lnet/minecraftforge/client/NamedRenderTypeManager;
[22:05:56] [main/DEBUG]: Skipping Lnet/minecraftforge/client/ItemDecoratorHandler;
[22:05:56] [main/DEBUG]: Skipping Lnet/minecraftforge/client/IItemDecorator;
[22:05:56] [main/DEBUG]: Skipping Lnet/minecraftforge/client/IArmPoseTransformer;
[22:05:56] [main/DEBUG]: Skipping Lnet/minecraftforge/client/ForgeRenderTypes;
[22:05:56] [main/DEBUG]: Skipping Lnet/minecraftforge/client/ForgeRenderTypes$Internal;
[22:05:56] [main/DEBUG]: Skipping Lnet/minecraftforge/client/ForgeRenderTypes$CustomizableTextureState;
[22:05:56] [main/DEBUG]: Skipping Lnet/minecraftforge/client/ForgeHooksClient;
[22:05:56] [main/DEBUG]: Skipping Lnet/minecraftforge/client/ForgeHooksClient$ClientEvents;
[22:05:56] [main/DEBUG]: Skipping Lnet/minecraftforge/client/ForgeHooksClient$1;
[22:05:56] [main/DEBUG]: Skipping Lnet/minecraftforge/client/FireworkShapeFactoryRegistry;
[22:05:56] [main/DEBUG]: Skipping Lnet/minecraftforge/client/FireworkShapeFactoryRegistry$Factory;
[22:05:56] [main/DEBUG]: Skipping Lnet/minecraftforge/client/ExtendedServerListData;
[22:05:56] [main/DEBUG]: Skipping Lnet/minecraftforge/client/EntitySpectatorShaderManager;
[22:05:56] [main/DEBUG]: Skipping Lnet/minecraftforge/client/DimensionSpecialEffectsManager;
[22:05:56] [main/DEBUG]: Skipping Lnet/minecraftforge/client/CreativeModeTabSearchRegistry;
[22:05:56] [main/DEBUG]: Skipping Lnet/minecraftforge/client/ConfigScreenHandler;
[22:05:56] [main/DEBUG]: Skipping Lnet/minecraftforge/client/ConfigScreenHandler$ConfigScreenFactory;
[22:05:56] [main/DEBUG]: Skipping Lnet/minecraftforge/client/ColorResolverManager;
[22:05:56] [main/DEBUG]: Skipping Lnet/minecraftforge/client/ClientForgeMod;
[22:05:56] [main/DEBUG]: Skipping Lnet/minecraftforge/client/ClientCommandSourceStack;
[22:05:56] [main/DEBUG]: Skipping Lnet/minecraftforge/client/ClientCommandHandler;
[22:05:56] [main/DEBUG]: Skipping Lnet/minecraftforge/client/ChunkRenderTypeSet;
[22:05:56] [main/DEBUG]: Skipping Lnet/minecraftforge/client/ChunkRenderTypeSet$None;
[22:05:56] [main/DEBUG]: Skipping Lnet/minecraftforge/client/ChunkRenderTypeSet$IteratorImpl;
[22:05:56] [main/DEBUG]: Skipping Lnet/minecraftforge/client/ChunkRenderTypeSet$All;
[22:05:56] [main/DEBUG]: Skipping Lnet/minecraft/world/ticks/package-info;
[22:05:56] [main/DEBUG]: Skipping Lnet/minecraft/world/ticks/WorldGenTickAccess;
[22:05:56] [main/DEBUG]: Skipping Lnet/minecraft/world/ticks/TickPriority;
[22:05:56] [main/DEBUG]: Skipping Lnet/minecraft/world/ticks/TickContainerAccess;
[22:05:56] [main/DEBUG]: Skipping Lnet/minecraft/world/ticks/TickAccess;
[22:05:56] [main/DEBUG]: Skipping Lnet/minecraft/world/ticks/SerializableTickContainer;
[22:05:56] [main/DEBUG]: Skipping Lnet/minecraft/world/ticks/ScheduledTick;
[22:05:56] [main/DEBUG]: Skipping Lnet/minecraft/world/ticks/ScheduledTick$1;
[22:05:56] [main/DEBUG]: Skipping Lnet/minecraft/world/ticks/SavedTick;
[22:05:56] [main/DEBUG]: Skipping Lnet/minecraft/world/ticks/SavedTick$1;
[22:05:56] [main/DEBUG]: Skipping Lnet/minecraft/world/ticks/ProtoChunkTicks;
[22:05:56] [main/DEBUG]: Skipping Lnet/minecraft/world/ticks/LevelTicks;
[22:05:56] [main/DEBUG]: Skipping Lnet/minecraft/world/ticks/LevelTicks$PosAndContainerConsumer;
[22:05:56] [main/DEBUG]: Skipping Lnet/minecraft/world/ticks/LevelTickAccess;
[22:05:56] [main/DEBUG]: Skipping Lnet/minecraft/world/ticks/LevelChunkTicks;
[22:05:56] [main/DEBUG]: Skipping Lnet/minecraft/world/ticks/ContainerSingleItem;
[22:05:56] [main/DEBUG]: Skipping Lnet/minecraft/world/ticks/BlackholeTickAccess;
[22:05:56] [main/DEBUG]: Skipping Lnet/minecraft/world/ticks/BlackholeTickAccess$2;
[22:05:56] [main/DEBUG]: Skipping Lnet/minecraft/world/ticks/BlackholeTickAccess$1;
[22:05:56] [main/DEBUG]: Skipping Lnet/minecraft/world/scores/package-info;
[22:05:56] [main/DEBUG]: Skipping Lnet/minecraft/world/scores/criteria/package-info;
[22:05:56] [main/DEBUG]: Skipping Lnet/minecraft/world/scores/criteria/ObjectiveCriteria;
[22:05:56] [main/DEBUG]: Skipping Lnet/minecraft/world/scores/criteria/ObjectiveCriteria$RenderType;
[22:05:56] [main/DEBUG]: Skipping Lnet/minecraft/world/scores/Team;
[22:05:56] [main/DEBUG]: Skipping Lnet/minecraft/world/scores/Team$Visibility;
[22:05:56] [main/DEBUG]: Skipping Lnet/minecraft/world/scores/Team$CollisionRule;
[22:05:56] [main/DEBUG]: Skipping Lnet/minecraft/world/scores/ScoreboardSaveData;
[22:05:56] [main/DEBUG]: Skipping Lnet/minecraft/world/scores/Scoreboard;
[22:05:56] [main/DEBUG]: Skipping Lnet/minecraft/world/scores/Score;
[22:05:56] [main/DEBUG]: Skipping Lnet/minecraft/world/scores/PlayerTeam;
[22:05:56] [main/DEBUG]: Skipping Lnet/minecraft/world/scores/Objective;
[22:05:56] [main/DEBUG]: Skipping Lnet/minecraft/world/phys/shapes/package-info;
[22:05:56] [main/DEBUG]: Skipping Lnet/minecraft/world/phys/shapes/VoxelShape;
[22:05:56] [main/DEBUG]: Skipping Lnet/minecraft/world/phys/shapes/SubShape;
[22:05:56] [main/DEBUG]: Skipping Lnet/minecraft/world/phys/shapes/SliceShape;
[22:05:56] [main/DEBUG]: Skipping Lnet/minecraft/world/phys/shapes/Shapes;
[22:05:56] [main/DEBUG]: Skipping Lnet/minecraft/world/phys/shapes/Shapes$DoubleLineConsumer;
[22:05:56] [main/DEBUG]: Skipping Lnet/minecraft/world/phys/shapes/OffsetDoubleList;
[22:05:56] [main/DEBUG]: Skipping Lnet/minecraft/world/phys/shapes/NonOverlappingMerger;
[22:05:56] [main/DEBUG]: Skipping Lnet/minecraft/world/phys/shapes/IndirectMerger;
[22:05:56] [main/DEBUG]: Skipping Lnet/minecraft/world/phys/shapes/IndexMerger;
[22:05:56] [main/DEBUG]: Skipping Lnet/minecraft/world/phys/shapes/IndexMerger$IndexConsumer;
[22:05:56] [main/DEBUG]: Skipping Lnet/minecraft/world/phys/shapes/IdenticalMerger;
[22:05:56] [main/DEBUG]: Skipping Lnet/minecraft/world/phys/shapes/EntityCollisionContext;
[22:05:56] [main/DEBUG]: Skipping Lnet/minecraft/world/phys/shapes/EntityCollisionContext$1;
[22:05:56] [main/DEBUG]: Skipping Lnet/minecraft/world/phys/shapes/DiscreteVoxelShape;
[22:05:56] [main/DEBUG]: Skipping Lnet/minecraft/world/phys/shapes/DiscreteVoxelShape$IntLineConsumer;
[22:05:56] [main/DEBUG]: Skipping Lnet/minecraft/world/phys/shapes/DiscreteVoxelShape$IntFaceConsumer;
[22:05:56] [main/DEBUG]: Skipping Lnet/minecraft/world/phys/shapes/DiscreteCubeMerger;
[22:05:56] [main/DEBUG]: Skipping Lnet/minecraft/world/phys/shapes/CubeVoxelShape;
[22:05:56] [main/DEBUG]: Skipping Lnet/minecraft/world/phys/shapes/CubePointRange;
[22:05:56] [main/DEBUG]: Skipping Lnet/minecraft/world/phys/shapes/CollisionContext;
[22:05:56] [main/DEBUG]: Skipping Lnet/minecraft/world/phys/shapes/BooleanOp;
[22:05:56] [main/DEBUG]: Skipping Lnet/minecraft/world/phys/shapes/BitSetDiscreteVoxelShape;
[22:05:56] [main/DEBUG]: Skipping Lnet/minecraft/world/phys/shapes/ArrayVoxelShape;
[22:05:56] [main/DEBUG]: Skipping Lnet/minecraft/world/phys/shapes/ArrayVoxelShape$1;
[22:05:56] [main/DEBUG]: Skipping Lnet/minecraft/world/phys/package-info;
[22:05:56] [main/DEBUG]: Skipping Lnet/minecraft/world/phys/Vec3;
[22:05:56] [main/DEBUG]: Skipping Lnet/minecraft/world/phys/Vec2;
[22:05:56] [main/DEBUG]: Skipping Lnet/minecraft/world/phys/HitResult;
[22:05:56] [main/DEBUG]: Skipping Lnet/minecraft/world/phys/HitResult$Type;
[22:05:56] [main/DEBUG]: Skipping Lnet/minecraft/world/phys/EntityHitResult;
[22:05:56] [main/DEBUG]: Skipping Lnet/minecraft/world/phys/BlockHitResult;
[22:05:56] [main/DEBUG]: Skipping Lnet/minecraft/world/phys/AABB;
[22:05:56] [main/DEBUG]: Skipping Lnet/minecraft/world/package-info;
[22:05:56] [main/DEBUG]: Skipping Lnet/minecraft/world/level/validation/package-info;
[22:05:56] [main/DEBUG]: Skipping Lnet/minecraft/world/level/validation/PathAllowList;
[22:05:56] [main/DEBUG]: Skipping Lnet/minecraft/world/level/validation/PathAllowList$EntryType;
[22:05:56] [main/DEBUG]: Skipping Lnet/minecraft/world/level/validation/PathAllowList$ConfigEntry;
[22:05:56] [main/DEBUG]: Skipping Lnet/minecraft/world/level/validation/ForbiddenSymlinkInfo;
[22:05:56] [main/DEBUG]: Skipping Lnet/minecraft/world/level/validation/DirectoryValidator;
[22:05:56] [main/DEBUG]: Skipping Lnet/minecraft/world/level/validation/DirectoryValidator$1;
[22:05:56] [main/DEBUG]: Skipping Lnet/minecraft/world/level/validation/ContentValidationException;
[22:05:56] [main/DEBUG]: Skipping Lnet/minecraft/world/level/timers/package-info;
[22:05:56] [main/DEBUG]: Skipping Lnet/minecraft/world/level/timers/TimerQueue;
[22:05:56] [main/DEBUG]: Skipping Lnet/minecraft/world/level/timers/TimerQueue$Event;
[22:05:56] [main/DEBUG]: Skipping Lnet/minecraft/world/level/timers/TimerCallbacks;
[22:05:56] [main/DEBUG]: Skipping Lnet/minecraft/world/level/timers/TimerCallback;
[22:05:56] [main/DEBUG]: Skipping Lnet/minecraft/world/level/timers/TimerCallback$Serializer;
[22:05:56] [main/DEBUG]: Skipping Lnet/minecraft/world/level/timers/FunctionTagCallback;
[22:05:56] [main/DEBUG]: Skipping Lnet/minecraft/world/level/timers/FunctionTagCallback$Serializer;
[22:05:56] [main/DEBUG]: Skipping Lnet/minecraft/world/level/timers/FunctionCallback;
[22:05:56] [main/DEBUG]: Skipping Lnet/minecraft/world/level/timers/FunctionCallback$Serializer;
[22:05:56] [main/DEBUG]: Skipping Lnet/minecraft/world/level/storage/package-info;
[22:05:56] [main/DEBUG]: Skipping Lnet/minecraft/world/level/storage/loot/providers/score/package-info;
[22:05:56] [main/DEBUG]: Skipping Lnet/minecraft/world/level/storage/loot/providers/score/ScoreboardNameProviders;
[22:05:56] [main/DEBUG]: Skipping Lnet/minecraft/world/level/storage/loot/providers/score/ScoreboardNameProvider;
[22:05:56] [main/DEBUG]: Skipping Lnet/minecraft/world/level/storage/loot/providers/score/LootScoreProviderType;
[22:05:56] [main/DEBUG]: Skipping Lnet/minecraft/world/level/storage/loot/providers/score/FixedScoreboardNameProvider;
[22:05:56] [main/DEBUG]: Skipping Lnet/minecraft/world/level/storage/loot/providers/score/FixedScoreboardNameProvider$Serializer;
[22:05:56] [main/DEBUG]: Skipping Lnet/minecraft/world/level/storage/loot/providers/score/ContextScoreboardNameProvider;
[22:05:56] [main/DEBUG]: Skipping Lnet/minecraft/world/level/storage/loot/providers/score/ContextScoreboardNameProvider$Serializer;
[22:05:56] [main/DEBUG]: Skipping Lnet/minecraft/world/level/storage/loot/providers/score/ContextScoreboardNameProvider$InlineSerializer;
[22:05:56] [main/DEBUG]: Skipping Lnet/minecraft/world/level/storage/loot/providers/number/package-info;
[22:05:56] [main/DEBUG]: Skipping Lnet/minecraft/world/level/storage/loot/providers/number/UniformGenerator;
[22:05:56] [main/DEBUG]: Skipping Lnet/minecraft/world/level/storage/loot/providers/number/UniformGenerator$Serializer;
[22:05:56] [main/DEBUG]: Skipping Lnet/minecraft/world/level/storage/loot/providers/number/ScoreboardValue;
[22:05:56] [main/DEBUG]: Skipping Lnet/minecraft/world/level/storage/loot/providers/number/ScoreboardValue$Serializer;
[22:05:56] [main/DEBUG]: Skipping Lnet/minecraft/world/level/storage/loot/providers/number/NumberProviders;
[22:05:56] [main/DEBUG]: Skipping Lnet/minecraft/world/level/storage/loot/providers/number/NumberProvider;
[22:05:56] [main/DEBUG]: Skipping Lnet/minecraft/world/level/storage/loot/providers/number/LootNumberProviderType;
[22:05:56] [main/DEBUG]: Skipping Lnet/minecraft/world/level/storage/loot/providers/number/ConstantValue;
[22:05:56] [main/DEBUG]: Skipping Lnet/minecraft/world/level/storage/loot/providers/number/ConstantValue$Serializer;
[22:05:56] [main/DEBUG]: Skipping Lnet/minecraft/world/level/storage/loot/providers/number/ConstantValue$InlineSerializer;
[22:05:56] [main/DEBUG]: Skipping Lnet/minecraft/world/level/storage/loot/providers/number/BinomialDistributionGenerator;
[22:05:56] [main/DEBUG]: Skipping Lnet/minecraft/world/level/storage/loot/providers/number/BinomialDistributionGenerator$Serializer;
[22:05:56] [main/DEBUG]: Skipping Lnet/minecraft/world/level/storage/loot/providers/nbt/package-info;
[22:05:56] [main/DEBUG]: Skipping Lnet/minecraft/world/level/storage/loot/providers/nbt/StorageNbtProvider;
[22:05:56] [main/DEBUG]: Skipping Lnet/minecraft/world/level/storage/loot/providers/nbt/StorageNbtProvider$Serializer;
[22:05:56] [main/DEBUG]: Skipping Lnet/minecraft/world/level/storage/loot/providers/nbt/NbtProviders;
[22:05:56] [main/DEBUG]: Skipping Lnet/minecraft/world/level/storage/loot/providers/nbt/NbtProvider;
[22:05:56] [main/DEBUG]: Skipping Lnet/minecraft/world/level/storage/loot/providers/nbt/LootNbtProviderType;
[22:05:56] [main/DEBUG]: Skipping Lnet/minecraft/world/level/storage/loot/providers/nbt/ContextNbtProvider;
[22:05:56] [main/DEBUG]: Skipping Lnet/minecraft/world/level/storage/loot/providers/nbt/ContextNbtProvider$Serializer;
[22:05:56] [main/DEBUG]: Skipping Lnet/minecraft/world/level/storage/loot/providers/nbt/ContextNbtProvider$InlineSerializer;
[22:05:56] [main/DEBUG]: Skipping Lnet/minecraft/world/level/storage/loot/providers/nbt/ContextNbtProvider$Getter;
[22:05:56] [main/DEBUG]: Skipping Lnet/minecraft/world/level/storage/loot/providers/nbt/ContextNbtProvider$2;
[22:05:56] [main/DEBUG]: Skipping Lnet/minecraft/world/level/storage/loot/providers/nbt/ContextNbtProvider$1;
[22:05:56] [main/DEBUG]: Skipping Lnet/minecraft/world/level/storage/loot/predicates/package-info;
[22:05:56] [main/DEBUG]: Skipping Lnet/minecraft/world/level/storage/loot/predicates/WeatherCheck;
[22:05:56] [main/DEBUG]: Skipping Lnet/minecraft/world/level/storage/loot/predicates/WeatherCheck$Serializer;
[22:05:56] [main/DEBUG]: Skipping Lnet/minecraft/world/level/storage/loot/predicates/WeatherCheck$Builder;
[22:05:56] [main/DEBUG]: Skipping Lnet/minecraft/world/level/storage/loot/predicates/ValueCheckCondition;
[22:05:56] [main/DEBUG]: Skipping Lnet/minecraft/world/level/storage/loot/predicates/ValueCheckCondition$Serializer;
[22:05:56] [main/DEBUG]: Skipping Lnet/minecraft/world/level/storage/loot/predicates/TimeCheck;
[22:05:56] [main/DEBUG]: Skipping Lnet/minecraft/world/level/storage/loot/predicates/TimeCheck$Serializer;
[22:05:56] [main/DEBUG]: Skipping Lnet/minecraft/world/level/storage/loot/predicates/TimeCheck$Builder;
[22:05:56] [main/DEBUG]: Skipping Lnet/minecraft/world/level/storage/loot/predicates/MatchTool;
[22:05:56] [main/DEBUG]: Skipping Lnet/minecraft/world/level/storage/loot/predicates/MatchTool$Serializer;
[22:05:56] [main/DEBUG]: Skipping Lnet/minecraft/world/level/storage/loot/predicates/LootItemRandomChanceCondition;
[22:05:56] [main/DEBUG]: Skipping Lnet/minecraft/world/level/storage/loot/predicates/LootItemRandomChanceCondition$Serializer;
[22:05:56] [main/DEBUG]: Skipping Lnet/minecraft/world/level/storage/loot/predicates/LootItemKilledByPlayerCondition;
[22:05:56] [main/DEBUG]: Skipping Lnet/minecraft/world/level/storage/loot/predicates/LootItemKilledByPlayerCondition$Serializer;
[22:05:56] [main/DEBUG]: Skipping Lnet/minecraft/world/level/storage/loot/predicates/LootItemEntityPropertyCondition;
[22:05:56] [main/DEBUG]: Skipping Lnet/minecraft/world/level/storage/loot/predicates/LootItemEntityPropertyCondition$Serializer;
[22:05:56] [main/DEBUG]: Skipping Lnet/minecraft/world/level/storage/loot/predicates/LootItemConditions;
[22:05:56] [main/DEBUG]: Skipping Lnet/minecraft/world/level/storage/loot/predicates/LootItemConditionType;
[22:05:56] [main/DEBUG]: Skipping Lnet/minecraft/world/level/storage/loot/predicates/LootItemCondition;
[22:05:56] [main/DEBUG]: Skipping Lnet/minecraft/world/level/storage/loot/predicates/LootItemCondition$Builder;
[22:05:56] [main/DEBUG]: Skipping Lnet/minecraft/world/level/storage/loot/predicates/LootItemBlockStatePropertyCondition;
[22:05:56] [main/DEBUG]: Skipping Lnet/minecraft/world/level/storage/loot/predicates/LootItemBlockStatePropertyCondition$Serializer;
[22:05:56] [main/DEBUG]: Skipping Lnet/minecraft/world/level/storage/loot/predicates/LootItemBlockStatePropertyCondition$Builder;
[22:05:56] [main/DEBUG]: Skipping Lnet/minecraft/world/level/storage/loot/predicates/LocationCheck;
[22:05:56] [main/DEBUG]: Skipping Lnet/minecraft/world/level/storage/loot/predicates/LocationCheck$Serializer;
[22:05:56] [main/DEBUG]: Skipping Lnet/minecraft/world/level/storage/loot/predicates/InvertedLootItemCondition;
[22:05:56] [main/DEBUG]: Skipping Lnet/minecraft/world/level/storage/loot/predicates/InvertedLootItemCondition$Serializer;
[22:05:56] [main/DEBUG]: Skipping Lnet/minecraft/world/level/storage/loot/predicates/ExplosionCondition;
[22:05:56] [main/DEBUG]: Skipping Lnet/minecraft/world/level/storage/loot/predicates/ExplosionCondition$Serializer;
[22:05:56] [main/DEBUG]: Skipping Lnet/minecraft/world/level/storage/loot/predicates/EntityHasScoreCondition;
[22:05:56] [main/DEBUG]: Skipping Lnet/minecraft/world/level/storage/loot/predicates/EntityHasScoreCondition$Serializer;
[22:05:56] [main/DEBUG]: Skipping Lnet/minecraft/world/level/storage/loot/predicates/EntityHasScoreCondition$Builder;
[22:05:56] [main/DEBUG]: Skipping Lnet/minecraft/world/level/storage/loot/predicates/DamageSourceCondition;
[22:05:56] [main/DEBUG]: Skipping Lnet/minecraft/world/level/storage/loot/predicates/DamageSourceCondition$Serializer;
[22:05:56] [main/DEBUG]: Skipping Lnet/minecraft/world/level/storage/loot/predicates/ConditionUserBuilder;
[22:05:56] [main/DEBUG]: Skipping Lnet/minecraft/world/level/storage/loot/predicates/ConditionReference;
[22:05:56] [main/DEBUG]: Skipping Lnet/minecraft/world/level/storage/loot/predicates/ConditionReference$Serializer;
[22:05:56] [main/DEBUG]: Skipping Lnet/minecraft/world/level/storage/loot/predicates/CompositeLootItemCondition;
[22:05:56] [main/DEBUG]: Skipping Lnet/minecraft/world/level/storage/loot/predicates/CompositeLootItemCondition$Serializer;
[22:05:56] [main/DEBUG]: Skipping Lnet/minecraft/world/level/storage/loot/predicates/CompositeLootItemCondition$Builder;
[22:05:56] [main/DEBUG]: Skipping Lnet/minecraft/world/level/storage/loot/predicates/BonusLevelTableCondition;
[22:05:56] [main/DEBUG]: Skipping Lnet/minecraft/world/level/storage/loot/predicates/BonusLevelTableCondition$Serializer;
[22:05:56] [main/DEBUG]: Skipping Lnet/minecraft/world/level/storage/loot/predicates/AnyOfCondition;
[22:05:56] [main/DEBUG]: Skipping Lnet/minecraft/world/level/storage/loot/predicates/AnyOfCondition$Serializer;
[22:05:56] [main/DEBUG]: Skipping Lnet/minecraft/world/level/storage/loot/predicates/AnyOfCondition$Builder;
[22:05:56] [main/DEBUG]: Skipping Lnet/minecraft/world/level/storage/loot/predicates/AllOfCondition;
[22:05:56] [main/DEBUG]: Skipping Lnet/minecraft/world/level/storage/loot/predicates/AllOfCondition$Serializer;
[22:05:56] [main/DEBUG]: Skipping Lnet/minecraft/world/level/storage/loot/predicates/AllOfCondition$Builder;
[22:05:56] [main/DEBUG]: Skipping Lnet/minecraft/world/level/storage/loot/predicates/LootItemRandomChanceWithLootingCondition;
[22:05:56] [main/DEBUG]: Skipping Lnet/minecraft/world/level/storage/loot/predicates/LootItemRandomChanceWithLootingCondition$Serializer;
[22:05:56] [main/DEBUG]: Skipping Lnet/minecraft/world/level/storage/loot/parameters/package-info;
[22:05:56] [main/DEBUG]: Skipping Lnet/minecraft/world/level/storage/loot/parameters/LootContextParams;
[22:05:56] [main/DEBUG]: Skipping Lnet/minecraft/world/level/storage/loot/parameters/LootContextParamSet;
[22:05:56] [main/DEBUG]: Skipping Lnet/minecraft/world/level/storage/loot/parameters/LootContextParamSet$Builder;
[22:05:56] [main/DEBUG]: Skipping Lnet/minecraft/world/level/storage/loot/parameters/LootContextParam;
[22:05:56] [main/DEBUG]: Skipping Lnet/minecraft/world/level/storage/loot/parameters/LootContextParamSets;
[22:05:56] [main/DEBUG]: Skipping Lnet/minecraft/world/level/storage/loot/package-info;
[22:05:56] [main/DEBUG]: Skipping Lnet/minecraft/world/level/storage/loot/functions/package-info;
[22:05:56] [main/DEBUG]: Skipping Lnet/minecraft/world/level/storage/loot/functions/SetStewEffectFunction;
[22:05:56] [main/DEBUG]: Skipping Lnet/minecraft/world/level/storage/loot/functions/SetStewEffectFunction$Serializer;
[22:05:56] [main/DEBUG]: Skipping Lnet/minecraft/world/level/storage/loot/functions/SetStewEffectFunction$Builder;
[22:05:56] [main/DEBUG]: Skipping Lnet/minecraft/world/level/storage/loot/functions/SetPotionFunction;
[22:05:56] [main/DEBUG]: Skipping Lnet/minecraft/world/level/storage/loot/functions/SetPotionFunction$Serializer;
[22:05:56] [main/DEBUG]: Skipping Lnet/minecraft/world/level/storage/loot/functions/SetNbtFunction;
[22:05:56] [main/DEBUG]: Skipping Lnet/minecraft/world/level/storage/loot/functions/SetNbtFunction$Serializer;
[22:05:56] [main/DEBUG]: Skipping Lnet/minecraft/world/level/storage/loot/functions/SetNameFunction;
[22:05:56] [main/DEBUG]: Skipping Lnet/minecraft/world/level/storage/loot/functions/SetNameFunction$Serializer;
[22:05:56] [main/DEBUG]: Skipping Lnet/minecraft/world/level/storage/loot/functions/SetLoreFunction;
[22:05:56] [main/DEBUG]: Skipping Lnet/minecraft/world/level/storage/loot/functions/SetLoreFunction$Serializer;
[22:05:56] [main/DEBUG]: Skipping Lnet/minecraft/world/level/storage/loot/functions/SetLoreFunction$Builder;
[22:05:56] [main/DEBUG]: Skipping Lnet/minecraft/world/level/storage/loot/functions/SetItemDamageFunction;
[22:05:56] [main/DEBUG]: Skipping Lnet/minecraft/world/level/storage/loot/functions/SetItemDamageFunction$Serializer;
[22:05:56] [main/DEBUG]: Skipping Lnet/minecraft/world/level/storage/loot/functions/SetItemCountFunction;
[22:05:56] [main/DEBUG]: Skipping Lnet/minecraft/world/level/storage/loot/functions/SetItemCountFunction$Serializer;
[22:05:56] [main/DEBUG]: Skipping Lnet/minecraft/world/level/storage/loot/functions/SetInstrumentFunction;
[22:05:56] [main/DEBUG]: Skipping Lnet/minecraft/world/level/storage/loot/functions/SetInstrumentFunction$Serializer;
[22:05:56] [main/DEBUG]: Skipping Lnet/minecraft/world/level/storage/loot/functions/SetEnchantmentsFunction;
[22:05:56] [main/DEBUG]: Skipping Lnet/minecraft/world/level/storage/loot/functions/SetEnchantmentsFunction$Serializer;
[22:05:56] [main/DEBUG]: Skipping Lnet/minecraft/world/level/storage/loot/functions/SetEnchantmentsFunction$Builder;
[22:05:56] [main/DEBUG]: Skipping Lnet/minecraft/world/level/storage/loot/functions/SetContainerLootTable;
[22:05:56] [main/DEBUG]: Skipping Lnet/minecraft/world/level/storage/loot/functions/SetContainerLootTable$Serializer;
[22:05:56] [main/DEBUG]: Skipping Lnet/minecraft/world/level/storage/loot/functions/SetContainerContents;
[22:05:56] [main/DEBUG]: Skipping Lnet/minecraft/world/level/storage/loot/functions/SetContainerContents$Serializer;
[22:05:56] [main/DEBUG]: Skipping Lnet/minecraft/world/level/storage/loot/functions/SetContainerContents$Builder;
[22:05:56] [main/DEBUG]: Skipping Lnet/minecraft/world/level/storage/loot/functions/SetBannerPatternFunction;
[22:05:56] [main/DEBUG]: Skipping Lnet/minecraft/world/level/storage/loot/functions/SetBannerPatternFunction$Serializer;
[22:05:56] [main/DEBUG]: Skipping Lnet/minecraft/world/level/storage/loot/functions/SetBannerPatternFunction$Builder;
[22:05:56] [main/DEBUG]: Skipping Lnet/minecraft/world/level/storage/loot/functions/SetAttributesFunction;
[22:05:56] [main/DEBUG]: Skipping Lnet/minecraft/world/level/storage/loot/functions/SetAttributesFunction$Serializer;
[22:05:56] [main/DEBUG]: Skipping Lnet/minecraft/world/level/storage/loot/functions/SetAttributesFunction$ModifierBuilder;
[22:05:56] [main/DEBUG]: Skipping Lnet/minecraft/world/level/storage/loot/functions/SetAttributesFunction$Modifier;
[22:05:56] [main/DEBUG]: Skipping Lnet/minecraft/world/level/storage/loot/functions/SetAttributesFunction$Builder;
[22:05:56] [main/DEBUG]: Skipping Lnet/minecraft/world/level/storage/loot/functions/SetAttributesFunction$1;
[22:05:56] [main/DEBUG]: Skipping Lnet/minecraft/world/level/storage/loot/functions/LootItemFunctions;
[22:05:56] [main/DEBUG]: Skipping Lnet/minecraft/world/level/storage/loot/functions/LootItemFunctionType;
[22:05:56] [main/DEBUG]: Skipping Lnet/minecraft/world/level/storage/loot/functions/LootItemFunction;
[22:05:56] [main/DEBUG]: Skipping Lnet/minecraft/world/level/storage/loot/functions/LootItemFunction$Builder;
[22:05:56] [main/DEBUG]: Skipping Lnet/minecraft/world/level/storage/loot/functions/LootItemConditionalFunction;
[22:05:56] [main/DEBUG]: Skipping Lnet/minecraft/world/level/storage/loot/functions/LootItemConditionalFunction$Serializer;
[22:05:56] [main/DEBUG]: Skipping Lnet/minecraft/world/level/storage/loot/functions/LootItemConditionalFunction$DummyBuilder;
[22:05:56] [main/DEBUG]: Skipping Lnet/minecraft/world/level/storage/loot/functions/LootItemConditionalFunction$Builder;
[22:05:56] [main/DEBUG]: Skipping Lnet/minecraft/world/level/storage/loot/functions/LimitCount;
[22:05:56] [main/DEBUG]: Skipping Lnet/minecraft/world/level/storage/loot/functions/LimitCount$Serializer;
[22:05:56] [main/DEBUG]: Skipping Lnet/minecraft/world/level/storage/loot/functions/FunctionUserBuilder;
[22:05:56] [main/DEBUG]: Skipping Lnet/minecraft/world/level/storage/loot/functions/FunctionReference;
[22:05:56] [main/DEBUG]: Skipping Lnet/minecraft/world/level/storage/loot/functions/FunctionReference$Serializer;
[22:05:56] [main/DEBUG]: Skipping Lnet/minecraft/world/level/storage/loot/functions/FillPlayerHead;
[22:05:56] [main/DEBUG]: Skipping Lnet/minecraft/world/level/storage/loot/functions/FillPlayerHead$Serializer;
[22:05:56] [main/DEBUG]: Skipping Lnet/minecraft/world/level/storage/loot/functions/ExplorationMapFunction;
[22:05:56] [main/DEBUG]: Skipping Lnet/minecraft/world/level/storage/loot/functions/ExplorationMapFunction$Serializer;
[22:05:56] [main/DEBUG]: Skipping Lnet/minecraft/world/level/storage/loot/functions/ExplorationMapFunction$Builder;
[22:05:56] [main/DEBUG]: Skipping Lnet/minecraft/world/level/storage/loot/functions/EnchantWithLevelsFunction;
[22:05:56] [main/DEBUG]: Skipping Lnet/minecraft/world/level/storage/loot/functions/EnchantWithLevelsFunction$Serializer;
[22:05:56] [main/DEBUG]: Skipping Lnet/minecraft/world/level/storage/loot/functions/EnchantWithLevelsFunction$Builder;
[22:05:56] [main/DEBUG]: Skipping Lnet/minecraft/world/level/storage/loot/functions/EnchantRandomlyFunction;
[22:05:56] [main/DEBUG]: Skipping Lnet/minecraft/world/level/storage/loot/functions/EnchantRandomlyFunction$Serializer;
[22:05:56] [main/DEBUG]: Skipping Lnet/minecraft/world/level/storage/loot/functions/EnchantRandomlyFunction$Builder;
[22:05:56] [main/DEBUG]: Skipping Lnet/minecraft/world/level/storage/loot/functions/CopyNbtFunction;
[22:05:56] [main/DEBUG]: Skipping Lnet/minecraft/world/level/storage/loot/functions/CopyNbtFunction$Serializer;
[22:05:56] [main/DEBUG]: Skipping Lnet/minecraft/world/level/storage/loot/functions/CopyNbtFunction$MergeStrategy;
[22:05:56] [main/DEBUG]: Skipping Lnet/minecraft/world/level/storage/loot/functions/CopyNbtFunction$MergeStrategy$3;
[22:05:56] [main/DEBUG]: Skipping Lnet/minecraft/world/level/storage/loot/functions/CopyNbtFunction$MergeStrategy$2;
[22:05:56] [main/DEBUG]: Skipping Lnet/minecraft/world/level/storage/loot/functions/CopyNbtFunction$MergeStrategy$1;
[22:05:56] [main/DEBUG]: Skipping Lnet/minecraft/world/level/storage/loot/functions/CopyNbtFunction$CopyOperation;
[22:05:56] [main/DEBUG]: Skipping Lnet/minecraft/world/level/storage/loot/functions/CopyNbtFunction$Builder;
[22:05:56] [main/DEBUG]: Skipping Lnet/minecraft/world/level/storage/loot/functions/CopyNameFunction;
[22:05:56] [main/DEBUG]: Skipping Lnet/minecraft/world/level/storage/loot/functions/CopyNameFunction$Serializer;
[22:05:56] [main/DEBUG]: Skipping Lnet/minecraft/world/level/storage/loot/functions/CopyNameFunction$NameSource;
[22:05:56] [main/DEBUG]: Skipping Lnet/minecraft/world/level/storage/loot/functions/CopyBlockState;
[22:05:56] [main/DEBUG]: Skipping Lnet/minecraft/world/level/storage/loot/functions/CopyBlockState$Serializer;
[22:05:56] [main/DEBUG]: Skipping Lnet/minecraft/world/level/storage/loot/functions/CopyBlockState$Builder;
[22:05:56] [main/DEBUG]: Skipping Lnet/minecraft/world/level/storage/loot/functions/ApplyExplosionDecay;
[22:05:56] [main/DEBUG]: Skipping Lnet/minecraft/world/level/storage/loot/functions/ApplyExplosionDecay$Serializer;
[22:05:56] [main/DEBUG]: Skipping Lnet/minecraft/world/level/storage/loot/functions/ApplyBonusCount;
[22:05:56] [main/DEBUG]: Skipping Lnet/minecraft/world/level/storage/loot/functions/ApplyBonusCount$UniformBonusCount;
[22:05:56] [main/DEBUG]: Skipping Lnet/minecraft/world/level/storage/loot/functions/ApplyBonusCount$Serializer;
[22:05:56] [main/DEBUG]: Skipping Lnet/minecraft/world/level/storage/loot/functions/ApplyBonusCount$OreDrops;
[22:05:56] [main/DEBUG]: Skipping Lnet/minecraft/world/level/storage/loot/functions/ApplyBonusCount$FormulaDeserializer;
[22:05:56] [main/DEBUG]: Skipping Lnet/minecraft/world/level/storage/loot/functions/ApplyBonusCount$Formula;
[22:05:56] [main/DEBUG]: Skipping Lnet/minecraft/world/level/storage/loot/functions/ApplyBonusCount$BinomialWithBonusCount;
[22:05:56] [main/DEBUG]: Skipping Lnet/minecraft/world/level/storage/loot/functions/SmeltItemFunction;
[22:05:56] [main/DEBUG]: Skipping Lnet/minecraft/world/level/storage/loot/functions/SmeltItemFunction$Serializer;
[22:05:56] [main/DEBUG]: Skipping Lnet/minecraft/world/level/storage/loot/functions/LootingEnchantFunction;
[22:05:56] [main/DEBUG]: Skipping Lnet/minecraft/world/level/storage/loot/functions/LootingEnchantFunction$Serializer;
[22:05:56] [main/DEBUG]: Skipping Lnet/minecraft/world/level/storage/loot/functions/LootingEnchantFunction$Builder;
[22:05:56] [main/DEBUG]: Skipping Lnet/minecraft/world/level/storage/loot/entries/package-info;
[22:05:56] [main/DEBUG]: Skipping Lnet/minecraft/world/level/storage/loot/entries/TagEntry;
[22:05:56] [main/DEBUG]: Skipping Lnet/minecraft/world/level/storage/loot/entries/TagEntry$Serializer;
[22:05:56] [main/DEBUG]: Skipping Lnet/minecraft/world/level/storage/loot/entries/TagEntry$1;
[22:05:56] [main/DEBUG]: Skipping Lnet/minecraft/world/level/storage/loot/entries/SequentialEntry;
[22:05:56] [main/DEBUG]: Skipping Lnet/minecraft/world/level/storage/loot/entries/SequentialEntry$Builder;
[22:05:56] [main/DEBUG]: Skipping Lnet/minecraft/world/level/storage/loot/entries/LootTableReference;
[22:05:56] [main/DEBUG]: Skipping Lnet/minecraft/world/level/storage/loot/entries/LootTableReference$Serializer;
[22:05:56] [main/DEBUG]: Skipping Lnet/minecraft/world/level/storage/loot/entries/LootPoolSingletonContainer;
[22:05:56] [main/DEBUG]: Skipping Lnet/minecraft/world/level/storage/loot/entries/LootPoolSingletonContainer$Serializer;
[22:05:56] [main/DEBUG]: Skipping Lnet/minecraft/world/level/storage/loot/entries/LootPoolSingletonContainer$EntryConstructor;
[22:05:56] [main/DEBUG]: Skipping Lnet/minecraft/world/level/storage/loot/entries/LootPoolSingletonContainer$EntryBase;
[22:05:56] [main/DEBUG]: Skipping Lnet/minecraft/world/level/storage/loot/entries/LootPoolSingletonContainer$DummyBuilder;
[22:05:56] [main/DEBUG]: Skipping Lnet/minecraft/world/level/storage/loot/entries/LootPoolSingletonContainer$Builder;
[22:05:56] [main/DEBUG]: Skipping Lnet/minecraft/world/level/storage/loot/entries/LootPoolSingletonContainer$1;
[22:05:56] [main/DEBUG]: Skipping Lnet/minecraft/world/level/storage/loot/entries/LootPoolEntryType;
[22:05:56] [main/DEBUG]: Skipping Lnet/minecraft/world/level/storage/loot/entries/LootPoolEntryContainer;
[22:05:56] [main/DEBUG]: Skipping Lnet/minecraft/world/level/storage/loot/entries/LootPoolEntryContainer$Serializer;
[22:05:56] [main/DEBUG]: Skipping Lnet/minecraft/world/level/storage/loot/entries/LootPoolEntryContainer$Builder;
[22:05:56] [main/DEBUG]: Skipping Lnet/minecraft/world/level/storage/loot/entries/LootPoolEntry;
[22:05:56] [main/DEBUG]: Skipping Lnet/minecraft/world/level/storage/loot/entries/LootPoolEntries;
[22:05:56] [main/DEBUG]: Skipping Lnet/minecraft/world/level/storage/loot/entries/LootItem;
[22:05:56] [main/DEBUG]: Skipping Lnet/minecraft/world/level/storage/loot/entries/LootItem$Serializer;
[22:05:56] [main/DEBUG]: Skipping Lnet/minecraft/world/level/storage/loot/entries/EntryGroup;
[22:05:56] [main/DEBUG]: Skipping Lnet/minecraft/world/level/storage/loot/entries/EntryGroup$Builder;
[22:05:56] [main/DEBUG]: Skipping Lnet/minecraft/world/level/storage/loot/entries/EmptyLootItem;
[22:05:56] [main/DEBUG]: Skipping Lnet/minecraft/world/level/storage/loot/entries/EmptyLootItem$Serializer;
[22:05:56] [main/DEBUG]: Skipping Lnet/minecraft/world/level/storage/loot/entries/DynamicLoot;
[22:05:56] [main/DEBUG]: Skipping Lnet/minecraft/world/level/storage/loot/entries/DynamicLoot$Serializer;
[22:05:56] [main/DEBUG]: Skipping Lnet/minecraft/world/level/storage/loot/entries/CompositeEntryBase;
[22:05:56] [main/DEBUG]: Skipping Lnet/minecraft/world/level/storage/loot/entries/CompositeEntryBase$CompositeEntryConstructor;
[22:05:56] [main/DEBUG]: Skipping Lnet/minecraft/world/level/storage/loot/entries/CompositeEntryBase$1;
[22:05:56] [main/DEBUG]: Skipping Lnet/minecraft/world/level/storage/loot/entries/ComposableEntryContainer;
[22:05:56] [main/DEBUG]: Skipping Lnet/minecraft/world/level/storage/loot/entries/AlternativesEntry;
[22:05:56] [main/DEBUG]: Skipping Lnet/minecraft/world/level/storage/loot/entries/AlternativesEntry$Builder;
[22:05:56] [main/DEBUG]: Skipping Lnet/minecraft/world/level/storage/loot/ValidationContext;
[22:05:56] [main/DEBUG]: Skipping Lnet/minecraft/world/level/storage/loot/SerializerType;
[22:05:56] [main/DEBUG]: Skipping Lnet/minecraft/world/level/storage/loot/Serializer;
[22:05:56] [main/DEBUG]: Skipping Lnet/minecraft/world/level/storage/loot/LootDataResolver;
[22:05:56] [main/DEBUG]: Skipping Lnet/minecraft/world/level/storage/loot/LootDataId;
[22:05:56] [main/DEBUG]: Skipping Lnet/minecraft/world/level/storage/loot/LootContextUser;
[22:05:56] [main/DEBUG]: Skipping Lnet/minecraft/world/level/storage/loot/IntRange;
[22:05:56] [main/DEBUG]: Skipping Lnet/minecraft/world/level/storage/loot/IntRange$Serializer;
[22:05:56] [main/DEBUG]: Skipping Lnet/minecraft/world/level/storage/loot/IntRange$IntLimiter;
[22:05:56] [main/DEBUG]: Skipping Lnet/minecraft/world/level/storage/loot/IntRange$IntChecker;
[22:05:56] [main/DEBUG]: Skipping Lnet/minecraft/world/level/storage/loot/GsonAdapterFactory;
[22:05:56] [main/DEBUG]: Skipping Lnet/minecraft/world/level/storage/loot/GsonAdapterFactory$JsonAdapter;
[22:05:56] [main/DEBUG]: Skipping Lnet/minecraft/world/level/storage/loot/GsonAdapterFactory$InlineSerializer;
[22:05:56] [main/DEBUG]: Skipping Lnet/minecraft/world/level/storage/loot/GsonAdapterFactory$Builder;
[22:05:56] [main/DEBUG]: Skipping Lnet/minecraft/world/level/storage/loot/Deserializers;
[22:05:56] [main/DEBUG]: Skipping Lnet/minecraft/world/level/storage/loot/BuiltInLootTables;
[22:05:56] [main/DEBUG]: Skipping Lnet/minecraft/world/level/storage/loot/LootTable;
[22:05:56] [main/DEBUG]: Skipping Lnet/minecraft/world/level/storage/loot/LootTable$Serializer;
[22:05:56] [main/DEBUG]: Skipping Lnet/minecraft/world/level/storage/loot/LootTable$Builder;
[22:05:56] [main/DEBUG]: Transforming class Lnet/minecraft/world/level/storage/loot/LootPool;
[22:05:56] [main/DEBUG]: Transforming net/minecraft/world/level/storage/loot/LootPool FIELD f_79028_ to access PRIVATE and REMOVEFINAL
[22:05:56] [main/DEBUG]: Transforming net/minecraft/world/level/storage/loot/LootPool FIELD f_79029_ to access PRIVATE and REMOVEFINAL
[22:05:56] [main/DEBUG]: Skipping Lnet/minecraft/world/level/storage/loot/LootPool$Serializer;
[22:05:56] [main/DEBUG]: Skipping Lnet/minecraft/world/level/storage/loot/LootPool$Builder;
[22:05:56] [main/DEBUG]: Skipping Lnet/minecraft/world/level/storage/loot/LootParams;
[22:05:56] [main/DEBUG]: Skipping Lnet/minecraft/world/level/storage/loot/LootParams$DynamicDrop;
[22:05:56] [main/DEBUG]: Skipping Lnet/minecraft/world/level/storage/loot/LootParams$Builder;
[22:05:56] [main/DEBUG]: Skipping Lnet/minecraft/world/level/storage/loot/LootDataType;
[22:05:56] [main/DEBUG]: Skipping Lnet/minecraft/world/level/storage/loot/LootDataType$Validator;
[22:05:56] [main/DEBUG]: Skipping Lnet/minecraft/world/level/storage/loot/LootDataManager;
[22:05:56] [main/DEBUG]: Skipping Lnet/minecraft/world/level/storage/loot/LootDataManager$FunctionSequence;
[22:05:56] [main/DEBUG]: Skipping Lnet/minecraft/world/level/storage/loot/LootDataManager$CompositePredicate;
[22:05:56] [main/DEBUG]: Skipping Lnet/minecraft/world/level/storage/loot/LootDataManager$1;
[22:05:56] [main/DEBUG]: Skipping Lnet/minecraft/world/level/storage/loot/LootContext;
[22:05:56] [main/DEBUG]: Skipping Lnet/minecraft/world/level/storage/loot/LootContext$VisitedEntry;
[22:05:56] [main/DEBUG]: Skipping Lnet/minecraft/world/level/storage/loot/LootContext$EntityTarget;
[22:05:56] [main/DEBUG]: Skipping Lnet/minecraft/world/level/storage/loot/LootContext$EntityTarget$Serializer;
[22:05:56] [main/DEBUG]: Skipping Lnet/minecraft/world/level/storage/loot/LootContext$Builder;
[22:05:56] [main/DEBUG]: Skipping Lnet/minecraft/world/level/storage/WritableLevelData;
[22:05:56] [main/DEBUG]: Skipping Lnet/minecraft/world/level/storage/WorldData;
[22:05:56] [main/DEBUG]: Skipping Lnet/minecraft/world/level/storage/ServerLevelData;
[22:05:56] [main/DEBUG]: Skipping Lnet/minecraft/world/level/storage/LevelVersion;
[22:05:56] [main/DEBUG]: Skipping Lnet/minecraft/world/level/storage/LevelStorageException;
[22:05:56] [main/DEBUG]: Transforming class Lnet/minecraft/world/level/storage/LevelResource;
[22:05:56] [main/DEBUG]: Transforming net/minecraft/world/level/storage/LevelResource METHOD <init>(Ljava/lang/String;)V to access PUBLIC and LEAVE
[22:05:56] [main/DEBUG]: Skipping Lnet/minecraft/world/level/storage/LevelData;
[22:05:56] [main/DEBUG]: Skipping Lnet/minecraft/world/level/storage/DerivedLevelData;
[22:05:56] [main/DEBUG]: Skipping Lnet/minecraft/world/level/storage/DataVersion;
[22:05:56] [main/DEBUG]: Skipping Lnet/minecraft/world/level/storage/CommandStorage;
[22:05:56] [main/DEBUG]: Skipping Lnet/minecraft/world/level/storage/CommandStorage$Container;
[22:05:56] [main/DEBUG]: Skipping Lnet/minecraft/world/level/storage/PrimaryLevelData;
[22:05:56] [main/DEBUG]: Skipping Lnet/minecraft/world/level/storage/PrimaryLevelData$SpecialWorldProperty;
[22:05:56] [main/DEBUG]: Skipping Lnet/minecraft/world/level/storage/PlayerDataStorage;
[22:05:56] [main/DEBUG]: Skipping Lnet/minecraft/world/level/storage/LevelSummary;
[22:05:56] [main/DEBUG]: Skipping Lnet/minecraft/world/level/storage/LevelSummary$SymlinkLevelSummary;
[22:05:56] [main/DEBUG]: Skipping Lnet/minecraft/world/level/storage/LevelSummary$BackupStatus;
[22:05:56] [main/DEBUG]: Skipping Lnet/minecraft/world/level/storage/LevelStorageSource;
[22:05:56] [main/DEBUG]: Skipping Lnet/minecraft/world/level/storage/LevelStorageSource$LevelStorageAccess;
[22:05:56] [main/DEBUG]: Skipping Lnet/minecraft/world/level/storage/LevelStorageSource$LevelStorageAccess$2;
[22:05:56] [main/DEBUG]: Skipping Lnet/minecraft/world/level/storage/LevelStorageSource$LevelStorageAccess$1;
[22:05:56] [main/DEBUG]: Skipping Lnet/minecraft/world/level/storage/LevelStorageSource$LevelDirectory;
[22:05:56] [main/DEBUG]: Skipping Lnet/minecraft/world/level/storage/LevelStorageSource$LevelCandidates;
[22:05:56] [main/DEBUG]: Skipping Lnet/minecraft/world/level/storage/DimensionDataStorage;
[22:05:56] [main/DEBUG]: Skipping Lnet/minecraft/world/level/saveddata/package-info;
[22:05:56] [main/DEBUG]: Skipping Lnet/minecraft/world/level/saveddata/maps/package-info;
[22:05:56] [main/DEBUG]: Skipping Lnet/minecraft/world/level/saveddata/maps/MapItemSavedData;
[22:05:56] [main/DEBUG]: Skipping Lnet/minecraft/world/level/saveddata/maps/MapItemSavedData$MapPatch;
[22:05:56] [main/DEBUG]: Skipping Lnet/minecraft/world/level/saveddata/maps/MapItemSavedData$HoldingPlayer;
[22:05:56] [main/DEBUG]: Skipping Lnet/minecraft/world/level/saveddata/maps/MapIndex;
[22:05:56] [main/DEBUG]: Skipping Lnet/minecraft/world/level/saveddata/maps/MapFrame;
[22:05:56] [main/DEBUG]: Skipping Lnet/minecraft/world/level/saveddata/maps/MapBanner;
[22:05:56] [main/DEBUG]: Skipping Lnet/minecraft/world/level/saveddata/maps/MapBanner$1;
[22:05:56] [main/DEBUG]: Skipping Lnet/minecraft/world/level/saveddata/maps/MapDecoration;
[22:05:56] [main/DEBUG]: Skipping Lnet/minecraft/world/level/saveddata/maps/MapDecoration$Type;
[22:05:56] [main/DEBUG]: Skipping Lnet/minecraft/world/level/saveddata/SavedData;
[22:05:56] [main/DEBUG]: Skipping Lnet/minecraft/world/level/redstone/package-info;
[22:05:56] [main/DEBUG]: Skipping Lnet/minecraft/world/level/redstone/Redstone;
[22:05:56] [main/DEBUG]: Skipping Lnet/minecraft/world/level/redstone/NeighborUpdater;
[22:05:56] [main/DEBUG]: Skipping Lnet/minecraft/world/level/redstone/InstantNeighborUpdater;
[22:05:56] [main/DEBUG]: Skipping Lnet/minecraft/world/level/redstone/CollectingNeighborUpdater;
[22:05:56] [main/DEBUG]: Skipping Lnet/minecraft/world/level/redstone/CollectingNeighborUpdater$SimpleNeighborUpdate;
[22:05:56] [main/DEBUG]: Skipping Lnet/minecraft/world/level/redstone/CollectingNeighborUpdater$ShapeUpdate;
[22:05:56] [main/DEBUG]: Skipping Lnet/minecraft/world/level/redstone/CollectingNeighborUpdater$NeighborUpdates;
[22:05:56] [main/DEBUG]: Skipping Lnet/minecraft/world/level/redstone/CollectingNeighborUpdater$MultiNeighborUpdate;
[22:05:56] [main/DEBUG]: Skipping Lnet/minecraft/world/level/redstone/CollectingNeighborUpdater$FullNeighborUpdate;
[22:05:56] [main/DEBUG]: Skipping Lnet/minecraft/world/level/portal/package-info;
[22:05:56] [main/DEBUG]: Skipping Lnet/minecraft/world/level/portal/PortalInfo;
[22:05:56] [main/DEBUG]: Skipping Lnet/minecraft/world/level/portal/PortalShape;
[22:05:56] [main/DEBUG]: Transforming class Lnet/minecraft/world/level/portal/PortalForcer;
[22:05:56] [main/DEBUG]: Transforming net/minecraft/world/level/portal/PortalForcer FIELD f_77648_ to access PROTECTED and LEAVE
[22:05:56] [main/DEBUG]: Skipping Lnet/minecraft/world/level/pathfinder/package-info;
[22:05:56] [main/DEBUG]: Skipping Lnet/minecraft/world/level/pathfinder/Target;
[22:05:56] [main/DEBUG]: Skipping Lnet/minecraft/world/level/pathfinder/SwimNodeEvaluator;
[22:05:56] [main/DEBUG]: Skipping Lnet/minecraft/world/level/pathfinder/PathFinder;
[22:05:56] [main/DEBUG]: Skipping Lnet/minecraft/world/level/pathfinder/PathComputationType;
[22:05:56] [main/DEBUG]: Skipping Lnet/minecraft/world/level/pathfinder/Path;
[22:05:56] [main/DEBUG]: Skipping Lnet/minecraft/world/level/pathfinder/NodeEvaluator;
[22:05:56] [main/DEBUG]: Skipping Lnet/minecraft/world/level/pathfinder/Node;
[22:05:56] [main/DEBUG]: Skipping Lnet/minecraft/world/level/pathfinder/FlyNodeEvaluator;
[22:05:56] [main/DEBUG]: Skipping Lnet/minecraft/world/level/pathfinder/BinaryHeap;
[22:05:56] [main/DEBUG]: Skipping Lnet/minecraft/world/level/pathfinder/WalkNodeEvaluator;
[22:05:56] [main/DEBUG]: Skipping Lnet/minecraft/world/level/pathfinder/BlockPathTypes;
[22:05:56] [main/DEBUG]: Skipping Lnet/minecraft/world/level/pathfinder/AmphibiousNodeEvaluator;
[22:05:56] [main/DEBUG]: Skipping Lnet/minecraft/world/level/package-info;
[22:05:56] [main/DEBUG]: Skipping Lnet/minecraft/world/level/material/package-info;
[22:05:56] [main/DEBUG]: Skipping Lnet/minecraft/world/level/material/WaterFluid;
[22:05:56] [main/DEBUG]: Skipping Lnet/minecraft/world/level/material/WaterFluid$Source;
[22:05:56] [main/DEBUG]: Skipping Lnet/minecraft/world/level/material/WaterFluid$Flowing;
[22:05:56] [main/DEBUG]: Skipping Lnet/minecraft/world/level/material/PushReaction;
[22:05:56] [main/DEBUG]: Skipping Lnet/minecraft/world/level/material/MapColor;
[22:05:56] [main/DEBUG]: Skipping Lnet/minecraft/world/level/material/MapColor$Brightness;
[22:05:56] [main/DEBUG]: Skipping Lnet/minecraft/world/level/material/FogType;
[22:05:56] [main/DEBUG]: Skipping Lnet/minecraft/world/level/material/Fluids;
[22:05:56] [main/DEBUG]: Skipping Lnet/minecraft/world/level/material/EmptyFluid;
[22:05:56] [main/DEBUG]: Skipping Lnet/minecraft/world/level/material/LavaFluid;
[22:05:56] [main/DEBUG]: Skipping Lnet/minecraft/world/level/material/LavaFluid$Source;
[22:05:56] [main/DEBUG]: Skipping Lnet/minecraft/world/level/material/LavaFluid$Flowing;
[22:05:56] [main/DEBUG]: Skipping Lnet/minecraft/world/level/material/FluidState;
[22:05:56] [main/DEBUG]: Skipping Lnet/minecraft/world/level/material/Fluid;
[22:05:56] [main/DEBUG]: Skipping Lnet/minecraft/world/level/material/FlowingFluid;
[22:05:56] [main/DEBUG]: Skipping Lnet/minecraft/world/level/material/FlowingFluid$1;
[22:05:56] [main/DEBUG]: Skipping Lnet/minecraft/world/level/lighting/package-info;
[22:05:56] [main/DEBUG]: Skipping Lnet/minecraft/world/level/lighting/SpatialLongSet;
[22:05:56] [main/DEBUG]: Skipping Lnet/minecraft/world/level/lighting/SpatialLongSet$InternalMap;
[22:05:56] [main/DEBUG]: Skipping Lnet/minecraft/world/level/lighting/SkyLightSectionStorage;
[22:05:56] [main/DEBUG]: Skipping Lnet/minecraft/world/level/lighting/SkyLightSectionStorage$SkyDataLayerStorageMap;
[22:05:56] [main/DEBUG]: Skipping Lnet/minecraft/world/level/lighting/SkyLightEngine;
[22:05:56] [main/DEBUG]: Skipping Lnet/minecraft/world/level/lighting/SkyLightEngine$1;
[22:05:56] [main/DEBUG]: Skipping Lnet/minecraft/world/level/lighting/LightEventListener;
[22:05:56] [main/DEBUG]: Skipping Lnet/minecraft/world/level/lighting/LeveledPriorityQueue;
[22:05:56] [main/DEBUG]: Skipping Lnet/minecraft/world/level/lighting/LeveledPriorityQueue$1;
[22:05:56] [main/DEBUG]: Skipping Lnet/minecraft/world/level/lighting/LevelLightEngine;
[22:05:56] [main/DEBUG]: Skipping Lnet/minecraft/world/level/lighting/LayerLightSectionStorage;
[22:05:56] [main/DEBUG]: Skipping Lnet/minecraft/world/level/lighting/LayerLightSectionStorage$SectionType;
[22:05:56] [main/DEBUG]: Skipping Lnet/minecraft/world/level/lighting/LayerLightSectionStorage$SectionState;
[22:05:56] [main/DEBUG]: Skipping Lnet/minecraft/world/level/lighting/LayerLightEventListener;
[22:05:56] [main/DEBUG]: Skipping Lnet/minecraft/world/level/lighting/LayerLightEventListener$DummyLightLayerEventListener;
[22:05:56] [main/DEBUG]: Skipping Lnet/minecraft/world/level/lighting/DynamicGraphMinFixedPoint;
[22:05:56] [main/DEBUG]: Skipping Lnet/minecraft/world/level/lighting/DynamicGraphMinFixedPoint$1;
[22:05:56] [main/DEBUG]: Skipping Lnet/minecraft/world/level/lighting/DataLayerStorageMap;
[22:05:56] [main/DEBUG]: Skipping Lnet/minecraft/world/level/lighting/ChunkSkyLightSources;
[22:05:56] [main/DEBUG]: Skipping Lnet/minecraft/world/level/lighting/BlockLightSectionStorage;
[22:05:56] [main/DEBUG]: Skipping Lnet/minecraft/world/level/lighting/BlockLightSectionStorage$BlockDataLayerStorageMap;
[22:05:56] [main/DEBUG]: Skipping Lnet/minecraft/world/level/lighting/LightEngine;
[22:05:56] [main/DEBUG]: Skipping Lnet/minecraft/world/level/lighting/LightEngine$QueueEntry;
[22:05:56] [main/DEBUG]: Skipping Lnet/minecraft/world/level/lighting/BlockLightEngine;
[22:05:56] [main/DEBUG]: Skipping Lnet/minecraft/world/level/levelgen/synth/package-info;
[22:05:56] [main/DEBUG]: Skipping Lnet/minecraft/world/level/levelgen/synth/SimplexNoise;
[22:05:56] [main/DEBUG]: Skipping Lnet/minecraft/world/level/levelgen/synth/PerlinSimplexNoise;
[22:05:56] [main/DEBUG]: Skipping Lnet/minecraft/world/level/levelgen/synth/PerlinNoise;
[22:05:56] [main/DEBUG]: Skipping Lnet/minecraft/world/level/levelgen/synth/NormalNoise;
[22:05:56] [main/DEBUG]: Skipping Lnet/minecraft/world/level/levelgen/synth/NormalNoise$NoiseParameters;
[22:05:56] [main/DEBUG]: Skipping Lnet/minecraft/world/level/levelgen/synth/NoiseUtils;
[22:05:56] [main/DEBUG]: Skipping Lnet/minecraft/world/level/levelgen/synth/ImprovedNoise;
[22:05:56] [main/DEBUG]: Skipping Lnet/minecraft/world/level/levelgen/synth/BlendedNoise;
[22:05:56] [main/DEBUG]: Skipping Lnet/minecraft/world/level/levelgen/structure/templatesystem/rule/blockentity/package-info;
[22:05:56] [main/DEBUG]: Skipping Lnet/minecraft/world/level/levelgen/structure/templatesystem/rule/blockentity/RuleBlockEntityModifierType;
[22:05:56] [main/DEBUG]: Skipping Lnet/minecraft/world/level/levelgen/structure/templatesystem/rule/blockentity/RuleBlockEntityModifier;
[22:05:56] [main/DEBUG]: Skipping Lnet/minecraft/world/level/levelgen/structure/templatesystem/rule/blockentity/Passthrough;
[22:05:56] [main/DEBUG]: Skipping Lnet/minecraft/world/level/levelgen/structure/templatesystem/rule/blockentity/Clear;
[22:05:56] [main/DEBUG]: Skipping Lnet/minecraft/world/level/levelgen/structure/templatesystem/rule/blockentity/AppendStatic;
[22:05:56] [main/DEBUG]: Skipping Lnet/minecraft/world/level/levelgen/structure/templatesystem/rule/blockentity/AppendLoot;
[22:05:56] [main/DEBUG]: Skipping Lnet/minecraft/world/level/levelgen/structure/templatesystem/package-info;
[22:05:56] [main/DEBUG]: Skipping Lnet/minecraft/world/level/levelgen/structure/templatesystem/TagMatchTest;
[22:05:56] [main/DEBUG]: Skipping Lnet/minecraft/world/level/levelgen/structure/templatesystem/StructureTemplateManager;
[22:05:56] [main/DEBUG]: Skipping Lnet/minecraft/world/level/levelgen/structure/templatesystem/StructureTemplateManager$Source;
[22:05:56] [main/DEBUG]: Skipping Lnet/minecraft/world/level/levelgen/structure/templatesystem/StructureTemplateManager$InputStreamOpener;
[22:05:56] [main/DEBUG]: Skipping Lnet/minecraft/world/level/levelgen/structure/templatesystem/StructureProcessorType;
[22:05:56] [main/DEBUG]: Skipping Lnet/minecraft/world/level/levelgen/structure/templatesystem/StructureProcessorList;
[22:05:56] [main/DEBUG]: Skipping Lnet/minecraft/world/level/levelgen/structure/templatesystem/StructurePlaceSettings;
[22:05:56] [main/DEBUG]: Skipping Lnet/minecraft/world/level/levelgen/structure/templatesystem/RuleTestType;
[22:05:56] [main/DEBUG]: Skipping Lnet/minecraft/world/level/levelgen/structure/templatesystem/RuleTest;
[22:05:56] [main/DEBUG]: Skipping Lnet/minecraft/world/level/levelgen/structure/templatesystem/RuleProcessor;
[22:05:56] [main/DEBUG]: Skipping Lnet/minecraft/world/level/levelgen/structure/templatesystem/RandomBlockStateMatchTest;
[22:05:56] [main/DEBUG]: Skipping Lnet/minecraft/world/level/levelgen/structure/templatesystem/RandomBlockMatchTest;
[22:05:56] [main/DEBUG]: Skipping Lnet/minecraft/world/level/levelgen/structure/templatesystem/ProtectedBlockProcessor;
[22:05:56] [main/DEBUG]: Skipping Lnet/minecraft/world/level/levelgen/structure/templatesystem/ProcessorRule;
[22:05:56] [main/DEBUG]: Skipping Lnet/minecraft/world/level/levelgen/structure/templatesystem/PosRuleTestType;
[22:05:56] [main/DEBUG]: Skipping Lnet/minecraft/world/level/levelgen/structure/templatesystem/PosRuleTest;
[22:05:56] [main/DEBUG]: Skipping Lnet/minecraft/world/level/levelgen/structure/templatesystem/PosAlwaysTrueTest;
[22:05:56] [main/DEBUG]: Skipping Lnet/minecraft/world/level/levelgen/structure/templatesystem/NopProcessor;
[22:05:56] [main/DEBUG]: Skipping Lnet/minecraft/world/level/levelgen/structure/templatesystem/LinearPosTest;
[22:05:56] [main/DEBUG]: Skipping Lnet/minecraft/world/level/levelgen/structure/templatesystem/LavaSubmergedBlockProcessor;
[22:05:56] [main/DEBUG]: Skipping Lnet/minecraft/world/level/levelgen/structure/templatesystem/JigsawReplacementProcessor;
[22:05:56] [main/DEBUG]: Skipping Lnet/minecraft/world/level/levelgen/structure/templatesystem/GravityProcessor;
[22:05:56] [main/DEBUG]: Skipping Lnet/minecraft/world/level/levelgen/structure/templatesystem/CappedProcessor;
[22:05:56] [main/DEBUG]: Skipping Lnet/minecraft/world/level/levelgen/structure/templatesystem/BlockStateMatchTest;
[22:05:56] [main/DEBUG]: Skipping Lnet/minecraft/world/level/levelgen/structure/templatesystem/BlockRotProcessor;
[22:05:56] [main/DEBUG]: Skipping Lnet/minecraft/world/level/levelgen/structure/templatesystem/BlockMatchTest;
[22:05:56] [main/DEBUG]: Skipping Lnet/minecraft/world/level/levelgen/structure/templatesystem/BlockIgnoreProcessor;
[22:05:56] [main/DEBUG]: Skipping Lnet/minecraft/world/level/levelgen/structure/templatesystem/BlockAgeProcessor;
[22:05:56] [main/DEBUG]: Skipping Lnet/minecraft/world/level/levelgen/structure/templatesystem/BlackstoneReplaceProcessor;
[22:05:56] [main/DEBUG]: Skipping Lnet/minecraft/world/level/levelgen/structure/templatesystem/AxisAlignedLinearPosTest;
[22:05:56] [main/DEBUG]: Skipping Lnet/minecraft/world/level/levelgen/structure/templatesystem/AlwaysTrueTest;
[22:05:56] [main/DEBUG]: Skipping Lnet/minecraft/world/level/levelgen/structure/templatesystem/StructureTemplate;
[22:05:56] [main/DEBUG]: Skipping Lnet/minecraft/world/level/levelgen/structure/templatesystem/StructureTemplate$StructureEntityInfo;
[22:05:56] [main/DEBUG]: Skipping Lnet/minecraft/world/level/levelgen/structure/templatesystem/StructureTemplate$StructureBlockInfo;
[22:05:56] [main/DEBUG]: Skipping Lnet/minecraft/world/level/levelgen/structure/templatesystem/StructureTemplate$SimplePalette;
[22:05:56] [main/DEBUG]: Skipping Lnet/minecraft/world/level/levelgen/structure/templatesystem/StructureTemplate$Palette;
[22:05:56] [main/DEBUG]: Skipping Lnet/minecraft/world/level/levelgen/structure/templatesystem/StructureTemplate$1;
[22:05:56] [main/DEBUG]: Skipping Lnet/minecraft/world/level/levelgen/structure/templatesystem/StructureProcessor;
[22:05:56] [main/DEBUG]: Skipping Lnet/minecraft/world/level/levelgen/structure/structures/package-info;
[22:05:56] [main/DEBUG]: Skipping Lnet/minecraft/world/level/levelgen/structure/structures/WoodlandMansionStructure;
[22:05:56] [main/DEBUG]: Skipping Lnet/minecraft/world/level/levelgen/structure/structures/WoodlandMansionPieces;
[22:05:56] [main/DEBUG]: Skipping Lnet/minecraft/world/level/levelgen/structure/structures/WoodlandMansionPieces$WoodlandMansionPiece;
[22:05:56] [main/DEBUG]: Skipping Lnet/minecraft/world/level/levelgen/structure/structures/WoodlandMansionPieces$ThirdFloorRoomCollection;
[22:05:56] [main/DEBUG]: Skipping Lnet/minecraft/world/level/levelgen/structure/structures/WoodlandMansionPieces$SimpleGrid;
[22:05:56] [main/DEBUG]: Skipping Lnet/minecraft/world/level/levelgen/structure/structures/WoodlandMansionPieces$SecondFloorRoomCollection;
[22:05:56] [main/DEBUG]: Skipping Lnet/minecraft/world/level/levelgen/structure/structures/WoodlandMansionPieces$PlacementData;
[22:05:56] [main/DEBUG]: Skipping Lnet/minecraft/world/level/levelgen/structure/structures/WoodlandMansionPieces$MansionPiecePlacer;
[22:05:56] [main/DEBUG]: Skipping Lnet/minecraft/world/level/levelgen/structure/structures/WoodlandMansionPieces$MansionGrid;
[22:05:56] [main/DEBUG]: Skipping Lnet/minecraft/world/level/levelgen/structure/structures/WoodlandMansionPieces$FloorRoomCollection;
[22:05:56] [main/DEBUG]: Skipping Lnet/minecraft/world/level/levelgen/structure/structures/WoodlandMansionPieces$FirstFloorRoomCollection;
[22:05:56] [main/DEBUG]: Skipping Lnet/minecraft/world/level/levelgen/structure/structures/SwampHutStructure;
[22:05:56] [main/DEBUG]: Skipping Lnet/minecraft/world/level/levelgen/structure/structures/SwampHutPiece;
[22:05:56] [main/DEBUG]: Skipping Lnet/minecraft/world/level/levelgen/structure/structures/StrongholdStructure;
[22:05:56] [main/DEBUG]: Skipping Lnet/minecraft/world/level/levelgen/structure/structures/StrongholdPieces;
[22:05:56] [main/DEBUG]: Skipping Lnet/minecraft/world/level/levelgen/structure/structures/StrongholdPieces$Turn;
[22:05:56] [main/DEBUG]: Skipping Lnet/minecraft/world/level/levelgen/structure/structures/StrongholdPieces$StrongholdPiece;
[22:05:56] [main/DEBUG]: Skipping Lnet/minecraft/world/level/levelgen/structure/structures/StrongholdPieces$StrongholdPiece$SmallDoorType;
[22:05:56] [main/DEBUG]: Skipping Lnet/minecraft/world/level/levelgen/structure/structures/StrongholdPieces$StraightStairsDown;
[22:05:56] [main/DEBUG]: Skipping Lnet/minecraft/world/level/levelgen/structure/structures/StrongholdPieces$Straight;
[22:05:56] [main/DEBUG]: Skipping Lnet/minecraft/world/level/levelgen/structure/structures/StrongholdPieces$StartPiece;
[22:05:56] [main/DEBUG]: Skipping Lnet/minecraft/world/level/levelgen/structure/structures/StrongholdPieces$StairsDown;
[22:05:56] [main/DEBUG]: Skipping Lnet/minecraft/world/level/levelgen/structure/structures/StrongholdPieces$SmoothStoneSelector;
[22:05:56] [main/DEBUG]: Skipping Lnet/minecraft/world/level/levelgen/structure/structures/StrongholdPieces$RoomCrossing;
[22:05:56] [main/DEBUG]: Skipping Lnet/minecraft/world/level/levelgen/structure/structures/StrongholdPieces$RightTurn;
[22:05:56] [main/DEBUG]: Skipping Lnet/minecraft/world/level/levelgen/structure/structures/StrongholdPieces$PrisonHall;
[22:05:56] [main/DEBUG]: Skipping Lnet/minecraft/world/level/levelgen/structure/structures/StrongholdPieces$PortalRoom;
[22:05:56] [main/DEBUG]: Skipping Lnet/minecraft/world/level/levelgen/structure/structures/StrongholdPieces$PieceWeight;
[22:05:56] [main/DEBUG]: Skipping Lnet/minecraft/world/level/levelgen/structure/structures/StrongholdPieces$Library;
[22:05:56] [main/DEBUG]: Skipping Lnet/minecraft/world/level/levelgen/structure/structures/StrongholdPieces$LeftTurn;
[22:05:56] [main/DEBUG]: Skipping Lnet/minecraft/world/level/levelgen/structure/structures/StrongholdPieces$FiveCrossing;
[22:05:56] [main/DEBUG]: Skipping Lnet/minecraft/world/level/levelgen/structure/structures/StrongholdPieces$FillerCorridor;
[22:05:56] [main/DEBUG]: Skipping Lnet/minecraft/world/level/levelgen/structure/structures/StrongholdPieces$ChestCorridor;
[22:05:56] [main/DEBUG]: Skipping Lnet/minecraft/world/level/levelgen/structure/structures/StrongholdPieces$3;
[22:05:56] [main/DEBUG]: Skipping Lnet/minecraft/world/level/levelgen/structure/structures/StrongholdPieces$2;
[22:05:56] [main/DEBUG]: Skipping Lnet/minecraft/world/level/levelgen/structure/structures/StrongholdPieces$1;
[22:05:56] [main/DEBUG]: Skipping Lnet/minecraft/world/level/levelgen/structure/structures/ShipwreckStructure;
[22:05:56] [main/DEBUG]: Skipping Lnet/minecraft/world/level/levelgen/structure/structures/ShipwreckPieces;
[22:05:56] [main/DEBUG]: Skipping Lnet/minecraft/world/level/levelgen/structure/structures/ShipwreckPieces$ShipwreckPiece;
[22:05:56] [main/DEBUG]: Skipping Lnet/minecraft/world/level/levelgen/structure/structures/RuinedPortalStructure;
[22:05:56] [main/DEBUG]: Skipping Lnet/minecraft/world/level/levelgen/structure/structures/RuinedPortalStructure$Setup;
[22:05:56] [main/DEBUG]: Skipping Lnet/minecraft/world/level/levelgen/structure/structures/RuinedPortalPiece;
[22:05:56] [main/DEBUG]: Skipping Lnet/minecraft/world/level/levelgen/structure/structures/RuinedPortalPiece$VerticalPlacement;
[22:05:56] [main/DEBUG]: Skipping Lnet/minecraft/world/level/levelgen/structure/structures/RuinedPortalPiece$Properties;
[22:05:56] [main/DEBUG]: Skipping Lnet/minecraft/world/level/levelgen/structure/structures/OceanRuinStructure;
[22:05:56] [main/DEBUG]: Skipping Lnet/minecraft/world/level/levelgen/structure/structures/OceanRuinStructure$Type;
[22:05:56] [main/DEBUG]: Skipping Lnet/minecraft/world/level/levelgen/structure/structures/OceanRuinPieces;
[22:05:56] [main/DEBUG]: Skipping Lnet/minecraft/world/level/levelgen/structure/structures/OceanRuinPieces$OceanRuinPiece;
[22:05:56] [main/DEBUG]: Skipping Lnet/minecraft/world/level/levelgen/structure/structures/OceanRuinPieces$1;
[22:05:56] [main/DEBUG]: Skipping Lnet/minecraft/world/level/levelgen/structure/structures/OceanMonumentStructure;
[22:05:56] [main/DEBUG]: Skipping Lnet/minecraft/world/level/levelgen/structure/structures/OceanMonumentPieces;
[22:05:56] [main/DEBUG]: Skipping Lnet/minecraft/world/level/levelgen/structure/structures/OceanMonumentPieces$RoomDefinition;
[22:05:56] [main/DEBUG]: Skipping Lnet/minecraft/world/level/levelgen/structure/structures/OceanMonumentPieces$OceanMonumentWingRoom;
[22:05:56] [main/DEBUG]: Skipping Lnet/minecraft/world/level/levelgen/structure/structures/OceanMonumentPieces$OceanMonumentSimpleTopRoom;
[22:05:56] [main/DEBUG]: Skipping Lnet/minecraft/world/level/levelgen/structure/structures/OceanMonumentPieces$OceanMonumentSimpleRoom;
[22:05:56] [main/DEBUG]: Skipping Lnet/minecraft/world/level/levelgen/structure/structures/OceanMonumentPieces$OceanMonumentPiece;
[22:05:56] [main/DEBUG]: Skipping Lnet/minecraft/world/level/levelgen/structure/structures/OceanMonumentPieces$OceanMonumentPenthouse;
[22:05:56] [main/DEBUG]: Skipping Lnet/minecraft/world/level/levelgen/structure/structures/OceanMonumentPieces$OceanMonumentEntryRoom;
[22:05:56] [main/DEBUG]: Skipping Lnet/minecraft/world/level/levelgen/structure/structures/OceanMonumentPieces$OceanMonumentDoubleZRoom;
[22:05:56] [main/DEBUG]: Skipping Lnet/minecraft/world/level/levelgen/structure/structures/OceanMonumentPieces$OceanMonumentDoubleYZRoom;
[22:05:56] [main/DEBUG]: Skipping Lnet/minecraft/world/level/levelgen/structure/structures/OceanMonumentPieces$OceanMonumentDoubleYRoom;
[22:05:56] [main/DEBUG]: Skipping Lnet/minecraft/world/level/levelgen/structure/structures/OceanMonumentPieces$OceanMonumentDoubleXYRoom;
[22:05:56] [main/DEBUG]: Skipping Lnet/minecraft/world/level/levelgen/structure/structures/OceanMonumentPieces$OceanMonumentDoubleXRoom;
[22:05:56] [main/DEBUG]: Skipping Lnet/minecraft/world/level/levelgen/structure/structures/OceanMonumentPieces$OceanMonumentCoreRoom;
[22:05:56] [main/DEBUG]: Skipping Lnet/minecraft/world/level/levelgen/structure/structures/OceanMonumentPieces$MonumentRoomFitter;
[22:05:56] [main/DEBUG]: Skipping Lnet/minecraft/world/level/levelgen/structure/structures/OceanMonumentPieces$MonumentBuilding;
[22:05:56] [main/DEBUG]: Skipping Lnet/minecraft/world/level/levelgen/structure/structures/OceanMonumentPieces$FitSimpleTopRoom;
[22:05:56] [main/DEBUG]: Skipping Lnet/minecraft/world/level/levelgen/structure/structures/OceanMonumentPieces$FitSimpleRoom;
[22:05:56] [main/DEBUG]: Skipping Lnet/minecraft/world/level/levelgen/structure/structures/OceanMonumentPieces$FitDoubleZRoom;
[22:05:56] [main/DEBUG]: Skipping Lnet/minecraft/world/level/levelgen/structure/structures/OceanMonumentPieces$FitDoubleYZRoom;
[22:05:56] [main/DEBUG]: Skipping Lnet/minecraft/world/level/levelgen/structure/structures/OceanMonumentPieces$FitDoubleYRoom;
[22:05:56] [main/DEBUG]: Skipping Lnet/minecraft/world/level/levelgen/structure/structures/OceanMonumentPieces$FitDoubleXYRoom;
[22:05:56] [main/DEBUG]: Skipping Lnet/minecraft/world/level/levelgen/structure/structures/OceanMonumentPieces$FitDoubleXRoom;
[22:05:56] [main/DEBUG]: Skipping Lnet/minecraft/world/level/levelgen/structure/structures/OceanMonumentPieces$1;
[22:05:56] [main/DEBUG]: Skipping Lnet/minecraft/world/level/levelgen/structure/structures/NetherFossilStructure;
[22:05:56] [main/DEBUG]: Skipping Lnet/minecraft/world/level/levelgen/structure/structures/NetherFossilPieces;
[22:05:56] [main/DEBUG]: Skipping Lnet/minecraft/world/level/levelgen/structure/structures/NetherFossilPieces$NetherFossilPiece;
[22:05:56] [main/DEBUG]: Skipping Lnet/minecraft/world/level/levelgen/structure/structures/NetherFortressStructure;
[22:05:56] [main/DEBUG]: Skipping Lnet/minecraft/world/level/levelgen/structure/structures/NetherFortressPieces;
[22:05:56] [main/DEBUG]: Skipping Lnet/minecraft/world/level/levelgen/structure/structures/NetherFortressPieces$StartPiece;
[22:05:56] [main/DEBUG]: Skipping Lnet/minecraft/world/level/levelgen/structure/structures/NetherFortressPieces$StairsRoom;
[22:05:56] [main/DEBUG]: Skipping Lnet/minecraft/world/level/levelgen/structure/structures/NetherFortressPieces$RoomCrossing;
[22:05:56] [main/DEBUG]: Skipping Lnet/minecraft/world/level/levelgen/structure/structures/NetherFortressPieces$PieceWeight;
[22:05:56] [main/DEBUG]: Skipping Lnet/minecraft/world/level/levelgen/structure/structures/NetherFortressPieces$NetherBridgePiece;
[22:05:56] [main/DEBUG]: Skipping Lnet/minecraft/world/level/levelgen/structure/structures/NetherFortressPieces$MonsterThrone;
[22:05:56] [main/DEBUG]: Skipping Lnet/minecraft/world/level/levelgen/structure/structures/NetherFortressPieces$CastleStalkRoom;
[22:05:56] [main/DEBUG]: Skipping Lnet/minecraft/world/level/levelgen/structure/structures/NetherFortressPieces$CastleSmallCorridorRightTurnPiece;
[22:05:56] [main/DEBUG]: Skipping Lnet/minecraft/world/level/levelgen/structure/structures/NetherFortressPieces$CastleSmallCorridorPiece;
[22:05:56] [main/DEBUG]: Skipping Lnet/minecraft/world/level/levelgen/structure/structures/NetherFortressPieces$CastleSmallCorridorLeftTurnPiece;
[22:05:56] [main/DEBUG]: Skipping Lnet/minecraft/world/level/levelgen/structure/structures/NetherFortressPieces$CastleSmallCorridorCrossingPiece;
[22:05:56] [main/DEBUG]: Skipping Lnet/minecraft/world/level/levelgen/structure/structures/NetherFortressPieces$CastleEntrance;
[22:05:56] [main/DEBUG]: Skipping Lnet/minecraft/world/level/levelgen/structure/structures/NetherFortressPieces$CastleCorridorTBalconyPiece;
[22:05:56] [main/DEBUG]: Skipping Lnet/minecraft/world/level/levelgen/structure/structures/NetherFortressPieces$CastleCorridorStairsPiece;
[22:05:56] [main/DEBUG]: Skipping Lnet/minecraft/world/level/levelgen/structure/structures/NetherFortressPieces$BridgeStraight;
[22:05:56] [main/DEBUG]: Skipping Lnet/minecraft/world/level/levelgen/structure/structures/NetherFortressPieces$BridgeEndFiller;
[22:05:56] [main/DEBUG]: Skipping Lnet/minecraft/world/level/levelgen/structure/structures/NetherFortressPieces$BridgeCrossing;
[22:05:56] [main/DEBUG]: Skipping Lnet/minecraft/world/level/levelgen/structure/structures/NetherFortressPieces$1;
[22:05:56] [main/DEBUG]: Skipping Lnet/minecraft/world/level/levelgen/structure/structures/MineshaftStructure;
[22:05:56] [main/DEBUG]: Skipping Lnet/minecraft/world/level/levelgen/structure/structures/MineshaftStructure$Type;
[22:05:56] [main/DEBUG]: Skipping Lnet/minecraft/world/level/levelgen/structure/structures/MineshaftPieces;
[22:05:56] [main/DEBUG]: Skipping Lnet/minecraft/world/level/levelgen/structure/structures/MineshaftPieces$MineShaftStairs;
[22:05:56] [main/DEBUG]: Skipping Lnet/minecraft/world/level/levelgen/structure/structures/MineshaftPieces$MineShaftRoom;
[22:05:56] [main/DEBUG]: Skipping Lnet/minecraft/world/level/levelgen/structure/structures/MineshaftPieces$MineShaftPiece;
[22:05:56] [main/DEBUG]: Skipping Lnet/minecraft/world/level/levelgen/structure/structures/MineshaftPieces$MineShaftCrossing;
[22:05:56] [main/DEBUG]: Skipping Lnet/minecraft/world/level/levelgen/structure/structures/MineshaftPieces$MineShaftCorridor;
[22:05:56] [main/DEBUG]: Skipping Lnet/minecraft/world/level/levelgen/structure/structures/MineshaftPieces$1;
[22:05:56] [main/DEBUG]: Skipping Lnet/minecraft/world/level/levelgen/structure/structures/JungleTempleStructure;
[22:05:56] [main/DEBUG]: Skipping Lnet/minecraft/world/level/levelgen/structure/structures/JungleTemplePiece;
[22:05:56] [main/DEBUG]: Skipping Lnet/minecraft/world/level/levelgen/structure/structures/JungleTemplePiece$MossStoneSelector;
[22:05:56] [main/DEBUG]: Skipping Lnet/minecraft/world/level/levelgen/structure/structures/JigsawStructure;
[22:05:56] [main/DEBUG]: Skipping Lnet/minecraft/world/level/levelgen/structure/structures/JigsawStructure$1;
[22:05:56] [main/DEBUG]: Skipping Lnet/minecraft/world/level/levelgen/structure/structures/IglooStructure;
[22:05:56] [main/DEBUG]: Skipping Lnet/minecraft/world/level/levelgen/structure/structures/IglooPieces;
[22:05:56] [main/DEBUG]: Skipping Lnet/minecraft/world/level/levelgen/structure/structures/IglooPieces$IglooPiece;
[22:05:56] [main/DEBUG]: Skipping Lnet/minecraft/world/level/levelgen/structure/structures/EndCityStructure;
[22:05:56] [main/DEBUG]: Skipping Lnet/minecraft/world/level/levelgen/structure/structures/EndCityPieces;
[22:05:56] [main/DEBUG]: Skipping Lnet/minecraft/world/level/levelgen/structure/structures/EndCityPieces$SectionGenerator;
[22:05:56] [main/DEBUG]: Skipping Lnet/minecraft/world/level/levelgen/structure/structures/EndCityPieces$EndCityPiece;
[22:05:56] [main/DEBUG]: Skipping Lnet/minecraft/world/level/levelgen/structure/structures/EndCityPieces$4;
[22:05:56] [main/DEBUG]: Skipping Lnet/minecraft/world/level/levelgen/structure/structures/EndCityPieces$3;
[22:05:56] [main/DEBUG]: Skipping Lnet/minecraft/world/level/levelgen/structure/structures/EndCityPieces$2;
[22:05:56] [main/DEBUG]: Skipping Lnet/minecraft/world/level/levelgen/structure/structures/EndCityPieces$1;
[22:05:56] [main/DEBUG]: Skipping Lnet/minecraft/world/level/levelgen/structure/structures/DesertPyramidStructure;
[22:05:56] [main/DEBUG]: Skipping Lnet/minecraft/world/level/levelgen/structure/structures/DesertPyramidPiece;
[22:05:56] [main/DEBUG]: Skipping Lnet/minecraft/world/level/levelgen/structure/structures/BuriedTreasureStructure;
[22:05:56] [main/DEBUG]: Skipping Lnet/minecraft/world/level/levelgen/structure/structures/BuriedTreasurePieces;
[22:05:56] [main/DEBUG]: Skipping Lnet/minecraft/world/level/levelgen/structure/structures/BuriedTreasurePieces$BuriedTreasurePiece;
[22:05:56] [main/DEBUG]: Skipping Lnet/minecraft/world/level/levelgen/structure/pools/package-info;
[22:05:56] [main/DEBUG]: Skipping Lnet/minecraft/world/level/levelgen/structure/pools/StructureTemplatePool;
[22:05:56] [main/DEBUG]: Skipping Lnet/minecraft/world/level/levelgen/structure/pools/StructureTemplatePool$Projection;
[22:05:56] [main/DEBUG]: Skipping Lnet/minecraft/world/level/levelgen/structure/pools/StructurePoolElementType;
[22:05:56] [main/DEBUG]: Skipping Lnet/minecraft/world/level/levelgen/structure/pools/StructurePoolElement;
[22:05:56] [main/DEBUG]: Skipping Lnet/minecraft/world/level/levelgen/structure/pools/SinglePoolElement;
[22:05:56] [main/DEBUG]: Skipping Lnet/minecraft/world/level/levelgen/structure/pools/ListPoolElement;
[22:05:56] [main/DEBUG]: Skipping Lnet/minecraft/world/level/levelgen/structure/pools/LegacySinglePoolElement;
[22:05:56] [main/DEBUG]: Skipping Lnet/minecraft/world/level/levelgen/structure/pools/JigsawPlacement;
[22:05:56] [main/DEBUG]: Skipping Lnet/minecraft/world/level/levelgen/structure/pools/JigsawPlacement$Placer;
[22:05:56] [main/DEBUG]: Skipping Lnet/minecraft/world/level/levelgen/structure/pools/JigsawPlacement$PieceState;
[22:05:56] [main/DEBUG]: Skipping Lnet/minecraft/world/level/levelgen/structure/pools/JigsawJunction;
[22:05:56] [main/DEBUG]: Skipping Lnet/minecraft/world/level/levelgen/structure/pools/FeaturePoolElement;
[22:05:56] [main/DEBUG]: Skipping Lnet/minecraft/world/level/levelgen/structure/pools/EmptyPoolElement;
[22:05:56] [main/DEBUG]: Skipping Lnet/minecraft/world/level/levelgen/structure/placement/package-info;
[22:05:56] [main/DEBUG]: Skipping Lnet/minecraft/world/level/levelgen/structure/placement/StructurePlacementType;
[22:05:56] [main/DEBUG]: Skipping Lnet/minecraft/world/level/levelgen/structure/placement/StructurePlacement;
[22:05:56] [main/DEBUG]: Skipping Lnet/minecraft/world/level/levelgen/structure/placement/StructurePlacement$FrequencyReductionMethod;
[22:05:56] [main/DEBUG]: Skipping Lnet/minecraft/world/level/levelgen/structure/placement/StructurePlacement$FrequencyReducer;
[22:05:56] [main/DEBUG]: Skipping Lnet/minecraft/world/level/levelgen/structure/placement/StructurePlacement$ExclusionZone;
[22:05:56] [main/DEBUG]: Skipping Lnet/minecraft/world/level/levelgen/structure/placement/RandomSpreadType;
[22:05:56] [main/DEBUG]: Skipping Lnet/minecraft/world/level/levelgen/structure/placement/RandomSpreadType$1;
[22:05:56] [main/DEBUG]: Skipping Lnet/minecraft/world/level/levelgen/structure/placement/RandomSpreadStructurePlacement;
[22:05:56] [main/DEBUG]: Skipping Lnet/minecraft/world/level/levelgen/structure/placement/ConcentricRingsStructurePlacement;
[22:05:56] [main/DEBUG]: Skipping Lnet/minecraft/world/level/levelgen/structure/pieces/package-info;
[22:05:56] [main/DEBUG]: Skipping Lnet/minecraft/world/level/levelgen/structure/pieces/StructurePiecesBuilder;
[22:05:56] [main/DEBUG]: Skipping Lnet/minecraft/world/level/levelgen/structure/pieces/StructurePieceType;
[22:05:56] [main/DEBUG]: Skipping Lnet/minecraft/world/level/levelgen/structure/pieces/StructurePieceType$StructureTemplateType;
[22:05:56] [main/DEBUG]: Skipping Lnet/minecraft/world/level/levelgen/structure/pieces/StructurePieceType$ContextlessType;
[22:05:56] [main/DEBUG]: Skipping Lnet/minecraft/world/level/levelgen/structure/pieces/StructurePieceSerializationContext;
[22:05:56] [main/DEBUG]: Skipping Lnet/minecraft/world/level/levelgen/structure/pieces/PiecesContainer;
[22:05:56] [main/DEBUG]: Skipping Lnet/minecraft/world/level/levelgen/structure/pieces/PieceGeneratorSupplier;
[22:05:56] [main/DEBUG]: Skipping Lnet/minecraft/world/level/levelgen/structure/pieces/PieceGeneratorSupplier$Context;
[22:05:56] [main/DEBUG]: Skipping Lnet/minecraft/world/level/levelgen/structure/pieces/PieceGenerator;
[22:05:56] [main/DEBUG]: Skipping Lnet/minecraft/world/level/levelgen/structure/pieces/PieceGenerator$Context;
[22:05:56] [main/DEBUG]: Skipping Lnet/minecraft/world/level/levelgen/structure/package-info;
[22:05:56] [main/DEBUG]: Skipping Lnet/minecraft/world/level/levelgen/structure/TerrainAdjustment;
[22:05:56] [main/DEBUG]: Skipping Lnet/minecraft/world/level/levelgen/structure/TemplateStructurePiece;
[22:05:56] [main/DEBUG]: Skipping Lnet/minecraft/world/level/levelgen/structure/StructureType;
[22:05:56] [main/DEBUG]: Skipping Lnet/minecraft/world/level/levelgen/structure/StructureSpawnOverride;
[22:05:56] [main/DEBUG]: Skipping Lnet/minecraft/world/level/levelgen/structure/StructureSpawnOverride$BoundingBoxType;
[22:05:56] [main/DEBUG]: Skipping Lnet/minecraft/world/level/levelgen/structure/StructureSet;
[22:05:56] [main/DEBUG]: Skipping Lnet/minecraft/world/level/levelgen/structure/StructureSet$StructureSelectionEntry;
[22:05:56] [main/DEBUG]: Skipping Lnet/minecraft/world/level/levelgen/structure/StructurePieceAccessor;
[22:05:56] [main/DEBUG]: Skipping Lnet/minecraft/world/level/levelgen/structure/StructureFeatureIndexSavedData;
[22:05:56] [main/DEBUG]: Skipping Lnet/minecraft/world/level/levelgen/structure/StructureCheckResult;
[22:05:56] [main/DEBUG]: Skipping Lnet/minecraft/world/level/levelgen/structure/StructureCheck;
[22:05:56] [main/DEBUG]: Skipping Lnet/minecraft/world/level/levelgen/structure/SinglePieceStructure;
[22:05:56] [main/DEBUG]: Skipping Lnet/minecraft/world/level/levelgen/structure/SinglePieceStructure$PieceConstructor;
[22:05:56] [main/DEBUG]: Skipping Lnet/minecraft/world/level/levelgen/structure/ScatteredFeaturePiece;
[22:05:56] [main/DEBUG]: Skipping Lnet/minecraft/world/level/levelgen/structure/PostPlacementProcessor;
[22:05:56] [main/DEBUG]: Skipping Lnet/minecraft/world/level/levelgen/structure/PoolElementStructurePiece;
[22:05:56] [main/DEBUG]: Skipping Lnet/minecraft/world/level/levelgen/structure/LegacyStructureDataHandler;
[22:05:56] [main/DEBUG]: Skipping Lnet/minecraft/world/level/levelgen/structure/BuiltinStructures;
[22:05:56] [main/DEBUG]: Skipping Lnet/minecraft/world/level/levelgen/structure/BuiltinStructureSets;
[22:05:56] [main/DEBUG]: Skipping Lnet/minecraft/world/level/levelgen/structure/BoundingBox;
[22:05:56] [main/DEBUG]: Skipping Lnet/minecraft/world/level/levelgen/structure/BoundingBox$1;
[22:05:56] [main/DEBUG]: Skipping Lnet/minecraft/world/level/levelgen/structure/StructureStart;
[22:05:56] [main/DEBUG]: Skipping Lnet/minecraft/world/level/levelgen/structure/StructurePiece;
[22:05:56] [main/DEBUG]: Skipping Lnet/minecraft/world/level/levelgen/structure/StructurePiece$BlockSelector;
[22:05:56] [main/DEBUG]: Skipping Lnet/minecraft/world/level/levelgen/structure/StructurePiece$1;
[22:05:56] [main/DEBUG]: Skipping Lnet/minecraft/world/level/levelgen/structure/Structure;
[22:05:56] [main/DEBUG]: Skipping Lnet/minecraft/world/level/levelgen/structure/Structure$StructureSettings;
[22:05:56] [main/DEBUG]: Skipping Lnet/minecraft/world/level/levelgen/structure/Structure$GenerationStub;
[22:05:56] [main/DEBUG]: Skipping Lnet/minecraft/world/level/levelgen/structure/Structure$GenerationContext;
[22:05:56] [main/DEBUG]: Skipping Lnet/minecraft/world/level/levelgen/presets/package-info;
[22:05:56] [main/DEBUG]: Skipping Lnet/minecraft/world/level/levelgen/presets/WorldPresets;
[22:05:56] [main/DEBUG]: Skipping Lnet/minecraft/world/level/levelgen/presets/WorldPresets$Bootstrap;
[22:05:56] [main/DEBUG]: Skipping Lnet/minecraft/world/level/levelgen/presets/WorldPreset;
[22:05:56] [main/DEBUG]: Skipping Lnet/minecraft/world/level/levelgen/placement/package-info;
[22:05:56] [main/DEBUG]: Skipping Lnet/minecraft/world/level/levelgen/placement/SurfaceWaterDepthFilter;
[22:05:56] [main/DEBUG]: Skipping Lnet/minecraft/world/level/levelgen/placement/SurfaceRelativeThresholdFilter;
[22:05:56] [main/DEBUG]: Skipping Lnet/minecraft/world/level/levelgen/placement/RepeatingPlacement;
[22:05:56] [main/DEBUG]: Skipping Lnet/minecraft/world/level/levelgen/placement/RarityFilter;
[22:05:56] [main/DEBUG]: Skipping Lnet/minecraft/world/level/levelgen/placement/RandomOffsetPlacement;
[22:05:56] [main/DEBUG]: Skipping Lnet/minecraft/world/level/levelgen/placement/PlacementModifierType;
[22:05:56] [main/DEBUG]: Skipping Lnet/minecraft/world/level/levelgen/placement/PlacementModifier;
[22:05:56] [main/DEBUG]: Skipping Lnet/minecraft/world/level/levelgen/placement/PlacementFilter;
[22:05:56] [main/DEBUG]: Skipping Lnet/minecraft/world/level/levelgen/placement/PlacementContext;
[22:05:56] [main/DEBUG]: Skipping Lnet/minecraft/world/level/levelgen/placement/PlacedFeature;
[22:05:56] [main/DEBUG]: Skipping Lnet/minecraft/world/level/levelgen/placement/NoiseThresholdCountPlacement;
[22:05:56] [main/DEBUG]: Skipping Lnet/minecraft/world/level/levelgen/placement/NoiseBasedCountPlacement;
[22:05:56] [main/DEBUG]: Skipping Lnet/minecraft/world/level/levelgen/placement/InSquarePlacement;
[22:05:56] [main/DEBUG]: Skipping Lnet/minecraft/world/level/levelgen/placement/HeightmapPlacement;
[22:05:56] [main/DEBUG]: Skipping Lnet/minecraft/world/level/levelgen/placement/HeightRangePlacement;
[22:05:56] [main/DEBUG]: Skipping Lnet/minecraft/world/level/levelgen/placement/EnvironmentScanPlacement;
[22:05:56] [main/DEBUG]: Skipping Lnet/minecraft/world/level/levelgen/placement/CountPlacement;
[22:05:56] [main/DEBUG]: Skipping Lnet/minecraft/world/level/levelgen/placement/CountOnEveryLayerPlacement;
[22:05:56] [main/DEBUG]: Skipping Lnet/minecraft/world/level/levelgen/placement/CaveSurface;
[22:05:56] [main/DEBUG]: Skipping Lnet/minecraft/world/level/levelgen/placement/CarvingMaskPlacement;
[22:05:56] [main/DEBUG]: Skipping Lnet/minecraft/world/level/levelgen/placement/BlockPredicateFilter;
[22:05:56] [main/DEBUG]: Skipping Lnet/minecraft/world/level/levelgen/placement/BiomeFilter;
[22:05:56] [main/DEBUG]: Skipping Lnet/minecraft/world/level/levelgen/package-info;
[22:05:56] [main/DEBUG]: Skipping Lnet/minecraft/world/level/levelgen/material/package-info;
[22:05:56] [main/DEBUG]: Skipping Lnet/minecraft/world/level/levelgen/material/WorldGenMaterialRule;
[22:05:56] [main/DEBUG]: Skipping Lnet/minecraft/world/level/levelgen/material/MaterialRuleList;
[22:05:56] [main/DEBUG]: Skipping Lnet/minecraft/world/level/levelgen/heightproviders/package-info;
[22:05:56] [main/DEBUG]: Skipping Lnet/minecraft/world/level/levelgen/heightproviders/WeightedListHeight;
[22:05:56] [main/DEBUG]: Skipping Lnet/minecraft/world/level/levelgen/heightproviders/VeryBiasedToBottomHeight;
[22:05:56] [main/DEBUG]: Skipping Lnet/minecraft/world/level/levelgen/heightproviders/UniformHeight;
[22:05:56] [main/DEBUG]: Skipping Lnet/minecraft/world/level/levelgen/heightproviders/TrapezoidHeight;
[22:05:56] [main/DEBUG]: Skipping Lnet/minecraft/world/level/levelgen/heightproviders/HeightProviderType;
[22:05:56] [main/DEBUG]: Skipping Lnet/minecraft/world/level/levelgen/heightproviders/HeightProvider;
[22:05:56] [main/DEBUG]: Skipping Lnet/minecraft/world/level/levelgen/heightproviders/ConstantHeight;
[22:05:56] [main/DEBUG]: Skipping Lnet/minecraft/world/level/levelgen/heightproviders/BiasedToBottomHeight;
[22:05:56] [main/DEBUG]: Skipping Lnet/minecraft/world/level/levelgen/flat/package-info;
[22:05:56] [main/DEBUG]: Skipping Lnet/minecraft/world/level/levelgen/flat/FlatLevelGeneratorSettings;
[22:05:56] [main/DEBUG]: Skipping Lnet/minecraft/world/level/levelgen/flat/FlatLevelGeneratorPresets;
[22:05:56] [main/DEBUG]: Skipping Lnet/minecraft/world/level/levelgen/flat/FlatLevelGeneratorPresets$Bootstrap;
[22:05:56] [main/DEBUG]: Skipping Lnet/minecraft/world/level/levelgen/flat/FlatLevelGeneratorPreset;
[22:05:56] [main/DEBUG]: Skipping Lnet/minecraft/world/level/levelgen/flat/FlatLayerInfo;
[22:05:56] [main/DEBUG]: Skipping Lnet/minecraft/world/level/levelgen/feature/trunkplacers/package-info;
[22:05:56] [main/DEBUG]: Skipping Lnet/minecraft/world/level/levelgen/feature/trunkplacers/UpwardsBranchingTrunkPlacer;
[22:05:56] [main/DEBUG]: Transforming class Lnet/minecraft/world/level/levelgen/feature/trunkplacers/TrunkPlacerType;
[22:05:56] [main/DEBUG]: Transforming net/minecraft/world/level/levelgen/feature/trunkplacers/TrunkPlacerType METHOD <init>(Lcom/mojang/serialization/Codec;)V to access PUBLIC and LEAVE
[22:05:56] [main/DEBUG]: Skipping Lnet/minecraft/world/level/levelgen/feature/trunkplacers/StraightTrunkPlacer;
[22:05:56] [main/DEBUG]: Skipping Lnet/minecraft/world/level/levelgen/feature/trunkplacers/MegaJungleTrunkPlacer;
[22:05:56] [main/DEBUG]: Skipping Lnet/minecraft/world/level/levelgen/feature/trunkplacers/GiantTrunkPlacer;
[22:05:56] [main/DEBUG]: Skipping Lnet/minecraft/world/level/levelgen/feature/trunkplacers/ForkingTrunkPlacer;
[22:05:56] [main/DEBUG]: Skipping Lnet/minecraft/world/level/levelgen/feature/trunkplacers/FancyTrunkPlacer;
[22:05:56] [main/DEBUG]: Skipping Lnet/minecraft/world/level/levelgen/feature/trunkplacers/FancyTrunkPlacer$FoliageCoords;
[22:05:56] [main/DEBUG]: Skipping Lnet/minecraft/world/level/levelgen/feature/trunkplacers/DarkOakTrunkPlacer;
[22:05:56] [main/DEBUG]: Skipping Lnet/minecraft/world/level/levelgen/feature/trunkplacers/CherryTrunkPlacer;
[22:05:56] [main/DEBUG]: Skipping Lnet/minecraft/world/level/levelgen/feature/trunkplacers/BendingTrunkPlacer;
[22:05:56] [main/DEBUG]: Skipping Lnet/minecraft/world/level/levelgen/feature/trunkplacers/TrunkPlacer;
[22:05:56] [main/DEBUG]: Skipping Lnet/minecraft/world/level/levelgen/feature/treedecorators/package-info;
[22:05:56] [main/DEBUG]: Skipping Lnet/minecraft/world/level/levelgen/feature/treedecorators/TrunkVineDecorator;
[22:05:56] [main/DEBUG]: Transforming class Lnet/minecraft/world/level/levelgen/feature/treedecorators/TreeDecoratorType;
[22:05:56] [main/DEBUG]: Transforming net/minecraft/world/level/levelgen/feature/treedecorators/TreeDecoratorType METHOD <init>(Lcom/mojang/serialization/Codec;)V to access PUBLIC and LEAVE
[22:05:56] [main/DEBUG]: Skipping Lnet/minecraft/world/level/levelgen/feature/treedecorators/TreeDecorator;
[22:05:56] [main/DEBUG]: Skipping Lnet/minecraft/world/level/levelgen/feature/treedecorators/TreeDecorator$Context;
[22:05:56] [main/DEBUG]: Skipping Lnet/minecraft/world/level/levelgen/feature/treedecorators/LeaveVineDecorator;
[22:05:56] [main/DEBUG]: Skipping Lnet/minecraft/world/level/levelgen/feature/treedecorators/CocoaDecorator;
[22:05:56] [main/DEBUG]: Skipping Lnet/minecraft/world/level/levelgen/feature/treedecorators/BeehiveDecorator;
[22:05:56] [main/DEBUG]: Skipping Lnet/minecraft/world/level/levelgen/feature/treedecorators/AttachedToLeavesDecorator;
[22:05:56] [main/DEBUG]: Skipping Lnet/minecraft/world/level/levelgen/feature/treedecorators/AlterGroundDecorator;
[22:05:56] [main/DEBUG]: Skipping Lnet/minecraft/world/level/levelgen/feature/stateproviders/package-info;
[22:05:56] [main/DEBUG]: Skipping Lnet/minecraft/world/level/levelgen/feature/stateproviders/WeightedStateProvider;
[22:05:56] [main/DEBUG]: Skipping Lnet/minecraft/world/level/levelgen/feature/stateproviders/SimpleStateProvider;
[22:05:56] [main/DEBUG]: Skipping Lnet/minecraft/world/level/levelgen/feature/stateproviders/RuleBasedBlockStateProvider;
[22:05:56] [main/DEBUG]: Skipping Lnet/minecraft/world/level/levelgen/feature/stateproviders/RuleBasedBlockStateProvider$Rule;
[22:05:56] [main/DEBUG]: Skipping Lnet/minecraft/world/level/levelgen/feature/stateproviders/RotatedBlockProvider;
[22:05:56] [main/DEBUG]: Skipping Lnet/minecraft/world/level/levelgen/feature/stateproviders/RandomizedIntStateProvider;
[22:05:56] [main/DEBUG]: Skipping Lnet/minecraft/world/level/levelgen/feature/stateproviders/NoiseThresholdProvider;
[22:05:56] [main/DEBUG]: Skipping Lnet/minecraft/world/level/levelgen/feature/stateproviders/NoiseProvider;
[22:05:56] [main/DEBUG]: Skipping Lnet/minecraft/world/level/levelgen/feature/stateproviders/NoiseBasedStateProvider;
[22:05:56] [main/DEBUG]: Skipping Lnet/minecraft/world/level/levelgen/feature/stateproviders/DualNoiseProvider;
[22:05:56] [main/DEBUG]: Transforming class Lnet/minecraft/world/level/levelgen/feature/stateproviders/BlockStateProviderType;
[22:05:56] [main/DEBUG]: Transforming net/minecraft/world/level/levelgen/feature/stateproviders/BlockStateProviderType METHOD <init>(Lcom/mojang/serialization/Codec;)V to access PUBLIC and LEAVE
[22:05:56] [main/DEBUG]: Skipping Lnet/minecraft/world/level/levelgen/feature/stateproviders/BlockStateProvider;
[22:05:56] [main/DEBUG]: Skipping Lnet/minecraft/world/level/levelgen/feature/rootplacers/package-info;
[22:05:56] [main/DEBUG]: Transforming class Lnet/minecraft/world/level/levelgen/feature/rootplacers/RootPlacerType;
[22:05:56] [main/DEBUG]: Transforming net/minecraft/world/level/levelgen/feature/rootplacers/RootPlacerType METHOD <init>(Lcom/mojang/serialization/Codec;)V to access PUBLIC and LEAVE
[22:05:56] [main/DEBUG]: Skipping Lnet/minecraft/world/level/levelgen/feature/rootplacers/RootPlacer;
[22:05:56] [main/DEBUG]: Skipping Lnet/minecraft/world/level/levelgen/feature/rootplacers/MangroveRootPlacer;
[22:05:56] [main/DEBUG]: Skipping Lnet/minecraft/world/level/levelgen/feature/rootplacers/MangroveRootPlacement;
[22:05:56] [main/DEBUG]: Skipping Lnet/minecraft/world/level/levelgen/feature/rootplacers/AboveRootPlacement;
[22:05:56] [main/DEBUG]: Skipping Lnet/minecraft/world/level/levelgen/feature/package-info;
[22:05:56] [main/DEBUG]: Skipping Lnet/minecraft/world/level/levelgen/feature/foliageplacers/package-info;
[22:05:56] [main/DEBUG]: Skipping Lnet/minecraft/world/level/levelgen/feature/foliageplacers/SpruceFoliagePlacer;
[22:05:56] [main/DEBUG]: Skipping Lnet/minecraft/world/level/levelgen/feature/foliageplacers/RandomSpreadFoliagePlacer;
[22:05:56] [main/DEBUG]: Skipping Lnet/minecraft/world/level/levelgen/feature/foliageplacers/PineFoliagePlacer;
[22:05:56] [main/DEBUG]: Skipping Lnet/minecraft/world/level/levelgen/feature/foliageplacers/MegaPineFoliagePlacer;
[22:05:56] [main/DEBUG]: Skipping Lnet/minecraft/world/level/levelgen/feature/foliageplacers/MegaJungleFoliagePlacer;
[22:05:56] [main/DEBUG]: Transforming class Lnet/minecraft/world/level/levelgen/feature/foliageplacers/FoliagePlacerType;
[22:05:56] [main/DEBUG]: Transforming net/minecraft/world/level/levelgen/feature/foliageplacers/FoliagePlacerType METHOD <init>(Lcom/mojang/serialization/Codec;)V to access PUBLIC and LEAVE
[22:05:56] [main/DEBUG]: Skipping Lnet/minecraft/world/level/levelgen/feature/foliageplacers/FoliagePlacer;
[22:05:56] [main/DEBUG]: Skipping Lnet/minecraft/world/level/levelgen/feature/foliageplacers/FoliagePlacer$FoliageSetter;
[22:05:56] [main/DEBUG]: Skipping Lnet/minecraft/world/level/levelgen/feature/foliageplacers/FoliagePlacer$FoliageAttachment;
[22:05:56] [main/DEBUG]: Skipping Lnet/minecraft/world/level/levelgen/feature/foliageplacers/FancyFoliagePlacer;
[22:05:56] [main/DEBUG]: Skipping Lnet/minecraft/world/level/levelgen/feature/foliageplacers/DarkOakFoliagePlacer;
[22:05:56] [main/DEBUG]: Skipping Lnet/minecraft/world/level/levelgen/feature/foliageplacers/CherryFoliagePlacer;
[22:05:56] [main/DEBUG]: Skipping Lnet/minecraft/world/level/levelgen/feature/foliageplacers/BushFoliagePlacer;
[22:05:56] [main/DEBUG]: Skipping Lnet/minecraft/world/level/levelgen/feature/foliageplacers/BlobFoliagePlacer;
[22:05:56] [main/DEBUG]: Skipping Lnet/minecraft/world/level/levelgen/feature/foliageplacers/AcaciaFoliagePlacer;
[22:05:56] [main/DEBUG]: Skipping Lnet/minecraft/world/level/levelgen/feature/featuresize/package-info;
[22:05:56] [main/DEBUG]: Skipping Lnet/minecraft/world/level/levelgen/feature/featuresize/TwoLayersFeatureSize;
[22:05:56] [main/DEBUG]: Skipping Lnet/minecraft/world/level/levelgen/feature/featuresize/ThreeLayersFeatureSize;
[22:05:56] [main/DEBUG]: Transforming class Lnet/minecraft/world/level/levelgen/feature/featuresize/FeatureSizeType;
[22:05:56] [main/DEBUG]: Transforming net/minecraft/world/level/levelgen/feature/featuresize/FeatureSizeType METHOD <init>(Lcom/mojang/serialization/Codec;)V to access PUBLIC and LEAVE
[22:05:56] [main/DEBUG]: Skipping Lnet/minecraft/world/level/levelgen/feature/featuresize/FeatureSize;
[22:05:56] [main/DEBUG]: Skipping Lnet/minecraft/world/level/levelgen/feature/configurations/package-info;
[22:05:56] [main/DEBUG]: Skipping Lnet/minecraft/world/level/levelgen/feature/configurations/VegetationPatchConfiguration;
[22:05:56] [main/DEBUG]: Skipping Lnet/minecraft/world/level/levelgen/feature/configurations/UnderwaterMagmaConfiguration;
[22:05:56] [main/DEBUG]: Skipping Lnet/minecraft/world/level/levelgen/feature/configurations/TwistingVinesConfig;
[22:05:56] [main/DEBUG]: Skipping Lnet/minecraft/world/level/levelgen/feature/configurations/SpringConfiguration;
[22:05:56] [main/DEBUG]: Skipping Lnet/minecraft/world/level/levelgen/feature/configurations/SpikeConfiguration;
[22:05:56] [main/DEBUG]: Skipping Lnet/minecraft/world/level/levelgen/feature/configurations/SimpleRandomFeatureConfiguration;
[22:05:56] [main/DEBUG]: Skipping Lnet/minecraft/world/level/levelgen/feature/configurations/SimpleBlockConfiguration;
[22:05:56] [main/DEBUG]: Skipping Lnet/minecraft/world/level/levelgen/feature/configurations/SculkPatchConfiguration;
[22:05:56] [main/DEBUG]: Skipping Lnet/minecraft/world/level/levelgen/feature/configurations/RootSystemConfiguration;
[22:05:56] [main/DEBUG]: Skipping Lnet/minecraft/world/level/levelgen/feature/configurations/ReplaceSphereConfiguration;
[22:05:56] [main/DEBUG]: Skipping Lnet/minecraft/world/level/levelgen/feature/configurations/ReplaceBlockConfiguration;
[22:05:56] [main/DEBUG]: Skipping Lnet/minecraft/world/level/levelgen/feature/configurations/RandomPatchConfiguration;
[22:05:56] [main/DEBUG]: Skipping Lnet/minecraft/world/level/levelgen/feature/configurations/RandomFeatureConfiguration;
[22:05:56] [main/DEBUG]: Skipping Lnet/minecraft/world/level/levelgen/feature/configurations/RandomBooleanFeatureConfiguration;
[22:05:56] [main/DEBUG]: Skipping Lnet/minecraft/world/level/levelgen/feature/configurations/ProbabilityFeatureConfiguration;
[22:05:56] [main/DEBUG]: Skipping Lnet/minecraft/world/level/levelgen/feature/configurations/PointedDripstoneConfiguration;
[22:05:56] [main/DEBUG]: Skipping Lnet/minecraft/world/level/levelgen/feature/configurations/OreConfiguration;
[22:05:56] [main/DEBUG]: Skipping Lnet/minecraft/world/level/levelgen/feature/configurations/OreConfiguration$TargetBlockState;
[22:05:56] [main/DEBUG]: Skipping Lnet/minecraft/world/level/levelgen/feature/configurations/NoneFeatureConfiguration;
[22:05:56] [main/DEBUG]: Skipping Lnet/minecraft/world/level/levelgen/feature/configurations/NetherForestVegetationConfig;
[22:05:56] [main/DEBUG]: Skipping Lnet/minecraft/world/level/levelgen/feature/configurations/MultifaceGrowthConfiguration;
[22:05:56] [main/DEBUG]: Skipping Lnet/minecraft/world/level/levelgen/feature/configurations/LayerConfiguration;
[22:05:56] [main/DEBUG]: Skipping Lnet/minecraft/world/level/levelgen/feature/configurations/LargeDripstoneConfiguration;
[22:05:56] [main/DEBUG]: Skipping Lnet/minecraft/world/level/levelgen/feature/configurations/HugeMushroomFeatureConfiguration;
[22:05:56] [main/DEBUG]: Skipping Lnet/minecraft/world/level/levelgen/feature/configurations/GeodeConfiguration;
[22:05:56] [main/DEBUG]: Skipping Lnet/minecraft/world/level/levelgen/feature/configurations/FeatureConfiguration;
[22:05:56] [main/DEBUG]: Skipping Lnet/minecraft/world/level/levelgen/feature/configurations/EndGatewayConfiguration;
[22:05:56] [main/DEBUG]: Skipping Lnet/minecraft/world/level/levelgen/feature/configurations/DripstoneClusterConfiguration;
[22:05:56] [main/DEBUG]: Skipping Lnet/minecraft/world/level/levelgen/feature/configurations/DiskConfiguration;
[22:05:56] [main/DEBUG]: Skipping Lnet/minecraft/world/level/levelgen/feature/configurations/DeltaFeatureConfiguration;
[22:05:56] [main/DEBUG]: Skipping Lnet/minecraft/world/level/levelgen/feature/configurations/CountConfiguration;
[22:05:56] [main/DEBUG]: Skipping Lnet/minecraft/world/level/levelgen/feature/configurations/ColumnFeatureConfiguration;
[22:05:56] [main/DEBUG]: Skipping Lnet/minecraft/world/level/levelgen/feature/configurations/BlockStateConfiguration;
[22:05:56] [main/DEBUG]: Skipping Lnet/minecraft/world/level/levelgen/feature/configurations/BlockPileConfiguration;
[22:05:56] [main/DEBUG]: Skipping Lnet/minecraft/world/level/levelgen/feature/configurations/BlockColumnConfiguration;
[22:05:56] [main/DEBUG]: Skipping Lnet/minecraft/world/level/levelgen/feature/configurations/BlockColumnConfiguration$Layer;
[22:05:56] [main/DEBUG]: Skipping Lnet/minecraft/world/level/levelgen/feature/configurations/TreeConfiguration;
[22:05:56] [main/DEBUG]: Skipping Lnet/minecraft/world/level/levelgen/feature/configurations/TreeConfiguration$TreeConfigurationBuilder;
[22:05:56] [main/DEBUG]: Skipping Lnet/minecraft/world/level/levelgen/feature/WeightedPlacedFeature;
[22:05:56] [main/DEBUG]: Skipping Lnet/minecraft/world/level/levelgen/feature/WeepingVinesFeature;
[22:05:56] [main/DEBUG]: Skipping Lnet/minecraft/world/level/levelgen/feature/WaterloggedVegetationPatchFeature;
[22:05:56] [main/DEBUG]: Skipping Lnet/minecraft/world/level/levelgen/feature/VoidStartPlatformFeature;
[22:05:56] [main/DEBUG]: Skipping Lnet/minecraft/world/level/levelgen/feature/VinesFeature;
[22:05:56] [main/DEBUG]: Skipping Lnet/minecraft/world/level/levelgen/feature/VegetationPatchFeature;
[22:05:56] [main/DEBUG]: Skipping Lnet/minecraft/world/level/levelgen/feature/UnderwaterMagmaFeature;
[22:05:56] [main/DEBUG]: Skipping Lnet/minecraft/world/level/levelgen/feature/TwistingVinesFeature;
[22:05:56] [main/DEBUG]: Skipping Lnet/minecraft/world/level/levelgen/feature/TreeFeature;
[22:05:56] [main/DEBUG]: Skipping Lnet/minecraft/world/level/levelgen/feature/TreeFeature$1;
[22:05:56] [main/DEBUG]: Skipping Lnet/minecraft/world/level/levelgen/feature/SpringFeature;
[22:05:56] [main/DEBUG]: Skipping Lnet/minecraft/world/level/levelgen/feature/SpikeFeature;
[22:05:56] [main/DEBUG]: Skipping Lnet/minecraft/world/level/levelgen/feature/SpikeFeature$SpikeCacheLoader;
[22:05:56] [main/DEBUG]: Skipping Lnet/minecraft/world/level/levelgen/feature/SpikeFeature$EndSpike;
[22:05:56] [main/DEBUG]: Skipping Lnet/minecraft/world/level/levelgen/feature/SnowAndFreezeFeature;
[22:05:56] [main/DEBUG]: Skipping Lnet/minecraft/world/level/levelgen/feature/SimpleRandomSelectorFeature;
[22:05:56] [main/DEBUG]: Skipping Lnet/minecraft/world/level/levelgen/feature/SimpleBlockFeature;
[22:05:56] [main/DEBUG]: Skipping Lnet/minecraft/world/level/levelgen/feature/SeagrassFeature;
[22:05:56] [main/DEBUG]: Skipping Lnet/minecraft/world/level/levelgen/feature/SeaPickleFeature;
[22:05:56] [main/DEBUG]: Skipping Lnet/minecraft/world/level/levelgen/feature/SculkPatchFeature;
[22:05:56] [main/DEBUG]: Skipping Lnet/minecraft/world/level/levelgen/feature/ScatteredOreFeature;
[22:05:56] [main/DEBUG]: Skipping Lnet/minecraft/world/level/levelgen/feature/RootSystemFeature;
[22:05:56] [main/DEBUG]: Skipping Lnet/minecraft/world/level/levelgen/feature/ReplaceBlockFeature;
[22:05:56] [main/DEBUG]: Skipping Lnet/minecraft/world/level/levelgen/feature/ReplaceBlobsFeature;
[22:05:56] [main/DEBUG]: Skipping Lnet/minecraft/world/level/levelgen/feature/RandomSelectorFeature;
[22:05:56] [main/DEBUG]: Skipping Lnet/minecraft/world/level/levelgen/feature/RandomPatchFeature;
[22:05:56] [main/DEBUG]: Skipping Lnet/minecraft/world/level/levelgen/feature/RandomBooleanSelectorFeature;
[22:05:56] [main/DEBUG]: Skipping Lnet/minecraft/world/level/levelgen/feature/PointedDripstoneFeature;
[22:05:56] [main/DEBUG]: Skipping Lnet/minecraft/world/level/levelgen/feature/OreFeature;
[22:05:56] [main/DEBUG]: Skipping Lnet/minecraft/world/level/levelgen/feature/NoOpFeature;
[22:05:56] [main/DEBUG]: Skipping Lnet/minecraft/world/level/levelgen/feature/NetherForestVegetationFeature;
[22:05:56] [main/DEBUG]: Skipping Lnet/minecraft/world/level/levelgen/feature/MultifaceGrowthFeature;
[22:05:56] [main/DEBUG]: Skipping Lnet/minecraft/world/level/levelgen/feature/LargeDripstoneFeature;
[22:05:56] [main/DEBUG]: Skipping Lnet/minecraft/world/level/levelgen/feature/LargeDripstoneFeature$WindOffsetter;
[22:05:56] [main/DEBUG]: Skipping Lnet/minecraft/world/level/levelgen/feature/LargeDripstoneFeature$LargeDripstone;
[22:05:56] [main/DEBUG]: Skipping Lnet/minecraft/world/level/levelgen/feature/LakeFeature;
[22:05:56] [main/DEBUG]: Skipping Lnet/minecraft/world/level/levelgen/feature/LakeFeature$Configuration;
[22:05:56] [main/DEBUG]: Skipping Lnet/minecraft/world/level/levelgen/feature/KelpFeature;
[22:05:56] [main/DEBUG]: Skipping Lnet/minecraft/world/level/levelgen/feature/IcebergFeature;
[22:05:56] [main/DEBUG]: Skipping Lnet/minecraft/world/level/levelgen/feature/IceSpikeFeature;
[22:05:56] [main/DEBUG]: Skipping Lnet/minecraft/world/level/levelgen/feature/HugeRedMushroomFeature;
[22:05:56] [main/DEBUG]: Skipping Lnet/minecraft/world/level/levelgen/feature/HugeFungusFeature;
[22:05:56] [main/DEBUG]: Skipping Lnet/minecraft/world/level/levelgen/feature/HugeFungusConfiguration;
[22:05:56] [main/DEBUG]: Skipping Lnet/minecraft/world/level/levelgen/feature/HugeBrownMushroomFeature;
[22:05:56] [main/DEBUG]: Skipping Lnet/minecraft/world/level/levelgen/feature/GlowstoneFeature;
[22:05:56] [main/DEBUG]: Skipping Lnet/minecraft/world/level/levelgen/feature/GeodeFeature;
[22:05:56] [main/DEBUG]: Skipping Lnet/minecraft/world/level/levelgen/feature/FossilFeatureConfiguration;
[22:05:56] [main/DEBUG]: Skipping Lnet/minecraft/world/level/levelgen/feature/FossilFeature;
[22:05:56] [main/DEBUG]: Skipping Lnet/minecraft/world/level/levelgen/feature/FillLayerFeature;
[22:05:56] [main/DEBUG]: Skipping Lnet/minecraft/world/level/levelgen/feature/FeaturePlaceContext;
[22:05:56] [main/DEBUG]: Skipping Lnet/minecraft/world/level/levelgen/feature/FeatureCountTracker;
[22:05:56] [main/DEBUG]: Skipping Lnet/minecraft/world/level/levelgen/feature/FeatureCountTracker$LevelData;
[22:05:56] [main/DEBUG]: Skipping Lnet/minecraft/world/level/levelgen/feature/FeatureCountTracker$FeatureData;
[22:05:56] [main/DEBUG]: Skipping Lnet/minecraft/world/level/levelgen/feature/FeatureCountTracker$1;
[22:05:56] [main/DEBUG]: Skipping Lnet/minecraft/world/level/levelgen/feature/EndPodiumFeature;
[22:05:56] [main/DEBUG]: Skipping Lnet/minecraft/world/level/levelgen/feature/EndIslandFeature;
[22:05:56] [main/DEBUG]: Skipping Lnet/minecraft/world/level/levelgen/feature/EndGatewayFeature;
[22:05:56] [main/DEBUG]: Skipping Lnet/minecraft/world/level/levelgen/feature/DripstoneUtils;
[22:05:56] [main/DEBUG]: Skipping Lnet/minecraft/world/level/levelgen/feature/DripstoneClusterFeature;
[22:05:56] [main/DEBUG]: Skipping Lnet/minecraft/world/level/levelgen/feature/DiskFeature;
[22:05:56] [main/DEBUG]: Skipping Lnet/minecraft/world/level/levelgen/feature/DesertWellFeature;
[22:05:56] [main/DEBUG]: Skipping Lnet/minecraft/world/level/levelgen/feature/DeltaFeature;
[22:05:56] [main/DEBUG]: Skipping Lnet/minecraft/world/level/levelgen/feature/CoralTreeFeature;
[22:05:56] [main/DEBUG]: Skipping Lnet/minecraft/world/level/levelgen/feature/CoralMushroomFeature;
[22:05:56] [main/DEBUG]: Skipping Lnet/minecraft/world/level/levelgen/feature/CoralFeature;
[22:05:56] [main/DEBUG]: Skipping Lnet/minecraft/world/level/levelgen/feature/CoralClawFeature;
[22:05:56] [main/DEBUG]: Skipping Lnet/minecraft/world/level/levelgen/feature/ConfiguredFeature;
[22:05:56] [main/DEBUG]: Skipping Lnet/minecraft/world/level/levelgen/feature/ChorusPlantFeature;
[22:05:56] [main/DEBUG]: Skipping Lnet/minecraft/world/level/levelgen/feature/BonusChestFeature;
[22:05:56] [main/DEBUG]: Skipping Lnet/minecraft/world/level/levelgen/feature/BlueIceFeature;
[22:05:56] [main/DEBUG]: Skipping Lnet/minecraft/world/level/levelgen/feature/BlockPileFeature;
[22:05:56] [main/DEBUG]: Skipping Lnet/minecraft/world/level/levelgen/feature/BlockColumnFeature;
[22:05:56] [main/DEBUG]: Skipping Lnet/minecraft/world/level/levelgen/feature/BlockBlobFeature;
[22:05:56] [main/DEBUG]: Skipping Lnet/minecraft/world/level/levelgen/feature/BasaltPillarFeature;
[22:05:56] [main/DEBUG]: Skipping Lnet/minecraft/world/level/levelgen/feature/BasaltColumnsFeature;
[22:05:56] [main/DEBUG]: Skipping Lnet/minecraft/world/level/levelgen/feature/BambooFeature;
[22:05:56] [main/DEBUG]: Skipping Lnet/minecraft/world/level/levelgen/feature/AbstractHugeMushroomFeature;
[22:05:56] [main/DEBUG]: Skipping Lnet/minecraft/world/level/levelgen/feature/MonsterRoomFeature;
[22:05:56] [main/DEBUG]: Skipping Lnet/minecraft/world/level/levelgen/feature/Feature;
[22:05:56] [main/DEBUG]: Skipping Lnet/minecraft/world/level/levelgen/carver/package-info;
[22:05:56] [main/DEBUG]: Skipping Lnet/minecraft/world/level/levelgen/carver/WorldCarver;
[22:05:56] [main/DEBUG]: Skipping Lnet/minecraft/world/level/levelgen/carver/WorldCarver$CarveSkipChecker;
[22:05:56] [main/DEBUG]: Skipping Lnet/minecraft/world/level/levelgen/carver/NetherWorldCarver;
[22:05:56] [main/DEBUG]: Skipping Lnet/minecraft/world/level/levelgen/carver/ConfiguredWorldCarver;
[22:05:56] [main/DEBUG]: Skipping Lnet/minecraft/world/level/levelgen/carver/CaveWorldCarver;
[22:05:56] [main/DEBUG]: Skipping Lnet/minecraft/world/level/levelgen/carver/CaveCarverConfiguration;
[22:05:56] [main/DEBUG]: Skipping Lnet/minecraft/world/level/levelgen/carver/CarvingContext;
[22:05:56] [main/DEBUG]: Skipping Lnet/minecraft/world/level/levelgen/carver/CarverDebugSettings;
[22:05:56] [main/DEBUG]: Skipping Lnet/minecraft/world/level/levelgen/carver/CarverConfiguration;
[22:05:56] [main/DEBUG]: Skipping Lnet/minecraft/world/level/levelgen/carver/CanyonWorldCarver;
[22:05:56] [main/DEBUG]: Skipping Lnet/minecraft/world/level/levelgen/carver/CanyonCarverConfiguration;
[22:05:56] [main/DEBUG]: Skipping Lnet/minecraft/world/level/levelgen/carver/CanyonCarverConfiguration$CanyonShapeConfiguration;
[22:05:56] [main/DEBUG]: Skipping Lnet/minecraft/world/level/levelgen/blockpredicates/package-info;
[22:05:56] [main/DEBUG]: Skipping Lnet/minecraft/world/level/levelgen/blockpredicates/WouldSurvivePredicate;
[22:05:56] [main/DEBUG]: Skipping Lnet/minecraft/world/level/levelgen/blockpredicates/TrueBlockPredicate;
[22:05:56] [main/DEBUG]: Skipping Lnet/minecraft/world/level/levelgen/blockpredicates/StateTestingPredicate;
[22:05:56] [main/DEBUG]: Skipping Lnet/minecraft/world/level/levelgen/blockpredicates/SolidPredicate;
[22:05:56] [main/DEBUG]: Skipping Lnet/minecraft/world/level/levelgen/blockpredicates/ReplaceablePredicate;
[22:05:56] [main/DEBUG]: Skipping Lnet/minecraft/world/level/levelgen/blockpredicates/NotPredicate;
[22:05:56] [main/DEBUG]: Skipping Lnet/minecraft/world/level/levelgen/blockpredicates/MatchingFluidsPredicate;
[22:05:56] [main/DEBUG]: Skipping Lnet/minecraft/world/level/levelgen/blockpredicates/MatchingBlocksPredicate;
[22:05:56] [main/DEBUG]: Skipping Lnet/minecraft/world/level/levelgen/blockpredicates/MatchingBlockTagPredicate;
[22:05:56] [main/DEBUG]: Skipping Lnet/minecraft/world/level/levelgen/blockpredicates/InsideWorldBoundsPredicate;
[22:05:56] [main/DEBUG]: Skipping Lnet/minecraft/world/level/levelgen/blockpredicates/HasSturdyFacePredicate;
[22:05:56] [main/DEBUG]: Skipping Lnet/minecraft/world/level/levelgen/blockpredicates/CombiningPredicate;
[22:05:56] [main/DEBUG]: Skipping Lnet/minecraft/world/level/levelgen/blockpredicates/BlockPredicateType;
[22:05:56] [main/DEBUG]: Skipping Lnet/minecraft/world/level/levelgen/blockpredicates/BlockPredicate;
[22:05:56] [main/DEBUG]: Skipping Lnet/minecraft/world/level/levelgen/blockpredicates/AnyOfPredicate;
[22:05:56] [main/DEBUG]: Skipping Lnet/minecraft/world/level/levelgen/blockpredicates/AllOfPredicate;
[22:05:56] [main/DEBUG]: Skipping Lnet/minecraft/world/level/levelgen/blending/package-info;
[22:05:56] [main/DEBUG]: Skipping Lnet/minecraft/world/level/levelgen/blending/BlendingData;
[22:05:56] [main/DEBUG]: Skipping Lnet/minecraft/world/level/levelgen/blending/BlendingData$HeightConsumer;
[22:05:56] [main/DEBUG]: Skipping Lnet/minecraft/world/level/levelgen/blending/BlendingData$DensityConsumer;
[22:05:56] [main/DEBUG]: Skipping Lnet/minecraft/world/level/levelgen/blending/BlendingData$BiomeConsumer;
[22:05:56] [main/DEBUG]: Skipping Lnet/minecraft/world/level/levelgen/blending/Blender;
[22:05:56] [main/DEBUG]: Skipping Lnet/minecraft/world/level/levelgen/blending/Blender$DistanceGetter;
[22:05:56] [main/DEBUG]: Skipping Lnet/minecraft/world/level/levelgen/blending/Blender$CellValueGetter;
[22:05:56] [main/DEBUG]: Skipping Lnet/minecraft/world/level/levelgen/blending/Blender$BlendingOutput;
[22:05:56] [main/DEBUG]: Skipping Lnet/minecraft/world/level/levelgen/blending/Blender$1;
[22:05:56] [main/DEBUG]: Skipping Lnet/minecraft/world/level/levelgen/XoroshiroRandomSource;
[22:05:56] [main/DEBUG]: Skipping Lnet/minecraft/world/level/levelgen/XoroshiroRandomSource$XoroshiroPositionalRandomFactory;
[22:05:56] [main/DEBUG]: Skipping Lnet/minecraft/world/level/levelgen/Xoroshiro128PlusPlus;
[22:05:56] [main/DEBUG]: Skipping Lnet/minecraft/world/level/levelgen/WorldgenRandom;
[22:05:56] [main/DEBUG]: Skipping Lnet/minecraft/world/level/levelgen/WorldgenRandom$Algorithm;
[22:05:56] [main/DEBUG]: Skipping Lnet/minecraft/world/level/levelgen/WorldOptions;
[22:05:56] [main/DEBUG]: Skipping Lnet/minecraft/world/level/levelgen/WorldGenerationContext;
[22:05:56] [main/DEBUG]: Skipping Lnet/minecraft/world/level/levelgen/WorldGenSettings;
[22:05:56] [main/DEBUG]: Skipping Lnet/minecraft/world/level/levelgen/WorldDimensions;
[22:05:56] [main/DEBUG]: Skipping Lnet/minecraft/world/level/levelgen/WorldDimensions$Complete;
[22:05:56] [main/DEBUG]: Skipping Lnet/minecraft/world/level/levelgen/WorldDimensions$1Entry;
[22:05:56] [main/DEBUG]: Skipping Lnet/minecraft/world/level/levelgen/VerticalAnchor;
[22:05:56] [main/DEBUG]: Skipping Lnet/minecraft/world/level/levelgen/VerticalAnchor$BelowTop;
[22:05:56] [main/DEBUG]: Skipping Lnet/minecraft/world/level/levelgen/VerticalAnchor$Absolute;
[22:05:56] [main/DEBUG]: Skipping Lnet/minecraft/world/level/levelgen/VerticalAnchor$AboveBottom;
[22:05:56] [main/DEBUG]: Skipping Lnet/minecraft/world/level/levelgen/ThreadSafeLegacyRandomSource;
[22:05:56] [main/DEBUG]: Skipping Lnet/minecraft/world/level/levelgen/SurfaceSystem;
[22:05:56] [main/DEBUG]: Skipping Lnet/minecraft/world/level/levelgen/SurfaceSystem$1;
[22:05:56] [main/DEBUG]: Skipping Lnet/minecraft/world/level/levelgen/SurfaceRules;
[22:05:56] [main/DEBUG]: Skipping Lnet/minecraft/world/level/levelgen/SurfaceRules$YConditionSource;
[22:05:56] [main/DEBUG]: Skipping Lnet/minecraft/world/level/levelgen/SurfaceRules$YConditionSource$1YCondition;
[22:05:56] [main/DEBUG]: Skipping Lnet/minecraft/world/level/levelgen/SurfaceRules$WaterConditionSource;
[22:05:56] [main/DEBUG]: Skipping Lnet/minecraft/world/level/levelgen/SurfaceRules$WaterConditionSource$1WaterCondition;
[22:05:56] [main/DEBUG]: Skipping Lnet/minecraft/world/level/levelgen/SurfaceRules$VerticalGradientConditionSource;
[22:05:56] [main/DEBUG]: Skipping Lnet/minecraft/world/level/levelgen/SurfaceRules$VerticalGradientConditionSource$1VerticalGradientCondition;
[22:05:56] [main/DEBUG]: Skipping Lnet/minecraft/world/level/levelgen/SurfaceRules$TestRuleSource;
[22:05:56] [main/DEBUG]: Skipping Lnet/minecraft/world/level/levelgen/SurfaceRules$TestRule;
[22:05:56] [main/DEBUG]: Skipping Lnet/minecraft/world/level/levelgen/SurfaceRules$Temperature;
[22:05:56] [main/DEBUG]: Skipping Lnet/minecraft/world/level/levelgen/SurfaceRules$SurfaceRule;
[22:05:56] [main/DEBUG]: Skipping Lnet/minecraft/world/level/levelgen/SurfaceRules$StoneDepthCheck;
[22:05:56] [main/DEBUG]: Skipping Lnet/minecraft/world/level/levelgen/SurfaceRules$StoneDepthCheck$1StoneDepthCondition;
[22:05:56] [main/DEBUG]: Skipping Lnet/minecraft/world/level/levelgen/SurfaceRules$Steep;
[22:05:56] [main/DEBUG]: Skipping Lnet/minecraft/world/level/levelgen/SurfaceRules$StateRule;
[22:05:56] [main/DEBUG]: Skipping Lnet/minecraft/world/level/levelgen/SurfaceRules$SequenceRuleSource;
[22:05:56] [main/DEBUG]: Skipping Lnet/minecraft/world/level/levelgen/SurfaceRules$SequenceRule;
[22:05:56] [main/DEBUG]: Skipping Lnet/minecraft/world/level/levelgen/SurfaceRules$RuleSource;
[22:05:56] [main/DEBUG]: Skipping Lnet/minecraft/world/level/levelgen/SurfaceRules$NotConditionSource;
[22:05:56] [main/DEBUG]: Skipping Lnet/minecraft/world/level/levelgen/SurfaceRules$NotCondition;
[22:05:56] [main/DEBUG]: Skipping Lnet/minecraft/world/level/levelgen/SurfaceRules$NoiseThresholdConditionSource;
[22:05:56] [main/DEBUG]: Skipping Lnet/minecraft/world/level/levelgen/SurfaceRules$NoiseThresholdConditionSource$1NoiseThresholdCondition;
[22:05:56] [main/DEBUG]: Skipping Lnet/minecraft/world/level/levelgen/SurfaceRules$LazyYCondition;
[22:05:56] [main/DEBUG]: Skipping Lnet/minecraft/world/level/levelgen/SurfaceRules$LazyXZCondition;
[22:05:56] [main/DEBUG]: Skipping Lnet/minecraft/world/level/levelgen/SurfaceRules$LazyCondition;
[22:05:56] [main/DEBUG]: Skipping Lnet/minecraft/world/level/levelgen/SurfaceRules$Hole;
[22:05:56] [main/DEBUG]: Skipping Lnet/minecraft/world/level/levelgen/SurfaceRules$Context;
[22:05:56] [main/DEBUG]: Skipping Lnet/minecraft/world/level/levelgen/SurfaceRules$Context$TemperatureHelperCondition;
[22:05:56] [main/DEBUG]: Skipping Lnet/minecraft/world/level/levelgen/SurfaceRules$Context$SteepMaterialCondition;
[22:05:56] [main/DEBUG]: Skipping Lnet/minecraft/world/level/levelgen/SurfaceRules$Context$HoleCondition;
[22:05:56] [main/DEBUG]: Skipping Lnet/minecraft/world/level/levelgen/SurfaceRules$Context$AbovePreliminarySurfaceCondition;
[22:05:56] [main/DEBUG]: Skipping Lnet/minecraft/world/level/levelgen/SurfaceRules$ConditionSource;
[22:05:56] [main/DEBUG]: Skipping Lnet/minecraft/world/level/levelgen/SurfaceRules$Condition;
[22:05:56] [main/DEBUG]: Skipping Lnet/minecraft/world/level/levelgen/SurfaceRules$BlockRuleSource;
[22:05:56] [main/DEBUG]: Skipping Lnet/minecraft/world/level/levelgen/SurfaceRules$BiomeConditionSource;
[22:05:56] [main/DEBUG]: Skipping Lnet/minecraft/world/level/levelgen/SurfaceRules$BiomeConditionSource$1BiomeCondition;
[22:05:56] [main/DEBUG]: Skipping Lnet/minecraft/world/level/levelgen/SurfaceRules$Bandlands;
[22:05:56] [main/DEBUG]: Skipping Lnet/minecraft/world/level/levelgen/SurfaceRules$AbovePreliminarySurface;
[22:05:56] [main/DEBUG]: Skipping Lnet/minecraft/world/level/levelgen/SingleThreadedRandomSource;
[22:05:56] [main/DEBUG]: Skipping Lnet/minecraft/world/level/levelgen/RandomSupport;
[22:05:56] [main/DEBUG]: Skipping Lnet/minecraft/world/level/levelgen/RandomSupport$Seed128bit;
[22:05:56] [main/DEBUG]: Skipping Lnet/minecraft/world/level/levelgen/RandomState;
[22:05:56] [main/DEBUG]: Skipping Lnet/minecraft/world/level/levelgen/RandomState$1NoiseWiringHelper;
[22:05:56] [main/DEBUG]: Skipping Lnet/minecraft/world/level/levelgen/RandomState$1;
[22:05:56] [main/DEBUG]: Skipping Lnet/minecraft/world/level/levelgen/PositionalRandomFactory;
[22:05:56] [main/DEBUG]: Skipping Lnet/minecraft/world/level/levelgen/PatrolSpawner;
[22:05:56] [main/DEBUG]: Skipping Lnet/minecraft/world/level/levelgen/OreVeinifier;
[22:05:56] [main/DEBUG]: Skipping Lnet/minecraft/world/level/levelgen/OreVeinifier$VeinType;
[22:05:56] [main/DEBUG]: Skipping Lnet/minecraft/world/level/levelgen/Noises;
[22:05:56] [main/DEBUG]: Skipping Lnet/minecraft/world/level/levelgen/NoiseSettings;
[22:05:56] [main/DEBUG]: Skipping Lnet/minecraft/world/level/levelgen/NoiseRouterData;
[22:05:56] [main/DEBUG]: Skipping Lnet/minecraft/world/level/levelgen/NoiseRouterData$QuantizedSpaghettiRarity;
[22:05:56] [main/DEBUG]: Skipping Lnet/minecraft/world/level/levelgen/NoiseRouter;
[22:05:56] [main/DEBUG]: Transforming class Lnet/minecraft/world/level/levelgen/NoiseGeneratorSettings;
[22:05:56] [main/DEBUG]: Transforming net/minecraft/world/level/levelgen/NoiseGeneratorSettings METHOD m_255186_(Lnet/minecraft/data/worldgen/BootstapContext;)Lnet/minecraft/world/level/levelgen/NoiseGeneratorSettings; to access PUBLIC and LEAVE
[22:05:56] [main/DEBUG]: Transforming net/minecraft/world/level/levelgen/NoiseGeneratorSettings METHOD m_255410_(Lnet/minecraft/data/worldgen/BootstapContext;)Lnet/minecraft/world/level/levelgen/NoiseGeneratorSettings; to access PUBLIC and LEAVE
[22:05:56] [main/DEBUG]: Transforming net/minecraft/world/level/levelgen/NoiseGeneratorSettings METHOD m_255226_(Lnet/minecraft/data/worldgen/BootstapContext;ZZ)Lnet/minecraft/world/level/levelgen/NoiseGeneratorSettings; to access PUBLIC and LEAVE
[22:05:56] [main/DEBUG]: Transforming net/minecraft/world/level/levelgen/NoiseGeneratorSettings METHOD m_255038_(Lnet/minecraft/data/worldgen/BootstapContext;)Lnet/minecraft/world/level/levelgen/NoiseGeneratorSettings; to access PUBLIC and LEAVE
[22:05:56] [main/DEBUG]: Transforming net/minecraft/world/level/levelgen/NoiseGeneratorSettings METHOD m_255230_(Lnet/minecraft/data/worldgen/BootstapContext;)Lnet/minecraft/world/level/levelgen/NoiseGeneratorSettings; to access PUBLIC and LEAVE
[22:05:56] [main/DEBUG]: Transforming net/minecraft/world/level/levelgen/NoiseGeneratorSettings METHOD m_64474_(Lcom/mojang/serialization/codecs/RecordCodecBuilder$Instance;)Lcom/mojang/datafixers/kinds/App; to access PUBLIC and LEAVE
[22:05:56] [main/DEBUG]: Skipping Lnet/minecraft/world/level/levelgen/NoiseChunk;
[22:05:56] [main/DEBUG]: Skipping Lnet/minecraft/world/level/levelgen/NoiseChunk$NoiseInterpolator;
[22:05:56] [main/DEBUG]: Skipping Lnet/minecraft/world/level/levelgen/NoiseChunk$NoiseChunkDensityFunction;
[22:05:56] [main/DEBUG]: Skipping Lnet/minecraft/world/level/levelgen/NoiseChunk$FlatCache;
[22:05:56] [main/DEBUG]: Skipping Lnet/minecraft/world/level/levelgen/NoiseChunk$CacheOnce;
[22:05:56] [main/DEBUG]: Skipping Lnet/minecraft/world/level/levelgen/NoiseChunk$CacheAllInCell;
[22:05:56] [main/DEBUG]: Skipping Lnet/minecraft/world/level/levelgen/NoiseChunk$Cache2D;
[22:05:56] [main/DEBUG]: Skipping Lnet/minecraft/world/level/levelgen/NoiseChunk$BlockStateFiller;
[22:05:56] [main/DEBUG]: Skipping Lnet/minecraft/world/level/levelgen/NoiseChunk$BlendOffset;
[22:05:56] [main/DEBUG]: Skipping Lnet/minecraft/world/level/levelgen/NoiseChunk$BlendAlpha;
[22:05:56] [main/DEBUG]: Skipping Lnet/minecraft/world/level/levelgen/NoiseChunk$2;
[22:05:56] [main/DEBUG]: Skipping Lnet/minecraft/world/level/levelgen/NoiseChunk$1;
[22:05:56] [main/DEBUG]: Transforming class Lnet/minecraft/world/level/levelgen/NoiseBasedChunkGenerator;
[22:05:56] [main/DEBUG]: Transforming net/minecraft/world/level/levelgen/NoiseBasedChunkGenerator CLASS to access PUBLIC and REMOVEFINAL
[22:05:56] [main/DEBUG]: Transforming net/minecraft/world/level/levelgen/NoiseBasedChunkGenerator METHOD m_224239_(Lnet/minecraft/world/level/LevelHeightAccessor;Lnet/minecraft/world/level/levelgen/RandomState;IILorg/apache/commons/lang3/mutable/MutableObject;Ljava/util/function/Predicate;)Ljava/util/OptionalInt; to access PROTECTED and LEAVE
[22:05:56] [main/DEBUG]: Skipping Lnet/minecraft/world/level/levelgen/MarsagliaPolarGaussian;
[22:05:56] [main/DEBUG]: Skipping Lnet/minecraft/world/level/levelgen/LegacyRandomSource;
[22:05:56] [main/DEBUG]: Skipping Lnet/minecraft/world/level/levelgen/LegacyRandomSource$LegacyPositionalRandomFactory;
[22:05:56] [main/DEBUG]: Skipping Lnet/minecraft/world/level/levelgen/Heightmap;
[22:05:56] [main/DEBUG]: Skipping Lnet/minecraft/world/level/levelgen/Heightmap$Usage;
[22:05:56] [main/DEBUG]: Skipping Lnet/minecraft/world/level/levelgen/Heightmap$Types;
[22:05:56] [main/DEBUG]: Skipping Lnet/minecraft/world/level/levelgen/GeodeLayerSettings;
[22:05:56] [main/DEBUG]: Skipping Lnet/minecraft/world/level/levelgen/GeodeCrackSettings;
[22:05:56] [main/DEBUG]: Skipping Lnet/minecraft/world/level/levelgen/GeodeBlockSettings;
[22:05:56] [main/DEBUG]: Skipping Lnet/minecraft/world/level/levelgen/GenerationStep;
[22:05:56] [main/DEBUG]: Skipping Lnet/minecraft/world/level/levelgen/GenerationStep$Decoration;
[22:05:56] [main/DEBUG]: Skipping Lnet/minecraft/world/level/levelgen/GenerationStep$Carving;
[22:05:56] [main/DEBUG]: Skipping Lnet/minecraft/world/level/levelgen/FlatLevelSource;
[22:05:56] [main/DEBUG]: Skipping Lnet/minecraft/world/level/levelgen/DensityFunctions;
[22:05:56] [main/DEBUG]: Skipping Lnet/minecraft/world/level/levelgen/DensityFunctions$YClampedGradient;
[22:05:56] [main/DEBUG]: Skipping Lnet/minecraft/world/level/levelgen/DensityFunctions$WeirdScaledSampler;
[22:05:56] [main/DEBUG]: Skipping Lnet/minecraft/world/level/levelgen/DensityFunctions$WeirdScaledSampler$RarityValueMapper;
[22:05:56] [main/DEBUG]: Skipping Lnet/minecraft/world/level/levelgen/DensityFunctions$TwoArgumentSimpleFunction;
[22:05:56] [main/DEBUG]: Skipping Lnet/minecraft/world/level/levelgen/DensityFunctions$TwoArgumentSimpleFunction$Type;
[22:05:56] [main/DEBUG]: Skipping Lnet/minecraft/world/level/levelgen/DensityFunctions$TransformerWithContext;
[22:05:56] [main/DEBUG]: Skipping Lnet/minecraft/world/level/levelgen/DensityFunctions$Spline;
[22:05:56] [main/DEBUG]: Skipping Lnet/minecraft/world/level/levelgen/DensityFunctions$Spline$Point;
[22:05:56] [main/DEBUG]: Skipping Lnet/minecraft/world/level/levelgen/DensityFunctions$Spline$Coordinate;
[22:05:56] [main/DEBUG]: Skipping Lnet/minecraft/world/level/levelgen/DensityFunctions$ShiftedNoise;
[22:05:56] [main/DEBUG]: Skipping Lnet/minecraft/world/level/levelgen/DensityFunctions$ShiftNoise;
[22:05:56] [main/DEBUG]: Skipping Lnet/minecraft/world/level/levelgen/DensityFunctions$ShiftB;
[22:05:56] [main/DEBUG]: Skipping Lnet/minecraft/world/level/levelgen/DensityFunctions$ShiftA;
[22:05:56] [main/DEBUG]: Skipping Lnet/minecraft/world/level/levelgen/DensityFunctions$Shift;
[22:05:56] [main/DEBUG]: Skipping Lnet/minecraft/world/level/levelgen/DensityFunctions$RangeChoice;
[22:05:56] [main/DEBUG]: Skipping Lnet/minecraft/world/level/levelgen/DensityFunctions$PureTransformer;
[22:05:56] [main/DEBUG]: Skipping Lnet/minecraft/world/level/levelgen/DensityFunctions$Noise;
[22:05:56] [main/DEBUG]: Skipping Lnet/minecraft/world/level/levelgen/DensityFunctions$MulOrAdd;
[22:05:56] [main/DEBUG]: Skipping Lnet/minecraft/world/level/levelgen/DensityFunctions$MulOrAdd$Type;
[22:05:56] [main/DEBUG]: Skipping Lnet/minecraft/world/level/levelgen/DensityFunctions$MarkerOrMarked;
[22:05:56] [main/DEBUG]: Skipping Lnet/minecraft/world/level/levelgen/DensityFunctions$Marker;
[22:05:56] [main/DEBUG]: Skipping Lnet/minecraft/world/level/levelgen/DensityFunctions$Marker$Type;
[22:05:56] [main/DEBUG]: Skipping Lnet/minecraft/world/level/levelgen/DensityFunctions$Mapped;
[22:05:56] [main/DEBUG]: Skipping Lnet/minecraft/world/level/levelgen/DensityFunctions$Mapped$Type;
[22:05:56] [main/DEBUG]: Skipping Lnet/minecraft/world/level/levelgen/DensityFunctions$HolderHolder;
[22:05:56] [main/DEBUG]: Skipping Lnet/minecraft/world/level/levelgen/DensityFunctions$EndIslandDensityFunction;
[22:05:56] [main/DEBUG]: Skipping Lnet/minecraft/world/level/levelgen/DensityFunctions$Constant;
[22:05:56] [main/DEBUG]: Skipping Lnet/minecraft/world/level/levelgen/DensityFunctions$Clamp;
[22:05:56] [main/DEBUG]: Skipping Lnet/minecraft/world/level/levelgen/DensityFunctions$BlendOffset;
[22:05:56] [main/DEBUG]: Skipping Lnet/minecraft/world/level/levelgen/DensityFunctions$BlendDensity;
[22:05:56] [main/DEBUG]: Skipping Lnet/minecraft/world/level/levelgen/DensityFunctions$BlendAlpha;
[22:05:56] [main/DEBUG]: Skipping Lnet/minecraft/world/level/levelgen/DensityFunctions$BeardifierOrMarker;
[22:05:56] [main/DEBUG]: Skipping Lnet/minecraft/world/level/levelgen/DensityFunctions$BeardifierMarker;
[22:05:56] [main/DEBUG]: Skipping Lnet/minecraft/world/level/levelgen/DensityFunctions$Ap2;
[22:05:56] [main/DEBUG]: Skipping Lnet/minecraft/world/level/levelgen/DensityFunctions$1;
[22:05:56] [main/DEBUG]: Skipping Lnet/minecraft/world/level/levelgen/DensityFunction;
[22:05:56] [main/DEBUG]: Skipping Lnet/minecraft/world/level/levelgen/DensityFunction$Visitor;
[22:05:56] [main/DEBUG]: Skipping Lnet/minecraft/world/level/levelgen/DensityFunction$SinglePointContext;
[22:05:56] [main/DEBUG]: Skipping Lnet/minecraft/world/level/levelgen/DensityFunction$SimpleFunction;
[22:05:56] [main/DEBUG]: Skipping Lnet/minecraft/world/level/levelgen/DensityFunction$NoiseHolder;
[22:05:56] [main/DEBUG]: Skipping Lnet/minecraft/world/level/levelgen/DensityFunction$FunctionContext;
[22:05:56] [main/DEBUG]: Skipping Lnet/minecraft/world/level/levelgen/DensityFunction$ContextProvider;
[22:05:56] [main/DEBUG]: Skipping Lnet/minecraft/world/level/levelgen/Density;
[22:05:56] [main/DEBUG]: Skipping Lnet/minecraft/world/level/levelgen/Column;
[22:05:56] [main/DEBUG]: Skipping Lnet/minecraft/world/level/levelgen/Column$Ray;
[22:05:56] [main/DEBUG]: Skipping Lnet/minecraft/world/level/levelgen/Column$Range;
[22:05:56] [main/DEBUG]: Skipping Lnet/minecraft/world/level/levelgen/Column$Line;
[22:05:56] [main/DEBUG]: Skipping Lnet/minecraft/world/level/levelgen/BitRandomSource;
[22:05:56] [main/DEBUG]: Skipping Lnet/minecraft/world/level/levelgen/BelowZeroRetrogen;
[22:05:56] [main/DEBUG]: Skipping Lnet/minecraft/world/level/levelgen/BelowZeroRetrogen$1;
[22:05:56] [main/DEBUG]: Skipping Lnet/minecraft/world/level/levelgen/Aquifer;
[22:05:56] [main/DEBUG]: Transforming class Lnet/minecraft/world/level/levelgen/Aquifer$NoiseBasedAquifer;
[22:05:56] [main/DEBUG]: Transforming net/minecraft/world/level/levelgen/Aquifer$NoiseBasedAquifer FIELD f_157994_ to access PROTECTED and LEAVE
[22:05:56] [main/DEBUG]: Transforming net/minecraft/world/level/levelgen/Aquifer$NoiseBasedAquifer FIELD f_157996_ to access PROTECTED and LEAVE
[22:05:56] [main/DEBUG]: Transforming net/minecraft/world/level/levelgen/Aquifer$NoiseBasedAquifer FIELD f_157998_ to access PROTECTED and LEAVE
[22:05:56] [main/DEBUG]: Transforming net/minecraft/world/level/levelgen/Aquifer$NoiseBasedAquifer FIELD f_157999_ to access PROTECTED and LEAVE
[22:05:56] [main/DEBUG]: Transforming net/minecraft/world/level/levelgen/Aquifer$NoiseBasedAquifer FIELD f_158000_ to access PROTECTED and LEAVE
[22:05:56] [main/DEBUG]: Transforming net/minecraft/world/level/levelgen/Aquifer$NoiseBasedAquifer FIELD f_158002_ to access PROTECTED and LEAVE
[22:05:56] [main/DEBUG]: Transforming net/minecraft/world/level/levelgen/Aquifer$NoiseBasedAquifer FIELD f_158003_ to access PROTECTED and LEAVE
[22:05:56] [main/DEBUG]: Transforming net/minecraft/world/level/levelgen/Aquifer$NoiseBasedAquifer FIELD f_158004_ to access PROTECTED and LEAVE
[22:05:56] [main/DEBUG]: Transforming net/minecraft/world/level/levelgen/Aquifer$NoiseBasedAquifer FIELD f_158005_ to access PROTECTED and LEAVE
[22:05:56] [main/DEBUG]: Transforming net/minecraft/world/level/levelgen/Aquifer$NoiseBasedAquifer FIELD f_158006_ to access PROTECTED and LEAVE
[22:05:56] [main/DEBUG]: Transforming net/minecraft/world/level/levelgen/Aquifer$NoiseBasedAquifer METHOD m_158027_(III)I to access PROTECTED and LEAVE
[22:05:56] [main/DEBUG]: Transforming net/minecraft/world/level/levelgen/Aquifer$NoiseBasedAquifer METHOD m_158024_(II)D to access PROTECTED and LEAVE
[22:05:56] [main/DEBUG]: Transforming net/minecraft/world/level/levelgen/Aquifer$NoiseBasedAquifer METHOD m_158039_(I)I to access PROTECTED and LEAVE
[22:05:56] [main/DEBUG]: Transforming net/minecraft/world/level/levelgen/Aquifer$NoiseBasedAquifer METHOD m_158045_(I)I to access PROTECTED and LEAVE
[22:05:56] [main/DEBUG]: Transforming net/minecraft/world/level/levelgen/Aquifer$NoiseBasedAquifer METHOD m_158047_(I)I to access PROTECTED and LEAVE
[22:05:56] [main/DEBUG]: Skipping Lnet/minecraft/world/level/levelgen/Aquifer$FluidStatus;
[22:05:56] [main/DEBUG]: Skipping Lnet/minecraft/world/level/levelgen/Aquifer$FluidPicker;
[22:05:56] [main/DEBUG]: Skipping Lnet/minecraft/world/level/levelgen/Aquifer$1;
[22:05:56] [main/DEBUG]: Skipping Lnet/minecraft/world/level/levelgen/PhantomSpawner;
[22:05:56] [main/DEBUG]: Transforming class Lnet/minecraft/world/level/levelgen/DebugLevelSource;
[22:05:56] [main/DEBUG]: Transforming net/minecraft/world/level/levelgen/DebugLevelSource FIELD f_64114_ to access PRIVATE and REMOVEFINAL
[22:05:56] [main/DEBUG]: Transforming net/minecraft/world/level/levelgen/DebugLevelSource FIELD f_64115_ to access PRIVATE and REMOVEFINAL
[22:05:56] [main/DEBUG]: Transforming net/minecraft/world/level/levelgen/DebugLevelSource FIELD f_64116_ to access PRIVATE and REMOVEFINAL
[22:05:56] [main/DEBUG]: Transforming class Lnet/minecraft/world/level/levelgen/Beardifier;
[22:05:56] [main/DEBUG]: Transforming net/minecraft/world/level/levelgen/Beardifier FIELD f_158065_ to access PROTECTED and LEAVE
[22:05:56] [main/DEBUG]: Transforming net/minecraft/world/level/levelgen/Beardifier FIELD f_158066_ to access PROTECTED and LEAVE
[22:05:56] [main/DEBUG]: Transforming net/minecraft/world/level/levelgen/Beardifier METHOD m_158083_(III)D to access PROTECTED and LEAVE
[22:05:56] [main/DEBUG]: Transforming net/minecraft/world/level/levelgen/Beardifier METHOD m_223925_(IIII)D to access PROTECTED and LEAVE
[22:05:56] [main/DEBUG]: Skipping Lnet/minecraft/world/level/levelgen/Beardifier$Rigid;
[22:05:56] [main/DEBUG]: Skipping Lnet/minecraft/world/level/levelgen/Beardifier$1;
[22:05:56] [main/DEBUG]: Skipping Lnet/minecraft/world/level/gameevent/vibrations/package-info;
[22:05:56] [main/DEBUG]: Skipping Lnet/minecraft/world/level/gameevent/vibrations/VibrationSystem;
[22:05:56] [main/DEBUG]: Skipping Lnet/minecraft/world/level/gameevent/vibrations/VibrationSystem$User;
[22:05:56] [main/DEBUG]: Skipping Lnet/minecraft/world/level/gameevent/vibrations/VibrationSystem$Ticker;
[22:05:56] [main/DEBUG]: Skipping Lnet/minecraft/world/level/gameevent/vibrations/VibrationSystem$Listener;
[22:05:56] [main/DEBUG]: Skipping Lnet/minecraft/world/level/gameevent/vibrations/VibrationSystem$Data;
[22:05:56] [main/DEBUG]: Skipping Lnet/minecraft/world/level/gameevent/vibrations/VibrationSelector;
[22:05:56] [main/DEBUG]: Skipping Lnet/minecraft/world/level/gameevent/vibrations/VibrationInfo;
[22:05:56] [main/DEBUG]: Skipping Lnet/minecraft/world/level/gameevent/package-info;
[22:05:56] [main/DEBUG]: Skipping Lnet/minecraft/world/level/gameevent/PositionSourceType;
[22:05:56] [main/DEBUG]: Skipping Lnet/minecraft/world/level/gameevent/PositionSource;
[22:05:56] [main/DEBUG]: Skipping Lnet/minecraft/world/level/gameevent/GameEventListenerRegistry;
[22:05:56] [main/DEBUG]: Skipping Lnet/minecraft/world/level/gameevent/GameEventListenerRegistry$ListenerVisitor;
[22:05:56] [main/DEBUG]: Skipping Lnet/minecraft/world/level/gameevent/GameEventListenerRegistry$1;
[22:05:56] [main/DEBUG]: Skipping Lnet/minecraft/world/level/gameevent/GameEventListener;
[22:05:56] [main/DEBUG]: Skipping Lnet/minecraft/world/level/gameevent/GameEventListener$Holder;
[22:05:56] [main/DEBUG]: Skipping Lnet/minecraft/world/level/gameevent/GameEventListener$DeliveryMode;
[22:05:56] [main/DEBUG]: Skipping Lnet/minecraft/world/level/gameevent/GameEventDispatcher;
[22:05:56] [main/DEBUG]: Skipping Lnet/minecraft/world/level/gameevent/GameEvent;
[22:05:56] [main/DEBUG]: Skipping Lnet/minecraft/world/level/gameevent/GameEvent$ListenerInfo;
[22:05:56] [main/DEBUG]: Skipping Lnet/minecraft/world/level/gameevent/GameEvent$Context;
[22:05:56] [main/DEBUG]: Skipping Lnet/minecraft/world/level/gameevent/EuclideanGameEventListenerRegistry;
[22:05:56] [main/DEBUG]: Skipping Lnet/minecraft/world/level/gameevent/EuclideanGameEventListenerRegistry$OnEmptyAction;
[22:05:56] [main/DEBUG]: Skipping Lnet/minecraft/world/level/gameevent/EntityPositionSource;
[22:05:56] [main/DEBUG]: Skipping Lnet/minecraft/world/level/gameevent/EntityPositionSource$Type;
[22:05:56] [main/DEBUG]: Skipping Lnet/minecraft/world/level/gameevent/DynamicGameEventListener;
[22:05:56] [main/DEBUG]: Skipping Lnet/minecraft/world/level/gameevent/BlockPositionSource;
[22:05:56] [main/DEBUG]: Skipping Lnet/minecraft/world/level/gameevent/BlockPositionSource$Type;
[22:05:56] [main/DEBUG]: Skipping Lnet/minecraft/world/level/entity/package-info;
[22:05:56] [main/DEBUG]: Skipping Lnet/minecraft/world/level/entity/Visibility;
[22:05:56] [main/DEBUG]: Skipping Lnet/minecraft/world/level/entity/LevelEntityGetterAdapter;
[22:05:56] [main/DEBUG]: Skipping Lnet/minecraft/world/level/entity/LevelEntityGetter;
[22:05:56] [main/DEBUG]: Skipping Lnet/minecraft/world/level/entity/LevelCallback;
[22:05:56] [main/DEBUG]: Skipping Lnet/minecraft/world/level/entity/EntityTypeTest;
[22:05:56] [main/DEBUG]: Skipping Lnet/minecraft/world/level/entity/EntityTypeTest$1;
[22:05:56] [main/DEBUG]: Skipping Lnet/minecraft/world/level/entity/EntityTickList;
[22:05:56] [main/DEBUG]: Skipping Lnet/minecraft/world/level/entity/EntitySectionStorage;
[22:05:56] [main/DEBUG]: Skipping Lnet/minecraft/world/level/entity/EntitySection;
[22:05:56] [main/DEBUG]: Skipping Lnet/minecraft/world/level/entity/EntityPersistentStorage;
[22:05:56] [main/DEBUG]: Skipping Lnet/minecraft/world/level/entity/EntityLookup;
[22:05:56] [main/DEBUG]: Skipping Lnet/minecraft/world/level/entity/EntityInLevelCallback;
[22:05:56] [main/DEBUG]: Skipping Lnet/minecraft/world/level/entity/EntityInLevelCallback$1;
[22:05:56] [main/DEBUG]: Skipping Lnet/minecraft/world/level/entity/EntityAccess;
[22:05:56] [main/DEBUG]: Skipping Lnet/minecraft/world/level/entity/ChunkStatusUpdateListener;
[22:05:56] [main/DEBUG]: Skipping Lnet/minecraft/world/level/entity/ChunkEntities;
[22:05:56] [main/DEBUG]: Skipping Lnet/minecraft/world/level/entity/TransientEntitySectionManager;
[22:05:56] [main/DEBUG]: Skipping Lnet/minecraft/world/level/entity/TransientEntitySectionManager$Callback;
[22:05:56] [main/DEBUG]: Skipping Lnet/minecraft/world/level/entity/PersistentEntitySectionManager;
[22:05:56] [main/DEBUG]: Skipping Lnet/minecraft/world/level/entity/PersistentEntitySectionManager$ChunkLoadStatus;
[22:05:56] [main/DEBUG]: Skipping Lnet/minecraft/world/level/entity/PersistentEntitySectionManager$Callback;
[22:05:56] [main/DEBUG]: Skipping Lnet/minecraft/world/level/dimension/package-info;
[22:05:56] [main/DEBUG]: Skipping Lnet/minecraft/world/level/dimension/end/package-info;
[22:05:56] [main/DEBUG]: Skipping Lnet/minecraft/world/level/dimension/end/DragonRespawnAnimation;
[22:05:56] [main/DEBUG]: Skipping Lnet/minecraft/world/level/dimension/end/DragonRespawnAnimation$5;
[22:05:56] [main/DEBUG]: Skipping Lnet/minecraft/world/level/dimension/end/DragonRespawnAnimation$4;
[22:05:56] [main/DEBUG]: Skipping Lnet/minecraft/world/level/dimension/end/DragonRespawnAnimation$3;
[22:05:56] [main/DEBUG]: Skipping Lnet/minecraft/world/level/dimension/end/DragonRespawnAnimation$2;
[22:05:56] [main/DEBUG]: Skipping Lnet/minecraft/world/level/dimension/end/DragonRespawnAnimation$1;
[22:05:56] [main/DEBUG]: Skipping Lnet/minecraft/world/level/dimension/end/EndDragonFight;
[22:05:56] [main/DEBUG]: Skipping Lnet/minecraft/world/level/dimension/end/EndDragonFight$Data;
[22:05:56] [main/DEBUG]: Skipping Lnet/minecraft/world/level/dimension/LevelStem;
[22:05:56] [main/DEBUG]: Skipping Lnet/minecraft/world/level/dimension/DimensionType;
[22:05:56] [main/DEBUG]: Skipping Lnet/minecraft/world/level/dimension/DimensionType$MonsterSettings;
[22:05:56] [main/DEBUG]: Skipping Lnet/minecraft/world/level/dimension/DimensionDefaults;
[22:05:56] [main/DEBUG]: Skipping Lnet/minecraft/world/level/dimension/BuiltinDimensionTypes;
[22:05:56] [main/DEBUG]: Skipping Lnet/minecraft/world/level/chunk/storage/package-info;
[22:05:56] [main/DEBUG]: Skipping Lnet/minecraft/world/level/chunk/storage/SectionStorage;
[22:05:56] [main/DEBUG]: Skipping Lnet/minecraft/world/level/chunk/storage/RegionFileVersion;
[22:05:56] [main/DEBUG]: Skipping Lnet/minecraft/world/level/chunk/storage/RegionFileVersion$StreamWrapper;
[22:05:56] [main/DEBUG]: Skipping Lnet/minecraft/world/level/chunk/storage/RegionFileStorage;
[22:05:56] [main/DEBUG]: Skipping Lnet/minecraft/world/level/chunk/storage/RegionFile;
[22:05:56] [main/DEBUG]: Skipping Lnet/minecraft/world/level/chunk/storage/RegionFile$CommitOp;
[22:05:56] [main/DEBUG]: Skipping Lnet/minecraft/world/level/chunk/storage/RegionFile$ChunkBuffer;
[22:05:56] [main/DEBUG]: Skipping Lnet/minecraft/world/level/chunk/storage/RegionBitmap;
[22:05:56] [main/DEBUG]: Skipping Lnet/minecraft/world/level/chunk/storage/IOWorker;
[22:05:56] [main/DEBUG]: Skipping Lnet/minecraft/world/level/chunk/storage/IOWorker$Priority;
[22:05:56] [main/DEBUG]: Skipping Lnet/minecraft/world/level/chunk/storage/IOWorker$PendingStore;
[22:05:56] [main/DEBUG]: Skipping Lnet/minecraft/world/level/chunk/storage/ChunkStorage;
[22:05:56] [main/DEBUG]: Skipping Lnet/minecraft/world/level/chunk/storage/ChunkScanAccess;
[22:05:56] [main/DEBUG]: Skipping Lnet/minecraft/world/level/chunk/storage/EntityStorage;
[22:05:56] [main/DEBUG]: Skipping Lnet/minecraft/world/level/chunk/storage/ChunkSerializer;
[22:05:56] [main/DEBUG]: Skipping Lnet/minecraft/world/level/chunk/package-info;
[22:05:56] [main/DEBUG]: Skipping Lnet/minecraft/world/level/chunk/UpgradeData;
[22:05:56] [main/DEBUG]: Skipping Lnet/minecraft/world/level/chunk/UpgradeData$BlockFixers;
[22:05:56] [main/DEBUG]: Skipping Lnet/minecraft/world/level/chunk/UpgradeData$BlockFixers$5;
[22:05:56] [main/DEBUG]: Skipping Lnet/minecraft/world/level/chunk/UpgradeData$BlockFixers$4;
[22:05:56] [main/DEBUG]: Skipping Lnet/minecraft/world/level/chunk/UpgradeData$BlockFixers$3;
[22:05:56] [main/DEBUG]: Skipping Lnet/minecraft/world/level/chunk/UpgradeData$BlockFixers$2;
[22:05:56] [main/DEBUG]: Skipping Lnet/minecraft/world/level/chunk/UpgradeData$BlockFixers$1;
[22:05:56] [main/DEBUG]: Skipping Lnet/minecraft/world/level/chunk/UpgradeData$BlockFixer;
[22:05:56] [main/DEBUG]: Skipping Lnet/minecraft/world/level/chunk/StructureAccess;
[22:05:56] [main/DEBUG]: Skipping Lnet/minecraft/world/level/chunk/SingleValuePalette;
[22:05:56] [main/DEBUG]: Skipping Lnet/minecraft/world/level/chunk/ProtoChunk;
[22:05:56] [main/DEBUG]: Skipping Lnet/minecraft/world/level/chunk/PalettedContainerRO;
[22:05:56] [main/DEBUG]: Skipping Lnet/minecraft/world/level/chunk/PalettedContainerRO$Unpacker;
[22:05:56] [main/DEBUG]: Skipping Lnet/minecraft/world/level/chunk/PalettedContainerRO$PackedData;
[22:05:56] [main/DEBUG]: Skipping Lnet/minecraft/world/level/chunk/PaletteResize;
[22:05:56] [main/DEBUG]: Skipping Lnet/minecraft/world/level/chunk/Palette;
[22:05:56] [main/DEBUG]: Skipping Lnet/minecraft/world/level/chunk/Palette$Factory;
[22:05:56] [main/DEBUG]: Skipping Lnet/minecraft/world/level/chunk/MissingPaletteEntryException;
[22:05:56] [main/DEBUG]: Skipping Lnet/minecraft/world/level/chunk/LinearPalette;
[22:05:56] [main/DEBUG]: Skipping Lnet/minecraft/world/level/chunk/LightChunkGetter;
[22:05:56] [main/DEBUG]: Skipping Lnet/minecraft/world/level/chunk/LightChunk;
[22:05:56] [main/DEBUG]: Skipping Lnet/minecraft/world/level/chunk/LevelChunkSection;
[22:05:56] [main/DEBUG]: Skipping Lnet/minecraft/world/level/chunk/LevelChunkSection$1BlockCounter;
[22:05:56] [main/DEBUG]: Skipping Lnet/minecraft/world/level/chunk/HashMapPalette;
[22:05:56] [main/DEBUG]: Skipping Lnet/minecraft/world/level/chunk/GlobalPalette;
[22:05:56] [main/DEBUG]: Skipping Lnet/minecraft/world/level/chunk/EmptyLevelChunk;
[22:05:56] [main/DEBUG]: Skipping Lnet/minecraft/world/level/chunk/DataLayer;
[22:05:56] [main/DEBUG]: Transforming class Lnet/minecraft/world/level/chunk/ChunkStatus;
[22:05:56] [main/DEBUG]: Transforming net/minecraft/world/level/chunk/ChunkStatus METHOD <init>(Lnet/minecraft/world/level/chunk/ChunkStatus;IZLjava/util/EnumSet;Lnet/minecraft/world/level/chunk/ChunkStatus$ChunkType;Lnet/minecraft/world/level/chunk/ChunkStatus$GenerationTask;Lnet/minecraft/world/level/chunk/ChunkStatus$LoadingTask;)V to access PUBLIC and LEAVE
[22:05:56] [main/DEBUG]: Skipping Lnet/minecraft/world/level/chunk/ChunkStatus$SimpleGenerationTask;
[22:05:56] [main/DEBUG]: Skipping Lnet/minecraft/world/level/chunk/ChunkStatus$LoadingTask;
[22:05:56] [main/DEBUG]: Skipping Lnet/minecraft/world/level/chunk/ChunkStatus$GenerationTask;
[22:05:56] [main/DEBUG]: Skipping Lnet/minecraft/world/level/chunk/ChunkStatus$ChunkType;
[22:05:56] [main/DEBUG]: Skipping Lnet/minecraft/world/level/chunk/ChunkSource;
[22:05:56] [main/DEBUG]: Skipping Lnet/minecraft/world/level/chunk/ChunkGenerators;
[22:05:56] [main/DEBUG]: Skipping Lnet/minecraft/world/level/chunk/ChunkGeneratorStructureState;
[22:05:56] [main/DEBUG]: Skipping Lnet/minecraft/world/level/chunk/ChunkGenerator;
[22:05:56] [main/DEBUG]: Skipping Lnet/minecraft/world/level/chunk/CarvingMask;
[22:05:56] [main/DEBUG]: Skipping Lnet/minecraft/world/level/chunk/CarvingMask$Mask;
[22:05:56] [main/DEBUG]: Skipping Lnet/minecraft/world/level/chunk/BulkSectionAccess;
[22:05:56] [main/DEBUG]: Skipping Lnet/minecraft/world/level/chunk/BlockColumn;
[22:05:56] [main/DEBUG]: Skipping Lnet/minecraft/world/level/chunk/PalettedContainer;
[22:05:56] [main/DEBUG]: Skipping Lnet/minecraft/world/level/chunk/PalettedContainer$Strategy;
[22:05:56] [main/DEBUG]: Skipping Lnet/minecraft/world/level/chunk/PalettedContainer$Strategy$2;
[22:05:56] [main/DEBUG]: Skipping Lnet/minecraft/world/level/chunk/PalettedContainer$Strategy$1;
[22:05:56] [main/DEBUG]: Skipping Lnet/minecraft/world/level/chunk/PalettedContainer$Data;
[22:05:56] [main/DEBUG]: Skipping Lnet/minecraft/world/level/chunk/PalettedContainer$CountConsumer;
[22:05:56] [main/DEBUG]: Skipping Lnet/minecraft/world/level/chunk/PalettedContainer$Configuration;
[22:05:56] [main/DEBUG]: Skipping Lnet/minecraft/world/level/chunk/LevelChunk;
[22:05:56] [main/DEBUG]: Skipping Lnet/minecraft/world/level/chunk/LevelChunk$RebindableTickingBlockEntityWrapper;
[22:05:56] [main/DEBUG]: Skipping Lnet/minecraft/world/level/chunk/LevelChunk$PostLoadProcessor;
[22:05:56] [main/DEBUG]: Skipping Lnet/minecraft/world/level/chunk/LevelChunk$EntityCreationType;
[22:05:56] [main/DEBUG]: Skipping Lnet/minecraft/world/level/chunk/LevelChunk$BoundTickingBlockEntity;
[22:05:56] [main/DEBUG]: Skipping Lnet/minecraft/world/level/chunk/LevelChunk$1;
[22:05:56] [main/DEBUG]: Skipping Lnet/minecraft/world/level/chunk/ImposterProtoChunk;
[22:05:56] [main/DEBUG]: Skipping Lnet/minecraft/world/level/chunk/ChunkAccess;
[22:05:56] [main/DEBUG]: Skipping Lnet/minecraft/world/level/chunk/ChunkAccess$TicksToSave;
[22:05:56] [main/DEBUG]: Skipping Lnet/minecraft/world/level/border/package-info;
[22:05:56] [main/DEBUG]: Skipping Lnet/minecraft/world/level/border/WorldBorder;
[22:05:56] [main/DEBUG]: Skipping Lnet/minecraft/world/level/border/WorldBorder$StaticBorderExtent;
[22:05:56] [main/DEBUG]: Skipping Lnet/minecraft/world/level/border/WorldBorder$Settings;
[22:05:56] [main/DEBUG]: Skipping Lnet/minecraft/world/level/border/WorldBorder$MovingBorderExtent;
[22:05:56] [main/DEBUG]: Skipping Lnet/minecraft/world/level/border/WorldBorder$BorderExtent;
[22:05:56] [main/DEBUG]: Skipping Lnet/minecraft/world/level/border/BorderStatus;
[22:05:56] [main/DEBUG]: Skipping Lnet/minecraft/world/level/border/BorderChangeListener;
[22:05:56] [main/DEBUG]: Skipping Lnet/minecraft/world/level/border/BorderChangeListener$DelegateBorderChangeListener;
[22:05:56] [main/DEBUG]: Skipping Lnet/minecraft/world/level/block/state/properties/package-info;
[22:05:56] [main/DEBUG]: Transforming class Lnet/minecraft/world/level/block/state/properties/WoodType;
[22:05:56] [main/DEBUG]: Transforming net/minecraft/world/level/block/state/properties/WoodType METHOD m_61844_(Lnet/minecraft/world/level/block/state/properties/WoodType;)Lnet/minecraft/world/level/block/state/properties/WoodType; to access PUBLIC and LEAVE
[22:05:56] [main/DEBUG]: Skipping Lnet/minecraft/world/level/block/state/properties/WallSide;
[22:05:56] [main/DEBUG]: Skipping Lnet/minecraft/world/level/block/state/properties/Tilt;
[22:05:56] [main/DEBUG]: Skipping Lnet/minecraft/world/level/block/state/properties/StructureMode;
[22:05:56] [main/DEBUG]: Skipping Lnet/minecraft/world/level/block/state/properties/StairsShape;
[22:05:56] [main/DEBUG]: Skipping Lnet/minecraft/world/level/block/state/properties/SlabType;
[22:05:56] [main/DEBUG]: Skipping Lnet/minecraft/world/level/block/state/properties/SculkSensorPhase;
[22:05:56] [main/DEBUG]: Skipping Lnet/minecraft/world/level/block/state/properties/RotationSegment;
[22:05:56] [main/DEBUG]: Skipping Lnet/minecraft/world/level/block/state/properties/RedstoneSide;
[22:05:56] [main/DEBUG]: Skipping Lnet/minecraft/world/level/block/state/properties/RailShape;
[22:05:56] [main/DEBUG]: Skipping Lnet/minecraft/world/level/block/state/properties/Property;
[22:05:56] [main/DEBUG]: Skipping Lnet/minecraft/world/level/block/state/properties/Property$Value;
[22:05:56] [main/DEBUG]: Skipping Lnet/minecraft/world/level/block/state/properties/PistonType;
[22:05:56] [main/DEBUG]: Skipping Lnet/minecraft/world/level/block/state/properties/NoteBlockInstrument;
[22:05:56] [main/DEBUG]: Skipping Lnet/minecraft/world/level/block/state/properties/NoteBlockInstrument$Type;
[22:05:56] [main/DEBUG]: Skipping Lnet/minecraft/world/level/block/state/properties/IntegerProperty;
[22:05:56] [main/DEBUG]: Skipping Lnet/minecraft/world/level/block/state/properties/Half;
[22:05:56] [main/DEBUG]: Skipping Lnet/minecraft/world/level/block/state/properties/EnumProperty;
[22:05:56] [main/DEBUG]: Skipping Lnet/minecraft/world/level/block/state/properties/DripstoneThickness;
[22:05:56] [main/DEBUG]: Skipping Lnet/minecraft/world/level/block/state/properties/DoubleBlockHalf;
[22:05:56] [main/DEBUG]: Skipping Lnet/minecraft/world/level/block/state/properties/DoorHingeSide;
[22:05:56] [main/DEBUG]: Skipping Lnet/minecraft/world/level/block/state/properties/DirectionProperty;
[22:05:56] [main/DEBUG]: Skipping Lnet/minecraft/world/level/block/state/properties/ComparatorMode;
[22:05:56] [main/DEBUG]: Skipping Lnet/minecraft/world/level/block/state/properties/ChestType;
[22:05:56] [main/DEBUG]: Skipping Lnet/minecraft/world/level/block/state/properties/ChestType$1;
[22:05:56] [main/DEBUG]: Skipping Lnet/minecraft/world/level/block/state/properties/BooleanProperty;
[22:05:56] [main/DEBUG]: Skipping Lnet/minecraft/world/level/block/state/properties/BlockStateProperties;
[22:05:56] [main/DEBUG]: Transforming class Lnet/minecraft/world/level/block/state/properties/BlockSetType;
[22:05:56] [main/DEBUG]: Transforming net/minecraft/world/level/block/state/properties/BlockSetType METHOD m_272115_(Lnet/minecraft/world/level/block/state/properties/BlockSetType;)Lnet/minecraft/world/level/block/state/properties/BlockSetType; to access PUBLIC and LEAVE
[22:05:56] [main/DEBUG]: Skipping Lnet/minecraft/world/level/block/state/properties/BellAttachType;
[22:05:56] [main/DEBUG]: Skipping Lnet/minecraft/world/level/block/state/properties/BedPart;
[22:05:56] [main/DEBUG]: Skipping Lnet/minecraft/world/level/block/state/properties/BambooLeaves;
[22:05:56] [main/DEBUG]: Skipping Lnet/minecraft/world/level/block/state/properties/AttachFace;
[22:05:56] [main/DEBUG]: Skipping Lnet/minecraft/world/level/block/state/predicate/package-info;
[22:05:56] [main/DEBUG]: Skipping Lnet/minecraft/world/level/block/state/predicate/BlockStatePredicate;
[22:05:56] [main/DEBUG]: Skipping Lnet/minecraft/world/level/block/state/predicate/BlockPredicate;
[22:05:56] [main/DEBUG]: Skipping Lnet/minecraft/world/level/block/state/pattern/package-info;
[22:05:56] [main/DEBUG]: Skipping Lnet/minecraft/world/level/block/state/pattern/BlockPatternBuilder;
[22:05:56] [main/DEBUG]: Skipping Lnet/minecraft/world/level/block/state/pattern/BlockPattern;
[22:05:56] [main/DEBUG]: Skipping Lnet/minecraft/world/level/block/state/pattern/BlockPattern$BlockPatternMatch;
[22:05:56] [main/DEBUG]: Skipping Lnet/minecraft/world/level/block/state/pattern/BlockPattern$BlockCacheLoader;
[22:05:56] [main/DEBUG]: Skipping Lnet/minecraft/world/level/block/state/pattern/BlockInWorld;
[22:05:56] [main/DEBUG]: Skipping Lnet/minecraft/world/level/block/state/package-info;
[22:05:56] [main/DEBUG]: Skipping Lnet/minecraft/world/level/block/state/StateHolder;
[22:05:56] [main/DEBUG]: Skipping Lnet/minecraft/world/level/block/state/StateHolder$1;
[22:05:56] [main/DEBUG]: Skipping Lnet/minecraft/world/level/block/state/StateDefinition;
[22:05:56] [main/DEBUG]: Skipping Lnet/minecraft/world/level/block/state/StateDefinition$Factory;
[22:05:56] [main/DEBUG]: Skipping Lnet/minecraft/world/level/block/state/StateDefinition$Builder;
[22:05:56] [main/DEBUG]: Skipping Lnet/minecraft/world/level/block/state/BlockState;
[22:05:56] [main/DEBUG]: Skipping Lnet/minecraft/world/level/block/state/BlockBehaviour;
[22:05:56] [main/DEBUG]: Skipping Lnet/minecraft/world/level/block/state/BlockBehaviour$StatePredicate;
[22:05:56] [main/DEBUG]: Skipping Lnet/minecraft/world/level/block/state/BlockBehaviour$StateArgumentPredicate;
[22:05:56] [main/DEBUG]: Skipping Lnet/minecraft/world/level/block/state/BlockBehaviour$Properties;
[22:05:56] [main/DEBUG]: Skipping Lnet/minecraft/world/level/block/state/BlockBehaviour$OffsetType;
[22:05:56] [main/DEBUG]: Skipping Lnet/minecraft/world/level/block/state/BlockBehaviour$OffsetFunction;
[22:05:56] [main/DEBUG]: Skipping Lnet/minecraft/world/level/block/state/BlockBehaviour$BlockStateBase;
[22:05:56] [main/DEBUG]: Skipping Lnet/minecraft/world/level/block/state/BlockBehaviour$BlockStateBase$Cache;
[22:05:56] [main/DEBUG]: Skipping Lnet/minecraft/world/level/block/state/BlockBehaviour$1;
[22:05:56] [main/DEBUG]: Skipping Lnet/minecraft/world/level/block/piston/package-info;
[22:05:56] [main/DEBUG]: Skipping Lnet/minecraft/world/level/block/piston/PistonMath;
[22:05:56] [main/DEBUG]: Skipping Lnet/minecraft/world/level/block/piston/PistonMath$1;
[22:05:56] [main/DEBUG]: Skipping Lnet/minecraft/world/level/block/piston/PistonHeadBlock;
[22:05:56] [main/DEBUG]: Skipping Lnet/minecraft/world/level/block/piston/PistonHeadBlock$1;
[22:05:56] [main/DEBUG]: Skipping Lnet/minecraft/world/level/block/piston/MovingPistonBlock;
[22:05:56] [main/DEBUG]: Skipping Lnet/minecraft/world/level/block/piston/PistonStructureResolver;
[22:05:56] [main/DEBUG]: Skipping Lnet/minecraft/world/level/block/piston/PistonMovingBlockEntity;
[22:05:56] [main/DEBUG]: Skipping Lnet/minecraft/world/level/block/piston/PistonMovingBlockEntity$1;
[22:05:56] [main/DEBUG]: Skipping Lnet/minecraft/world/level/block/piston/PistonBaseBlock;
[22:05:56] [main/DEBUG]: Skipping Lnet/minecraft/world/level/block/piston/PistonBaseBlock$1;
[22:05:56] [main/DEBUG]: Skipping Lnet/minecraft/world/level/block/package-info;
[22:05:56] [main/DEBUG]: Skipping Lnet/minecraft/world/level/block/grower/package-info;
[22:05:56] [main/DEBUG]: Skipping Lnet/minecraft/world/level/block/grower/SpruceTreeGrower;
[22:05:56] [main/DEBUG]: Skipping Lnet/minecraft/world/level/block/grower/OakTreeGrower;
[22:05:56] [main/DEBUG]: Skipping Lnet/minecraft/world/level/block/grower/MangroveTreeGrower;
[22:05:56] [main/DEBUG]: Skipping Lnet/minecraft/world/level/block/grower/JungleTreeGrower;
[22:05:56] [main/DEBUG]: Skipping Lnet/minecraft/world/level/block/grower/DarkOakTreeGrower;
[22:05:56] [main/DEBUG]: Skipping Lnet/minecraft/world/level/block/grower/CherryTreeGrower;
[22:05:56] [main/DEBUG]: Skipping Lnet/minecraft/world/level/block/grower/BirchTreeGrower;
[22:05:56] [main/DEBUG]: Skipping Lnet/minecraft/world/level/block/grower/AzaleaTreeGrower;
[22:05:56] [main/DEBUG]: Skipping Lnet/minecraft/world/level/block/grower/AcaciaTreeGrower;
[22:05:56] [main/DEBUG]: Skipping Lnet/minecraft/world/level/block/grower/AbstractTreeGrower;
[22:05:56] [main/DEBUG]: Skipping Lnet/minecraft/world/level/block/grower/AbstractMegaTreeGrower;
[22:05:56] [main/DEBUG]: Skipping Lnet/minecraft/world/level/block/entity/package-info;
[22:05:56] [main/DEBUG]: Skipping Lnet/minecraft/world/level/block/entity/TrappedChestBlockEntity;
[22:05:56] [main/DEBUG]: Skipping Lnet/minecraft/world/level/block/entity/TickingBlockEntity;
[22:05:56] [main/DEBUG]: Skipping Lnet/minecraft/world/level/block/entity/TheEndPortalBlockEntity;
[22:05:56] [main/DEBUG]: Skipping Lnet/minecraft/world/level/block/entity/TheEndGatewayBlockEntity;
[22:05:56] [main/DEBUG]: Skipping Lnet/minecraft/world/level/block/entity/StructureBlockEntity;
[22:05:56] [main/DEBUG]: Skipping Lnet/minecraft/world/level/block/entity/StructureBlockEntity$UpdateType;
[22:05:56] [main/DEBUG]: Skipping Lnet/minecraft/world/level/block/entity/SmokerBlockEntity;
[22:05:56] [main/DEBUG]: Skipping Lnet/minecraft/world/level/block/entity/SkullBlockEntity;
[22:05:56] [main/DEBUG]: Skipping Lnet/minecraft/world/level/block/entity/SignText;
[22:05:56] [main/DEBUG]: Skipping Lnet/minecraft/world/level/block/entity/SculkShriekerBlockEntity;
[22:05:56] [main/DEBUG]: Skipping Lnet/minecraft/world/level/block/entity/SculkShriekerBlockEntity$VibrationUser;
[22:05:56] [main/DEBUG]: Skipping Lnet/minecraft/world/level/block/entity/SculkSensorBlockEntity;
[22:05:56] [main/DEBUG]: Skipping Lnet/minecraft/world/level/block/entity/SculkSensorBlockEntity$VibrationUser;
[22:05:56] [main/DEBUG]: Skipping Lnet/minecraft/world/level/block/entity/SculkCatalystBlockEntity;
[22:05:56] [main/DEBUG]: Skipping Lnet/minecraft/world/level/block/entity/SculkCatalystBlockEntity$CatalystListener;
[22:05:56] [main/DEBUG]: Skipping Lnet/minecraft/world/level/block/entity/RandomizableContainerBlockEntity;
[22:05:56] [main/DEBUG]: Skipping Lnet/minecraft/world/level/block/entity/LidBlockEntity;
[22:05:56] [main/DEBUG]: Skipping Lnet/minecraft/world/level/block/entity/LecternBlockEntity;
[22:05:56] [main/DEBUG]: Skipping Lnet/minecraft/world/level/block/entity/LecternBlockEntity$2;
[22:05:56] [main/DEBUG]: Skipping Lnet/minecraft/world/level/block/entity/LecternBlockEntity$1;
[22:05:56] [main/DEBUG]: Skipping Lnet/minecraft/world/level/block/entity/JukeboxBlockEntity;
[22:05:56] [main/DEBUG]: Skipping Lnet/minecraft/world/level/block/entity/JigsawBlockEntity;
[22:05:56] [main/DEBUG]: Skipping Lnet/minecraft/world/level/block/entity/JigsawBlockEntity$JointType;
[22:05:56] [main/DEBUG]: Skipping Lnet/minecraft/world/level/block/entity/Hopper;
[22:05:56] [main/DEBUG]: Skipping Lnet/minecraft/world/level/block/entity/FurnaceBlockEntity;
[22:05:56] [main/DEBUG]: Skipping Lnet/minecraft/world/level/block/entity/EnderChestBlockEntity;
[22:05:56] [main/DEBUG]: Skipping Lnet/minecraft/world/level/block/entity/EnderChestBlockEntity$1;
[22:05:56] [main/DEBUG]: Skipping Lnet/minecraft/world/level/block/entity/EnchantmentTableBlockEntity;
[22:05:56] [main/DEBUG]: Skipping Lnet/minecraft/world/level/block/entity/DropperBlockEntity;
[22:05:56] [main/DEBUG]: Skipping Lnet/minecraft/world/level/block/entity/DispenserBlockEntity;
[22:05:56] [main/DEBUG]: Skipping Lnet/minecraft/world/level/block/entity/DecoratedPotPatterns;
[22:05:56] [main/DEBUG]: Skipping Lnet/minecraft/world/level/block/entity/DecoratedPotBlockEntity;
[22:05:56] [main/DEBUG]: Skipping Lnet/minecraft/world/level/block/entity/DecoratedPotBlockEntity$Decorations;
[22:05:56] [main/DEBUG]: Skipping Lnet/minecraft/world/level/block/entity/DaylightDetectorBlockEntity;
[22:05:56] [main/DEBUG]: Skipping Lnet/minecraft/world/level/block/entity/ContainerOpenersCounter;
[22:05:56] [main/DEBUG]: Skipping Lnet/minecraft/world/level/block/entity/ComparatorBlockEntity;
[22:05:56] [main/DEBUG]: Skipping Lnet/minecraft/world/level/block/entity/CommandBlockEntity;
[22:05:56] [main/DEBUG]: Skipping Lnet/minecraft/world/level/block/entity/CommandBlockEntity$Mode;
[22:05:56] [main/DEBUG]: Skipping Lnet/minecraft/world/level/block/entity/CommandBlockEntity$1;
[22:05:56] [main/DEBUG]: Skipping Lnet/minecraft/world/level/block/entity/ChestLidController;
[22:05:56] [main/DEBUG]: Skipping Lnet/minecraft/world/level/block/entity/CampfireBlockEntity;
[22:05:56] [main/DEBUG]: Skipping Lnet/minecraft/world/level/block/entity/CalibratedSculkSensorBlockEntity;
[22:05:56] [main/DEBUG]: Skipping Lnet/minecraft/world/level/block/entity/CalibratedSculkSensorBlockEntity$VibrationUser;
[22:05:56] [main/DEBUG]: Skipping Lnet/minecraft/world/level/block/entity/BrushableBlockEntity;
[22:05:56] [main/DEBUG]: Transforming class Lnet/minecraft/world/level/block/entity/BlockEntityType;
[22:05:56] [main/DEBUG]: Transforming net/minecraft/world/level/block/entity/BlockEntityType INNERCLASS BlockEntitySupplier to access PUBLIC and LEAVE
[22:05:56] [main/DEBUG]: Skipping Lnet/minecraft/world/level/block/entity/BlockEntityType$Builder;
[22:05:56] [main/DEBUG]: Transforming class Lnet/minecraft/world/level/block/entity/BlockEntityType$BlockEntitySupplier;
[22:05:56] [main/DEBUG]: Transforming net/minecraft/world/level/block/entity/BlockEntityType$BlockEntitySupplier CLASS to access PUBLIC and LEAVE
[22:05:56] [main/DEBUG]: Skipping Lnet/minecraft/world/level/block/entity/BlockEntityTicker;
[22:05:56] [main/DEBUG]: Skipping Lnet/minecraft/world/level/block/entity/BlastFurnaceBlockEntity;
[22:05:56] [main/DEBUG]: Skipping Lnet/minecraft/world/level/block/entity/BellBlockEntity;
[22:05:56] [main/DEBUG]: Skipping Lnet/minecraft/world/level/block/entity/BellBlockEntity$ResonationEndAction;
[22:05:56] [main/DEBUG]: Skipping Lnet/minecraft/world/level/block/entity/BeehiveBlockEntity;
[22:05:56] [main/DEBUG]: Skipping Lnet/minecraft/world/level/block/entity/BeehiveBlockEntity$BeeReleaseStatus;
[22:05:56] [main/DEBUG]: Skipping Lnet/minecraft/world/level/block/entity/BeehiveBlockEntity$BeeData;
[22:05:56] [main/DEBUG]: Skipping Lnet/minecraft/world/level/block/entity/BedBlockEntity;
[22:05:56] [main/DEBUG]: Skipping Lnet/minecraft/world/level/block/entity/BarrelBlockEntity;
[22:05:56] [main/DEBUG]: Skipping Lnet/minecraft/world/level/block/entity/BarrelBlockEntity$1;
[22:05:56] [main/DEBUG]: Skipping Lnet/minecraft/world/level/block/entity/BannerPatterns;
[22:05:56] [main/DEBUG]: Skipping Lnet/minecraft/world/level/block/entity/BannerPattern;
[22:05:56] [main/DEBUG]: Skipping Lnet/minecraft/world/level/block/entity/BannerPattern$Builder;
[22:05:56] [main/DEBUG]: Skipping Lnet/minecraft/world/level/block/entity/BannerBlockEntity;
[22:05:56] [main/DEBUG]: Skipping Lnet/minecraft/world/level/block/entity/AbstractFurnaceBlockEntity$2;
[22:05:56] [main/DEBUG]: Skipping Lnet/minecraft/world/level/block/entity/BrewingStandBlockEntity$2;
[22:05:56] [main/DEBUG]: Skipping Lnet/minecraft/world/level/block/entity/SpawnerBlockEntity;
[22:05:56] [main/DEBUG]: Skipping Lnet/minecraft/world/level/block/entity/SpawnerBlockEntity$1;
[22:05:56] [main/DEBUG]: Skipping Lnet/minecraft/world/level/block/entity/SignBlockEntity;
[22:05:56] [main/DEBUG]: Skipping Lnet/minecraft/world/level/block/entity/ShulkerBoxBlockEntity;
[22:05:56] [main/DEBUG]: Skipping Lnet/minecraft/world/level/block/entity/ShulkerBoxBlockEntity$AnimationStatus;
[22:05:56] [main/DEBUG]: Skipping Lnet/minecraft/world/level/block/entity/ShulkerBoxBlockEntity$1;
[22:05:56] [main/DEBUG]: Transforming class Lnet/minecraft/world/level/block/entity/HopperBlockEntity;
[22:05:56] [main/DEBUG]: Transforming net/minecraft/world/level/block/entity/HopperBlockEntity METHOD m_59395_(I)V to access PUBLIC and LEAVE
[22:05:56] [main/DEBUG]: Transforming net/minecraft/world/level/block/entity/HopperBlockEntity METHOD m_59409_()Z to access PUBLIC and LEAVE
[22:05:56] [main/DEBUG]: Skipping Lnet/minecraft/world/level/block/entity/HangingSignBlockEntity;
[22:05:56] [main/DEBUG]: Skipping Lnet/minecraft/world/level/block/entity/ConduitBlockEntity;
[22:05:56] [main/DEBUG]: Skipping Lnet/minecraft/world/level/block/entity/ChiseledBookShelfBlockEntity;
[22:05:56] [main/DEBUG]: Skipping Lnet/minecraft/world/level/block/entity/ChestBlockEntity;
[22:05:56] [main/DEBUG]: Skipping Lnet/minecraft/world/level/block/entity/ChestBlockEntity$1;
[22:05:56] [main/DEBUG]: Skipping Lnet/minecraft/world/level/block/entity/BrewingStandBlockEntity;
[22:05:56] [main/DEBUG]: Skipping Lnet/minecraft/world/level/block/entity/BrewingStandBlockEntity$1;
[22:05:56] [main/DEBUG]: Skipping Lnet/minecraft/world/level/block/entity/BlockEntity;
[22:05:56] [main/DEBUG]: Skipping Lnet/minecraft/world/level/block/entity/BeaconBlockEntity;
[22:05:56] [main/DEBUG]: Skipping Lnet/minecraft/world/level/block/entity/BeaconBlockEntity$BeaconBeamSection;
[22:05:56] [main/DEBUG]: Skipping Lnet/minecraft/world/level/block/entity/BeaconBlockEntity$1;
[22:05:56] [main/DEBUG]: Skipping Lnet/minecraft/world/level/block/entity/BaseContainerBlockEntity;
[22:05:56] [main/DEBUG]: Skipping Lnet/minecraft/world/level/block/entity/AbstractFurnaceBlockEntity;
[22:05:56] [main/DEBUG]: Skipping Lnet/minecraft/world/level/block/entity/AbstractFurnaceBlockEntity$1;
[22:05:56] [main/DEBUG]: Transforming class Lnet/minecraft/world/level/block/WoolCarpetBlock;
[22:05:56] [main/DEBUG]: Transforming net/minecraft/world/level/block/WoolCarpetBlock METHOD <init>(Lnet/minecraft/world/item/DyeColor;Lnet/minecraft/world/level/block/state/BlockBehaviour$Properties;)V to access PUBLIC and LEAVE
[22:05:56] [main/DEBUG]: Transforming class Lnet/minecraft/world/level/block/WitherWallSkullBlock;
[22:05:56] [main/DEBUG]: Transforming net/minecraft/world/level/block/WitherWallSkullBlock METHOD <init>(Lnet/minecraft/world/level/block/state/BlockBehaviour$Properties;)V to access PUBLIC and LEAVE
[22:05:56] [main/DEBUG]: Transforming class Lnet/minecraft/world/level/block/WitherSkullBlock;
[22:05:56] [main/DEBUG]: Transforming net/minecraft/world/level/block/WitherSkullBlock METHOD <init>(Lnet/minecraft/world/level/block/state/BlockBehaviour$Properties;)V to access PUBLIC and LEAVE
[22:05:56] [main/DEBUG]: Skipping Lnet/minecraft/world/level/block/WitherRoseBlock;
[22:05:56] [main/DEBUG]: Transforming class Lnet/minecraft/world/level/block/WetSpongeBlock;
[22:05:56] [main/DEBUG]: Transforming net/minecraft/world/level/block/WetSpongeBlock METHOD <init>(Lnet/minecraft/world/level/block/state/BlockBehaviour$Properties;)V to access PUBLIC and LEAVE
[22:05:56] [main/DEBUG]: Transforming class Lnet/minecraft/world/level/block/WeightedPressurePlateBlock;
[22:05:56] [main/DEBUG]: Transforming net/minecraft/world/level/block/WeightedPressurePlateBlock METHOD <init>(ILnet/minecraft/world/level/block/state/BlockBehaviour$Properties;Lnet/minecraft/world/level/block/state/properties/BlockSetType;)V to access PUBLIC and LEAVE
[22:05:56] [main/DEBUG]: Skipping Lnet/minecraft/world/level/block/WeepingVinesPlantBlock;
[22:05:56] [main/DEBUG]: Skipping Lnet/minecraft/world/level/block/WeepingVinesBlock;
[22:05:56] [main/DEBUG]: Skipping Lnet/minecraft/world/level/block/WeatheringCopperStairBlock;
[22:05:56] [main/DEBUG]: Skipping Lnet/minecraft/world/level/block/WeatheringCopperSlabBlock;
[22:05:56] [main/DEBUG]: Skipping Lnet/minecraft/world/level/block/WeatheringCopperFullBlock;
[22:05:56] [main/DEBUG]: Skipping Lnet/minecraft/world/level/block/WeatheringCopper;
[22:05:56] [main/DEBUG]: Skipping Lnet/minecraft/world/level/block/WeatheringCopper$WeatherState;
[22:05:56] [main/DEBUG]: Transforming class Lnet/minecraft/world/level/block/WaterlilyBlock;
[22:05:56] [main/DEBUG]: Transforming net/minecraft/world/level/block/WaterlilyBlock METHOD <init>(Lnet/minecraft/world/level/block/state/BlockBehaviour$Properties;)V to access PUBLIC and LEAVE
[22:05:56] [main/DEBUG]: Transforming class Lnet/minecraft/world/level/block/WallTorchBlock;
[22:05:56] [main/DEBUG]: Transforming net/minecraft/world/level/block/WallTorchBlock METHOD <init>(Lnet/minecraft/world/level/block/state/BlockBehaviour$Properties;Lnet/minecraft/core/particles/ParticleOptions;)V to access PUBLIC and LEAVE
[22:05:56] [main/DEBUG]: Transforming class Lnet/minecraft/world/level/block/WallSkullBlock;
[22:05:56] [main/DEBUG]: Transforming net/minecraft/world/level/block/WallSkullBlock METHOD <init>(Lnet/minecraft/world/level/block/SkullBlock$Type;Lnet/minecraft/world/level/block/state/BlockBehaviour$Properties;)V to access PUBLIC and LEAVE
[22:05:56] [main/DEBUG]: Skipping Lnet/minecraft/world/level/block/WallSignBlock;
[22:05:56] [main/DEBUG]: Skipping Lnet/minecraft/world/level/block/WallHangingSignBlock;
[22:05:56] [main/DEBUG]: Skipping Lnet/minecraft/world/level/block/WallHangingSignBlock$1;
[22:05:56] [main/DEBUG]: Skipping Lnet/minecraft/world/level/block/WallBlock;
[22:05:56] [main/DEBUG]: Skipping Lnet/minecraft/world/level/block/WallBlock$1;
[22:05:56] [main/DEBUG]: Skipping Lnet/minecraft/world/level/block/WallBannerBlock;
[22:05:56] [main/DEBUG]: Skipping Lnet/minecraft/world/level/block/TwistingVinesPlantBlock;
[22:05:56] [main/DEBUG]: Skipping Lnet/minecraft/world/level/block/TwistingVinesBlock;
[22:05:56] [main/DEBUG]: Skipping Lnet/minecraft/world/level/block/TrappedChestBlock;
[22:05:56] [main/DEBUG]: Skipping Lnet/minecraft/world/level/block/TorchflowerCropBlock;
[22:05:56] [main/DEBUG]: Transforming class Lnet/minecraft/world/level/block/TorchBlock;
[22:05:56] [main/DEBUG]: Transforming net/minecraft/world/level/block/TorchBlock METHOD <init>(Lnet/minecraft/world/level/block/state/BlockBehaviour$Properties;Lnet/minecraft/core/particles/ParticleOptions;)V to access PUBLIC and LEAVE
[22:05:56] [main/DEBUG]: Skipping Lnet/minecraft/world/level/block/TintedGlassBlock;
[22:05:56] [main/DEBUG]: Skipping Lnet/minecraft/world/level/block/TargetBlock;
[22:05:56] [main/DEBUG]: Skipping Lnet/minecraft/world/level/block/TallSeagrassBlock;
[22:05:56] [main/DEBUG]: Skipping Lnet/minecraft/world/level/block/TallFlowerBlock;
[22:05:56] [main/DEBUG]: Skipping Lnet/minecraft/world/level/block/SuspiciousEffectHolder;
[22:05:56] [main/DEBUG]: Skipping Lnet/minecraft/world/level/block/SupportType;
[22:05:56] [main/DEBUG]: Skipping Lnet/minecraft/world/level/block/SupportType$3;
[22:05:56] [main/DEBUG]: Skipping Lnet/minecraft/world/level/block/SupportType$2;
[22:05:56] [main/DEBUG]: Skipping Lnet/minecraft/world/level/block/SupportType$1;
[22:05:56] [main/DEBUG]: Transforming class Lnet/minecraft/world/level/block/StructureVoidBlock;
[22:05:56] [main/DEBUG]: Transforming net/minecraft/world/level/block/StructureVoidBlock METHOD <init>(Lnet/minecraft/world/level/block/state/BlockBehaviour$Properties;)V to access PUBLIC and LEAVE
[22:05:56] [main/DEBUG]: Transforming class Lnet/minecraft/world/level/block/StructureBlock;
[22:05:56] [main/DEBUG]: Transforming net/minecraft/world/level/block/StructureBlock METHOD <init>(Lnet/minecraft/world/level/block/state/BlockBehaviour$Properties;)V to access PUBLIC and LEAVE
[22:05:56] [main/DEBUG]: Skipping Lnet/minecraft/world/level/block/StructureBlock$1;
[22:05:56] [main/DEBUG]: Skipping Lnet/minecraft/world/level/block/StonecutterBlock;
[22:05:56] [main/DEBUG]: Skipping Lnet/minecraft/world/level/block/StandingSignBlock;
[22:05:56] [main/DEBUG]: Skipping Lnet/minecraft/world/level/block/StainedGlassPaneBlock;
[22:05:56] [main/DEBUG]: Skipping Lnet/minecraft/world/level/block/StainedGlassBlock;
[22:05:56] [main/DEBUG]: Skipping Lnet/minecraft/world/level/block/SporeBlossomBlock;
[22:05:56] [main/DEBUG]: Skipping Lnet/minecraft/world/level/block/SoulSandBlock;
[22:05:56] [main/DEBUG]: Skipping Lnet/minecraft/world/level/block/SoulFireBlock;
[22:05:56] [main/DEBUG]: Transforming class Lnet/minecraft/world/level/block/SnowyDirtBlock;
[22:05:56] [main/DEBUG]: Transforming net/minecraft/world/level/block/SnowyDirtBlock METHOD <init>(Lnet/minecraft/world/level/block/state/BlockBehaviour$Properties;)V to access PUBLIC and LEAVE
[22:05:56] [main/DEBUG]: Transforming class Lnet/minecraft/world/level/block/SnowLayerBlock;
[22:05:56] [main/DEBUG]: Transforming net/minecraft/world/level/block/SnowLayerBlock METHOD <init>(Lnet/minecraft/world/level/block/state/BlockBehaviour$Properties;)V to access PUBLIC and LEAVE
[22:05:56] [main/DEBUG]: Skipping Lnet/minecraft/world/level/block/SnowLayerBlock$1;
[22:05:56] [main/DEBUG]: Skipping Lnet/minecraft/world/level/block/SnifferEggBlock;
[22:05:56] [main/DEBUG]: Transforming class Lnet/minecraft/world/level/block/SmokerBlock;
[22:05:56] [main/DEBUG]: Transforming net/minecraft/world/level/block/SmokerBlock METHOD <init>(Lnet/minecraft/world/level/block/state/BlockBehaviour$Properties;)V to access PUBLIC and LEAVE
[22:05:56] [main/DEBUG]: Transforming class Lnet/minecraft/world/level/block/SmithingTableBlock;
[22:05:56] [main/DEBUG]: Transforming net/minecraft/world/level/block/SmithingTableBlock METHOD <init>(Lnet/minecraft/world/level/block/state/BlockBehaviour$Properties;)V to access PUBLIC and LEAVE
[22:05:56] [main/DEBUG]: Skipping Lnet/minecraft/world/level/block/SmallDripleafBlock;
[22:05:56] [main/DEBUG]: Skipping Lnet/minecraft/world/level/block/SlimeBlock;
[22:05:56] [main/DEBUG]: Skipping Lnet/minecraft/world/level/block/SlabBlock;
[22:05:56] [main/DEBUG]: Skipping Lnet/minecraft/world/level/block/SlabBlock$1;
[22:05:56] [main/DEBUG]: Transforming class Lnet/minecraft/world/level/block/SkullBlock;
[22:05:56] [main/DEBUG]: Transforming net/minecraft/world/level/block/SkullBlock METHOD <init>(Lnet/minecraft/world/level/block/SkullBlock$Type;Lnet/minecraft/world/level/block/state/BlockBehaviour$Properties;)V to access PUBLIC and LEAVE
[22:05:56] [main/DEBUG]: Skipping Lnet/minecraft/world/level/block/SkullBlock$Types;
[22:05:56] [main/DEBUG]: Skipping Lnet/minecraft/world/level/block/SkullBlock$Type;
[22:05:56] [main/DEBUG]: Skipping Lnet/minecraft/world/level/block/SimpleWaterloggedBlock;
[22:05:56] [main/DEBUG]: Skipping Lnet/minecraft/world/level/block/SignBlock;
[22:05:56] [main/DEBUG]: Skipping Lnet/minecraft/world/level/block/ShulkerBoxBlock;
[22:05:56] [main/DEBUG]: Skipping Lnet/minecraft/world/level/block/ShulkerBoxBlock$1;
[22:05:56] [main/DEBUG]: Transforming class Lnet/minecraft/world/level/block/SeaPickleBlock;
[22:05:56] [main/DEBUG]: Transforming net/minecraft/world/level/block/SeaPickleBlock METHOD <init>(Lnet/minecraft/world/level/block/state/BlockBehaviour$Properties;)V to access PUBLIC and LEAVE
[22:05:56] [main/DEBUG]: Skipping Lnet/minecraft/world/level/block/SculkVeinBlock;
[22:05:56] [main/DEBUG]: Skipping Lnet/minecraft/world/level/block/SculkVeinBlock$SculkVeinSpreaderConfig;
[22:05:56] [main/DEBUG]: Skipping Lnet/minecraft/world/level/block/SculkSpreader;
[22:05:56] [main/DEBUG]: Skipping Lnet/minecraft/world/level/block/SculkSpreader$ChargeCursor;
[22:05:56] [main/DEBUG]: Skipping Lnet/minecraft/world/level/block/SculkBlock;
[22:05:56] [main/DEBUG]: Skipping Lnet/minecraft/world/level/block/SculkBehaviour;
[22:05:56] [main/DEBUG]: Skipping Lnet/minecraft/world/level/block/SculkBehaviour$1;
[22:05:56] [main/DEBUG]: Transforming class Lnet/minecraft/world/level/block/ScaffoldingBlock;
[22:05:56] [main/DEBUG]: Transforming net/minecraft/world/level/block/ScaffoldingBlock METHOD <init>(Lnet/minecraft/world/level/block/state/BlockBehaviour$Properties;)V to access PUBLIC and LEAVE
[22:05:56] [main/DEBUG]: Skipping Lnet/minecraft/world/level/block/SandBlock;
[22:05:56] [main/DEBUG]: Skipping Lnet/minecraft/world/level/block/Rotation;
[22:05:56] [main/DEBUG]: Skipping Lnet/minecraft/world/level/block/Rotation$1;
[22:05:56] [main/DEBUG]: Skipping Lnet/minecraft/world/level/block/RotatedPillarBlock;
[22:05:56] [main/DEBUG]: Skipping Lnet/minecraft/world/level/block/RotatedPillarBlock$1;
[22:05:56] [main/DEBUG]: Transforming class Lnet/minecraft/world/level/block/RootsBlock;
[22:05:56] [main/DEBUG]: Transforming net/minecraft/world/level/block/RootsBlock METHOD <init>(Lnet/minecraft/world/level/block/state/BlockBehaviour$Properties;)V to access PUBLIC and LEAVE
[22:05:56] [main/DEBUG]: Skipping Lnet/minecraft/world/level/block/RootedDirtBlock;
[22:05:56] [main/DEBUG]: Transforming class Lnet/minecraft/world/level/block/RodBlock;
[22:05:56] [main/DEBUG]: Transforming net/minecraft/world/level/block/RodBlock METHOD <init>(Lnet/minecraft/world/level/block/state/BlockBehaviour$Properties;)V to access PUBLIC and LEAVE
[22:05:56] [main/DEBUG]: Skipping Lnet/minecraft/world/level/block/RodBlock$1;
[22:05:56] [main/DEBUG]: Skipping Lnet/minecraft/world/level/block/RespawnAnchorBlock;
[22:05:56] [main/DEBUG]: Skipping Lnet/minecraft/world/level/block/RespawnAnchorBlock$1;
[22:05:56] [main/DEBUG]: Transforming class Lnet/minecraft/world/level/block/RepeaterBlock;
[22:05:56] [main/DEBUG]: Transforming net/minecraft/world/level/block/RepeaterBlock METHOD <init>(Lnet/minecraft/world/level/block/state/BlockBehaviour$Properties;)V to access PUBLIC and LEAVE
[22:05:56] [main/DEBUG]: Skipping Lnet/minecraft/world/level/block/RenderShape;
[22:05:56] [main/DEBUG]: Transforming class Lnet/minecraft/world/level/block/RedstoneWallTorchBlock;
[22:05:56] [main/DEBUG]: Transforming net/minecraft/world/level/block/RedstoneWallTorchBlock METHOD <init>(Lnet/minecraft/world/level/block/state/BlockBehaviour$Properties;)V to access PUBLIC and LEAVE
[22:05:56] [main/DEBUG]: Transforming class Lnet/minecraft/world/level/block/RedstoneTorchBlock;
[22:05:56] [main/DEBUG]: Transforming net/minecraft/world/level/block/RedstoneTorchBlock METHOD <init>(Lnet/minecraft/world/level/block/state/BlockBehaviour$Properties;)V to access PUBLIC and LEAVE
[22:05:56] [main/DEBUG]: Skipping Lnet/minecraft/world/level/block/RedstoneTorchBlock$Toggle;
[22:05:56] [main/DEBUG]: Skipping Lnet/minecraft/world/level/block/RedstoneLampBlock;
[22:05:56] [main/DEBUG]: Transforming class Lnet/minecraft/world/level/block/PressurePlateBlock;
[22:05:56] [main/DEBUG]: Transforming net/minecraft/world/level/block/PressurePlateBlock METHOD <init>(Lnet/minecraft/world/level/block/PressurePlateBlock$Sensitivity;Lnet/minecraft/world/level/block/state/BlockBehaviour$Properties;Lnet/minecraft/world/level/block/state/properties/BlockSetType;)V to access PUBLIC and LEAVE
[22:05:56] [main/DEBUG]: Skipping Lnet/minecraft/world/level/block/PressurePlateBlock$Sensitivity;
[22:05:56] [main/DEBUG]: Skipping Lnet/minecraft/world/level/block/PressurePlateBlock$1;
[22:05:56] [main/DEBUG]: Skipping Lnet/minecraft/world/level/block/PoweredBlock;
[22:05:56] [main/DEBUG]: Skipping Lnet/minecraft/world/level/block/PowderSnowCauldronBlock;
[22:05:56] [main/DEBUG]: Skipping Lnet/minecraft/world/level/block/PotatoBlock;
[22:05:56] [main/DEBUG]: Skipping Lnet/minecraft/world/level/block/PointedDripstoneBlock;
[22:05:56] [main/DEBUG]: Skipping Lnet/minecraft/world/level/block/PointedDripstoneBlock$FluidInfo;
[22:05:56] [main/DEBUG]: Transforming class Lnet/minecraft/world/level/block/PlayerWallHeadBlock;
[22:05:56] [main/DEBUG]: Transforming net/minecraft/world/level/block/PlayerWallHeadBlock METHOD <init>(Lnet/minecraft/world/level/block/state/BlockBehaviour$Properties;)V to access PUBLIC and LEAVE
[22:05:56] [main/DEBUG]: Transforming class Lnet/minecraft/world/level/block/PlayerHeadBlock;
[22:05:56] [main/DEBUG]: Transforming net/minecraft/world/level/block/PlayerHeadBlock METHOD <init>(Lnet/minecraft/world/level/block/state/BlockBehaviour$Properties;)V to access PUBLIC and LEAVE
[22:05:56] [main/DEBUG]: Transforming class Lnet/minecraft/world/level/block/PipeBlock;
[22:05:56] [main/DEBUG]: Transforming net/minecraft/world/level/block/PipeBlock METHOD <init>(FLnet/minecraft/world/level/block/state/BlockBehaviour$Properties;)V to access PUBLIC and LEAVE
[22:05:56] [main/DEBUG]: Transforming class Lnet/minecraft/world/level/block/PinkPetalsBlock;
[22:05:56] [main/DEBUG]: Transforming net/minecraft/world/level/block/PinkPetalsBlock METHOD <init>(Lnet/minecraft/world/level/block/state/BlockBehaviour$Properties;)V to access PUBLIC and LEAVE
[22:05:56] [main/DEBUG]: Skipping Lnet/minecraft/world/level/block/PiglinWallSkullBlock;
[22:05:56] [main/DEBUG]: Skipping Lnet/minecraft/world/level/block/ObserverBlock;
[22:05:56] [main/DEBUG]: Transforming class Lnet/minecraft/world/level/block/NyliumBlock;
[22:05:56] [main/DEBUG]: Transforming net/minecraft/world/level/block/NyliumBlock METHOD <init>(Lnet/minecraft/world/level/block/state/BlockBehaviour$Properties;)V to access PUBLIC and LEAVE
[22:05:56] [main/DEBUG]: Skipping Lnet/minecraft/world/level/block/NetherrackBlock;
[22:05:56] [main/DEBUG]: Skipping Lnet/minecraft/world/level/block/NetherVines;
[22:05:56] [main/DEBUG]: Skipping Lnet/minecraft/world/level/block/NetherSproutsBlock;
[22:05:56] [main/DEBUG]: Skipping Lnet/minecraft/world/level/block/NetherPortalBlock;
[22:05:56] [main/DEBUG]: Skipping Lnet/minecraft/world/level/block/NetherPortalBlock$1;
[22:05:56] [main/DEBUG]: Skipping Lnet/minecraft/world/level/block/MyceliumBlock;
[22:05:56] [main/DEBUG]: Skipping Lnet/minecraft/world/level/block/MultifaceSpreader;
[22:05:56] [main/DEBUG]: Skipping Lnet/minecraft/world/level/block/MultifaceSpreader$SpreadType;
[22:05:56] [main/DEBUG]: Skipping Lnet/minecraft/world/level/block/MultifaceSpreader$SpreadType$3;
[22:05:56] [main/DEBUG]: Skipping Lnet/minecraft/world/level/block/MultifaceSpreader$SpreadType$2;
[22:05:56] [main/DEBUG]: Skipping Lnet/minecraft/world/level/block/MultifaceSpreader$SpreadType$1;
[22:05:56] [main/DEBUG]: Skipping Lnet/minecraft/world/level/block/MultifaceSpreader$SpreadPredicate;
[22:05:56] [main/DEBUG]: Skipping Lnet/minecraft/world/level/block/MultifaceSpreader$SpreadPos;
[22:05:56] [main/DEBUG]: Skipping Lnet/minecraft/world/level/block/MultifaceSpreader$SpreadConfig;
[22:05:56] [main/DEBUG]: Skipping Lnet/minecraft/world/level/block/MultifaceSpreader$DefaultSpreaderConfig;
[22:05:56] [main/DEBUG]: Skipping Lnet/minecraft/world/level/block/MultifaceBlock;
[22:05:56] [main/DEBUG]: Skipping Lnet/minecraft/world/level/block/MudBlock;
[22:05:56] [main/DEBUG]: Skipping Lnet/minecraft/world/level/block/MossBlock;
[22:05:56] [main/DEBUG]: Skipping Lnet/minecraft/world/level/block/Mirror;
[22:05:56] [main/DEBUG]: Skipping Lnet/minecraft/world/level/block/Mirror$1;
[22:05:56] [main/DEBUG]: Transforming class Lnet/minecraft/world/level/block/MelonBlock;
[22:05:56] [main/DEBUG]: Transforming net/minecraft/world/level/block/MelonBlock METHOD <init>(Lnet/minecraft/world/level/block/state/BlockBehaviour$Properties;)V to access PUBLIC and LEAVE
[22:05:56] [main/DEBUG]: Transforming class Lnet/minecraft/world/level/block/MangroveRootsBlock;
[22:05:56] [main/DEBUG]: Transforming net/minecraft/world/level/block/MangroveRootsBlock METHOD <init>(Lnet/minecraft/world/level/block/state/BlockBehaviour$Properties;)V to access PUBLIC and LEAVE
[22:05:56] [main/DEBUG]: Skipping Lnet/minecraft/world/level/block/MangrovePropaguleBlock;
[22:05:56] [main/DEBUG]: Skipping Lnet/minecraft/world/level/block/MangroveLeavesBlock;
[22:05:56] [main/DEBUG]: Skipping Lnet/minecraft/world/level/block/MagmaBlock;
[22:05:56] [main/DEBUG]: Transforming class Lnet/minecraft/world/level/block/LoomBlock;
[22:05:56] [main/DEBUG]: Transforming net/minecraft/world/level/block/LoomBlock METHOD <init>(Lnet/minecraft/world/level/block/state/BlockBehaviour$Properties;)V to access PUBLIC and LEAVE
[22:05:56] [main/DEBUG]: Skipping Lnet/minecraft/world/level/block/LiquidBlockContainer;
[22:05:56] [main/DEBUG]: Skipping Lnet/minecraft/world/level/block/LightningRodBlock;
[22:05:56] [main/DEBUG]: Skipping Lnet/minecraft/world/level/block/LightBlock;
[22:05:56] [main/DEBUG]: Transforming class Lnet/minecraft/world/level/block/LeverBlock;
[22:05:56] [main/DEBUG]: Transforming net/minecraft/world/level/block/LeverBlock METHOD <init>(Lnet/minecraft/world/level/block/state/BlockBehaviour$Properties;)V to access PUBLIC and LEAVE
[22:05:56] [main/DEBUG]: Skipping Lnet/minecraft/world/level/block/LeverBlock$1;
[22:05:56] [main/DEBUG]: Skipping Lnet/minecraft/world/level/block/LevelEvent;
[22:05:56] [main/DEBUG]: Transforming class Lnet/minecraft/world/level/block/LecternBlock;
[22:05:56] [main/DEBUG]: Transforming net/minecraft/world/level/block/LecternBlock METHOD <init>(Lnet/minecraft/world/level/block/state/BlockBehaviour$Properties;)V to access PUBLIC and LEAVE
[22:05:56] [main/DEBUG]: Skipping Lnet/minecraft/world/level/block/LecternBlock$1;
[22:05:56] [main/DEBUG]: Skipping Lnet/minecraft/world/level/block/LayeredCauldronBlock;
[22:05:56] [main/DEBUG]: Skipping Lnet/minecraft/world/level/block/LavaCauldronBlock;
[22:05:56] [main/DEBUG]: Skipping Lnet/minecraft/world/level/block/LanternBlock;
[22:05:56] [main/DEBUG]: Transforming class Lnet/minecraft/world/level/block/LadderBlock;
[22:05:56] [main/DEBUG]: Transforming net/minecraft/world/level/block/LadderBlock METHOD <init>(Lnet/minecraft/world/level/block/state/BlockBehaviour$Properties;)V to access PUBLIC and LEAVE
[22:05:56] [main/DEBUG]: Skipping Lnet/minecraft/world/level/block/LadderBlock$1;
[22:05:56] [main/DEBUG]: Transforming class Lnet/minecraft/world/level/block/KelpPlantBlock;
[22:05:56] [main/DEBUG]: Transforming net/minecraft/world/level/block/KelpPlantBlock METHOD <init>(Lnet/minecraft/world/level/block/state/BlockBehaviour$Properties;)V to access PUBLIC and LEAVE
[22:05:56] [main/DEBUG]: Transforming class Lnet/minecraft/world/level/block/KelpBlock;
[22:05:56] [main/DEBUG]: Transforming net/minecraft/world/level/block/KelpBlock METHOD <init>(Lnet/minecraft/world/level/block/state/BlockBehaviour$Properties;)V to access PUBLIC and LEAVE
[22:05:56] [main/DEBUG]: Transforming class Lnet/minecraft/world/level/block/JukeboxBlock;
[22:05:56] [main/DEBUG]: Transforming net/minecraft/world/level/block/JukeboxBlock METHOD <init>(Lnet/minecraft/world/level/block/state/BlockBehaviour$Properties;)V to access PUBLIC and LEAVE
[22:05:56] [main/DEBUG]: Transforming class Lnet/minecraft/world/level/block/JigsawBlock;
[22:05:56] [main/DEBUG]: Transforming net/minecraft/world/level/block/JigsawBlock METHOD <init>(Lnet/minecraft/world/level/block/state/BlockBehaviour$Properties;)V to access PUBLIC and LEAVE
[22:05:56] [main/DEBUG]: Transforming class Lnet/minecraft/world/level/block/IronBarsBlock;
[22:05:56] [main/DEBUG]: Transforming net/minecraft/world/level/block/IronBarsBlock METHOD <init>(Lnet/minecraft/world/level/block/state/BlockBehaviour$Properties;)V to access PUBLIC and LEAVE
[22:05:56] [main/DEBUG]: Skipping Lnet/minecraft/world/level/block/InfestedRotatedPillarBlock;
[22:05:56] [main/DEBUG]: Skipping Lnet/minecraft/world/level/block/InfestedBlock;
[22:05:56] [main/DEBUG]: Skipping Lnet/minecraft/world/level/block/IceBlock;
[22:05:56] [main/DEBUG]: Skipping Lnet/minecraft/world/level/block/HugeMushroomBlock;
[22:05:56] [main/DEBUG]: Skipping Lnet/minecraft/world/level/block/HorizontalDirectionalBlock;
[22:05:56] [main/DEBUG]: Skipping Lnet/minecraft/world/level/block/HopperBlock;
[22:05:56] [main/DEBUG]: Skipping Lnet/minecraft/world/level/block/HopperBlock$1;
[22:05:56] [main/DEBUG]: Skipping Lnet/minecraft/world/level/block/HoneyBlock;
[22:05:56] [main/DEBUG]: Skipping Lnet/minecraft/world/level/block/HayBlock;
[22:05:56] [main/DEBUG]: Transforming class Lnet/minecraft/world/level/block/HangingRootsBlock;
[22:05:56] [main/DEBUG]: Transforming net/minecraft/world/level/block/HangingRootsBlock METHOD <init>(Lnet/minecraft/world/level/block/state/BlockBehaviour$Properties;)V to access PUBLIC and LEAVE
[22:05:56] [main/DEBUG]: Transforming class Lnet/minecraft/world/level/block/HalfTransparentBlock;
[22:05:56] [main/DEBUG]: Transforming net/minecraft/world/level/block/HalfTransparentBlock METHOD <init>(Lnet/minecraft/world/level/block/state/BlockBehaviour$Properties;)V to access PUBLIC and LEAVE
[22:05:56] [main/DEBUG]: Skipping Lnet/minecraft/world/level/block/GrowingPlantBodyBlock;
[22:05:56] [main/DEBUG]: Skipping Lnet/minecraft/world/level/block/GrowingPlantBlock;
[22:05:56] [main/DEBUG]: Transforming class Lnet/minecraft/world/level/block/GrindstoneBlock;
[22:05:56] [main/DEBUG]: Transforming net/minecraft/world/level/block/GrindstoneBlock METHOD <init>(Lnet/minecraft/world/level/block/state/BlockBehaviour$Properties;)V to access PUBLIC and LEAVE
[22:05:56] [main/DEBUG]: Skipping Lnet/minecraft/world/level/block/GrindstoneBlock$1;
[22:05:56] [main/DEBUG]: Skipping Lnet/minecraft/world/level/block/GravelBlock;
[22:05:56] [main/DEBUG]: Skipping Lnet/minecraft/world/level/block/GrassBlock;
[22:05:56] [main/DEBUG]: Skipping Lnet/minecraft/world/level/block/GlowLichenBlock;
[22:05:56] [main/DEBUG]: Skipping Lnet/minecraft/world/level/block/GlazedTerracottaBlock;
[22:05:56] [main/DEBUG]: Skipping Lnet/minecraft/world/level/block/GlassBlock;
[22:05:56] [main/DEBUG]: Skipping Lnet/minecraft/world/level/block/GameMasterBlock;
[22:05:56] [main/DEBUG]: Transforming class Lnet/minecraft/world/level/block/FurnaceBlock;
[22:05:56] [main/DEBUG]: Transforming net/minecraft/world/level/block/FurnaceBlock METHOD <init>(Lnet/minecraft/world/level/block/state/BlockBehaviour$Properties;)V to access PUBLIC and LEAVE
[22:05:56] [main/DEBUG]: Skipping Lnet/minecraft/world/level/block/FrostedIceBlock;
[22:05:56] [main/DEBUG]: Skipping Lnet/minecraft/world/level/block/FrogspawnBlock;
[22:05:56] [main/DEBUG]: Transforming class Lnet/minecraft/world/level/block/FletchingTableBlock;
[22:05:56] [main/DEBUG]: Transforming net/minecraft/world/level/block/FletchingTableBlock METHOD <init>(Lnet/minecraft/world/level/block/state/BlockBehaviour$Properties;)V to access PUBLIC and LEAVE
[22:05:56] [main/DEBUG]: Skipping Lnet/minecraft/world/level/block/FenceBlock;
[22:05:56] [main/DEBUG]: Skipping Lnet/minecraft/world/level/block/FallingBlock;
[22:05:56] [main/DEBUG]: Skipping Lnet/minecraft/world/level/block/Fallable;
[22:05:56] [main/DEBUG]: Transforming class Lnet/minecraft/world/level/block/FaceAttachedHorizontalDirectionalBlock;
[22:05:56] [main/DEBUG]: Transforming net/minecraft/world/level/block/FaceAttachedHorizontalDirectionalBlock METHOD <init>(Lnet/minecraft/world/level/block/state/BlockBehaviour$Properties;)V to access PUBLIC and LEAVE
[22:05:56] [main/DEBUG]: Skipping Lnet/minecraft/world/level/block/FaceAttachedHorizontalDirectionalBlock$1;
[22:05:56] [main/DEBUG]: Transforming class Lnet/minecraft/world/level/block/EquipableCarvedPumpkinBlock;
[22:05:56] [main/DEBUG]: Transforming net/minecraft/world/level/block/EquipableCarvedPumpkinBlock METHOD <init>(Lnet/minecraft/world/level/block/state/BlockBehaviour$Properties;)V to access PUBLIC and LEAVE
[22:05:56] [main/DEBUG]: Skipping Lnet/minecraft/world/level/block/EntityBlock;
[22:05:56] [main/DEBUG]: Transforming class Lnet/minecraft/world/level/block/EnderChestBlock;
[22:05:56] [main/DEBUG]: Transforming net/minecraft/world/level/block/EnderChestBlock METHOD <init>(Lnet/minecraft/world/level/block/state/BlockBehaviour$Properties;)V to access PUBLIC and LEAVE
[22:05:56] [main/DEBUG]: Transforming class Lnet/minecraft/world/level/block/EndRodBlock;
[22:05:56] [main/DEBUG]: Transforming net/minecraft/world/level/block/EndRodBlock METHOD <init>(Lnet/minecraft/world/level/block/state/BlockBehaviour$Properties;)V to access PUBLIC and LEAVE
[22:05:56] [main/DEBUG]: Skipping Lnet/minecraft/world/level/block/EndPortalFrameBlock;
[22:05:56] [main/DEBUG]: Transforming class Lnet/minecraft/world/level/block/EndPortalBlock;
[22:05:56] [main/DEBUG]: Transforming net/minecraft/world/level/block/EndPortalBlock METHOD <init>(Lnet/minecraft/world/level/block/state/BlockBehaviour$Properties;)V to access PUBLIC and LEAVE
[22:05:56] [main/DEBUG]: Transforming class Lnet/minecraft/world/level/block/EndGatewayBlock;
[22:05:56] [main/DEBUG]: Transforming net/minecraft/world/level/block/EndGatewayBlock METHOD <init>(Lnet/minecraft/world/level/block/state/BlockBehaviour$Properties;)V to access PUBLIC and LEAVE
[22:05:56] [main/DEBUG]: Skipping Lnet/minecraft/world/level/block/DragonEggBlock;
[22:05:56] [main/DEBUG]: Skipping Lnet/minecraft/world/level/block/DoubleBlockCombiner;
[22:05:56] [main/DEBUG]: Skipping Lnet/minecraft/world/level/block/DoubleBlockCombiner$NeighborCombineResult;
[22:05:56] [main/DEBUG]: Skipping Lnet/minecraft/world/level/block/DoubleBlockCombiner$NeighborCombineResult$Single;
[22:05:56] [main/DEBUG]: Skipping Lnet/minecraft/world/level/block/DoubleBlockCombiner$NeighborCombineResult$Double;
[22:05:56] [main/DEBUG]: Skipping Lnet/minecraft/world/level/block/DoubleBlockCombiner$Combiner;
[22:05:56] [main/DEBUG]: Skipping Lnet/minecraft/world/level/block/DoubleBlockCombiner$BlockType;
[22:05:56] [main/DEBUG]: Transforming class Lnet/minecraft/world/level/block/DoorBlock;
[22:05:56] [main/DEBUG]: Transforming net/minecraft/world/level/block/DoorBlock METHOD <init>(Lnet/minecraft/world/level/block/state/BlockBehaviour$Properties;Lnet/minecraft/world/level/block/state/properties/BlockSetType;)V to access PUBLIC and LEAVE
[22:05:56] [main/DEBUG]: Skipping Lnet/minecraft/world/level/block/DoorBlock$1;
[22:05:56] [main/DEBUG]: Transforming class Lnet/minecraft/world/level/block/DispenserBlock;
[22:05:56] [main/DEBUG]: Transforming net/minecraft/world/level/block/DispenserBlock METHOD <init>(Lnet/minecraft/world/level/block/state/BlockBehaviour$Properties;)V to access PUBLIC and LEAVE
[22:05:56] [main/DEBUG]: Transforming class Lnet/minecraft/world/level/block/DirtPathBlock;
[22:05:56] [main/DEBUG]: Transforming net/minecraft/world/level/block/DirtPathBlock METHOD <init>(Lnet/minecraft/world/level/block/state/BlockBehaviour$Properties;)V to access PUBLIC and LEAVE
[22:05:56] [main/DEBUG]: Skipping Lnet/minecraft/world/level/block/DirectionalBlock;
[22:05:56] [main/DEBUG]: Transforming class Lnet/minecraft/world/level/block/DecoratedPotBlock;
[22:05:56] [main/DEBUG]: Transforming net/minecraft/world/level/block/DecoratedPotBlock METHOD <init>(Lnet/minecraft/world/level/block/state/BlockBehaviour$Properties;)V to access PUBLIC and LEAVE
[22:05:56] [main/DEBUG]: Skipping Lnet/minecraft/world/level/block/DaylightDetectorBlock;
[22:05:56] [main/DEBUG]: Skipping Lnet/minecraft/world/level/block/CryingObsidianBlock;
[22:05:56] [main/DEBUG]: Transforming class Lnet/minecraft/world/level/block/CrossCollisionBlock;
[22:05:56] [main/DEBUG]: Transforming net/minecraft/world/level/block/CrossCollisionBlock METHOD <init>(FFFFFLnet/minecraft/world/level/block/state/BlockBehaviour$Properties;)V to access PUBLIC and LEAVE
[22:05:56] [main/DEBUG]: Skipping Lnet/minecraft/world/level/block/CrossCollisionBlock$1;
[22:05:56] [main/DEBUG]: Transforming class Lnet/minecraft/world/level/block/CraftingTableBlock;
[22:05:56] [main/DEBUG]: Transforming net/minecraft/world/level/block/CraftingTableBlock METHOD <init>(Lnet/minecraft/world/level/block/state/BlockBehaviour$Properties;)V to access PUBLIC and LEAVE
[22:05:56] [main/DEBUG]: Transforming class Lnet/minecraft/world/level/block/CoralWallFanBlock;
[22:05:56] [main/DEBUG]: Transforming net/minecraft/world/level/block/CoralWallFanBlock METHOD <init>(Lnet/minecraft/world/level/block/Block;Lnet/minecraft/world/level/block/state/BlockBehaviour$Properties;)V to access PUBLIC and LEAVE
[22:05:56] [main/DEBUG]: Transforming class Lnet/minecraft/world/level/block/CoralPlantBlock;
[22:05:56] [main/DEBUG]: Transforming net/minecraft/world/level/block/CoralPlantBlock METHOD <init>(Lnet/minecraft/world/level/block/Block;Lnet/minecraft/world/level/block/state/BlockBehaviour$Properties;)V to access PUBLIC and LEAVE
[22:05:56] [main/DEBUG]: Transforming class Lnet/minecraft/world/level/block/CoralFanBlock;
[22:05:56] [main/DEBUG]: Transforming net/minecraft/world/level/block/CoralFanBlock METHOD <init>(Lnet/minecraft/world/level/block/Block;Lnet/minecraft/world/level/block/state/BlockBehaviour$Properties;)V to access PUBLIC and LEAVE
[22:05:56] [main/DEBUG]: Skipping Lnet/minecraft/world/level/block/ConduitBlock;
[22:05:56] [main/DEBUG]: Skipping Lnet/minecraft/world/level/block/ComposterBlock;
[22:05:56] [main/DEBUG]: Skipping Lnet/minecraft/world/level/block/ComposterBlock$OutputContainer;
[22:05:56] [main/DEBUG]: Skipping Lnet/minecraft/world/level/block/ComposterBlock$InputContainer;
[22:05:56] [main/DEBUG]: Skipping Lnet/minecraft/world/level/block/ComposterBlock$EmptyContainer;
[22:05:56] [main/DEBUG]: Skipping Lnet/minecraft/world/level/block/CommandBlock;
[22:05:56] [main/DEBUG]: Skipping Lnet/minecraft/world/level/block/ChiseledBookShelfBlock;
[22:05:56] [main/DEBUG]: Skipping Lnet/minecraft/world/level/block/ChiseledBookShelfBlock$1;
[22:05:56] [main/DEBUG]: Skipping Lnet/minecraft/world/level/block/CherryLeavesBlock;
[22:05:56] [main/DEBUG]: Skipping Lnet/minecraft/world/level/block/ChangeOverTimeBlock;
[22:05:56] [main/DEBUG]: Skipping Lnet/minecraft/world/level/block/ChainBlock;
[22:05:56] [main/DEBUG]: Skipping Lnet/minecraft/world/level/block/ChainBlock$1;
[22:05:56] [main/DEBUG]: Skipping Lnet/minecraft/world/level/block/CeilingHangingSignBlock;
[22:05:56] [main/DEBUG]: Skipping Lnet/minecraft/world/level/block/CaveVinesPlantBlock;
[22:05:56] [main/DEBUG]: Skipping Lnet/minecraft/world/level/block/CaveVinesBlock;
[22:05:56] [main/DEBUG]: Skipping Lnet/minecraft/world/level/block/CaveVines;
[22:05:56] [main/DEBUG]: Skipping Lnet/minecraft/world/level/block/CauldronBlock;
[22:05:56] [main/DEBUG]: Transforming class Lnet/minecraft/world/level/block/CarvedPumpkinBlock;
[22:05:56] [main/DEBUG]: Transforming net/minecraft/world/level/block/CarvedPumpkinBlock METHOD <init>(Lnet/minecraft/world/level/block/state/BlockBehaviour$Properties;)V to access PUBLIC and LEAVE
[22:05:56] [main/DEBUG]: Transforming class Lnet/minecraft/world/level/block/CartographyTableBlock;
[22:05:56] [main/DEBUG]: Transforming net/minecraft/world/level/block/CartographyTableBlock METHOD <init>(Lnet/minecraft/world/level/block/state/BlockBehaviour$Properties;)V to access PUBLIC and LEAVE
[22:05:56] [main/DEBUG]: Skipping Lnet/minecraft/world/level/block/CarrotBlock;
[22:05:56] [main/DEBUG]: Skipping Lnet/minecraft/world/level/block/CarpetBlock;
[22:05:56] [main/DEBUG]: Transforming class Lnet/minecraft/world/level/block/CandleCakeBlock;
[22:05:56] [main/DEBUG]: Transforming net/minecraft/world/level/block/CandleCakeBlock METHOD <init>(Lnet/minecraft/world/level/block/Block;Lnet/minecraft/world/level/block/state/BlockBehaviour$Properties;)V to access PUBLIC and LEAVE
[22:05:56] [main/DEBUG]: Skipping Lnet/minecraft/world/level/block/CandleBlock;
[22:05:56] [main/DEBUG]: Skipping Lnet/minecraft/world/level/block/CalibratedSculkSensorBlock;
[22:05:56] [main/DEBUG]: Transforming class Lnet/minecraft/world/level/block/CakeBlock;
[22:05:56] [main/DEBUG]: Transforming net/minecraft/world/level/block/CakeBlock METHOD <init>(Lnet/minecraft/world/level/block/state/BlockBehaviour$Properties;)V to access PUBLIC and LEAVE
[22:05:56] [main/DEBUG]: Transforming class Lnet/minecraft/world/level/block/ButtonBlock;
[22:05:56] [main/DEBUG]: Transforming net/minecraft/world/level/block/ButtonBlock METHOD <init>(Lnet/minecraft/world/level/block/state/BlockBehaviour$Properties;Lnet/minecraft/world/level/block/state/properties/BlockSetType;IZ)V to access PUBLIC and LEAVE
[22:05:56] [main/DEBUG]: Skipping Lnet/minecraft/world/level/block/ButtonBlock$1;
[22:05:56] [main/DEBUG]: Skipping Lnet/minecraft/world/level/block/BuddingAmethystBlock;
[22:05:56] [main/DEBUG]: Skipping Lnet/minecraft/world/level/block/BubbleColumnBlock;
[22:05:56] [main/DEBUG]: Skipping Lnet/minecraft/world/level/block/BrushableBlock;
[22:05:56] [main/DEBUG]: Skipping Lnet/minecraft/world/level/block/BrewingStandBlock;
[22:05:56] [main/DEBUG]: Skipping Lnet/minecraft/world/level/block/BonemealableBlock;
[22:05:56] [main/DEBUG]: Transforming class Lnet/minecraft/world/level/block/BlastFurnaceBlock;
[22:05:56] [main/DEBUG]: Transforming net/minecraft/world/level/block/BlastFurnaceBlock METHOD <init>(Lnet/minecraft/world/level/block/state/BlockBehaviour$Properties;)V to access PUBLIC and LEAVE
[22:05:56] [main/DEBUG]: Transforming class Lnet/minecraft/world/level/block/BigDripleafStemBlock;
[22:05:56] [main/DEBUG]: Transforming net/minecraft/world/level/block/BigDripleafStemBlock METHOD <init>(Lnet/minecraft/world/level/block/state/BlockBehaviour$Properties;)V to access PUBLIC and LEAVE
[22:05:56] [main/DEBUG]: Skipping Lnet/minecraft/world/level/block/BigDripleafStemBlock$1;
[22:05:56] [main/DEBUG]: Transforming class Lnet/minecraft/world/level/block/BigDripleafBlock;
[22:05:56] [main/DEBUG]: Transforming net/minecraft/world/level/block/BigDripleafBlock METHOD <init>(Lnet/minecraft/world/level/block/state/BlockBehaviour$Properties;)V to access PUBLIC and LEAVE
[22:05:56] [main/DEBUG]: Skipping Lnet/minecraft/world/level/block/BellBlock;
[22:05:56] [main/DEBUG]: Skipping Lnet/minecraft/world/level/block/BellBlock$1;
[22:05:56] [main/DEBUG]: Skipping Lnet/minecraft/world/level/block/BeetrootBlock;
[22:05:56] [main/DEBUG]: Skipping Lnet/minecraft/world/level/block/BedBlock;
[22:05:56] [main/DEBUG]: Skipping Lnet/minecraft/world/level/block/BedBlock$1;
[22:05:56] [main/DEBUG]: Skipping Lnet/minecraft/world/level/block/BeaconBlock;
[22:05:56] [main/DEBUG]: Skipping Lnet/minecraft/world/level/block/BeaconBeamBlock;
[22:05:56] [main/DEBUG]: Skipping Lnet/minecraft/world/level/block/BasePressurePlateBlock;
[22:05:56] [main/DEBUG]: Skipping Lnet/minecraft/world/level/block/BaseEntityBlock;
[22:05:56] [main/DEBUG]: Transforming class Lnet/minecraft/world/level/block/BaseCoralWallFanBlock;
[22:05:56] [main/DEBUG]: Transforming net/minecraft/world/level/block/BaseCoralWallFanBlock METHOD <init>(Lnet/minecraft/world/level/block/state/BlockBehaviour$Properties;)V to access PUBLIC and LEAVE
[22:05:56] [main/DEBUG]: Transforming class Lnet/minecraft/world/level/block/BaseCoralPlantTypeBlock;
[22:05:56] [main/DEBUG]: Transforming net/minecraft/world/level/block/BaseCoralPlantTypeBlock METHOD <init>(Lnet/minecraft/world/level/block/state/BlockBehaviour$Properties;)V to access PUBLIC and LEAVE
[22:05:56] [main/DEBUG]: Transforming class Lnet/minecraft/world/level/block/BaseCoralPlantBlock;
[22:05:56] [main/DEBUG]: Transforming net/minecraft/world/level/block/BaseCoralPlantBlock METHOD <init>(Lnet/minecraft/world/level/block/state/BlockBehaviour$Properties;)V to access PUBLIC and LEAVE
[22:05:56] [main/DEBUG]: Transforming class Lnet/minecraft/world/level/block/BaseCoralFanBlock;
[22:05:56] [main/DEBUG]: Transforming net/minecraft/world/level/block/BaseCoralFanBlock METHOD <init>(Lnet/minecraft/world/level/block/state/BlockBehaviour$Properties;)V to access PUBLIC and LEAVE
[22:05:56] [main/DEBUG]: Transforming class Lnet/minecraft/world/level/block/BarrierBlock;
[22:05:56] [main/DEBUG]: Transforming net/minecraft/world/level/block/BarrierBlock METHOD <init>(Lnet/minecraft/world/level/block/state/BlockBehaviour$Properties;)V to access PUBLIC and LEAVE
[22:05:56] [main/DEBUG]: Skipping Lnet/minecraft/world/level/block/BarrelBlock;
[22:05:56] [main/DEBUG]: Skipping Lnet/minecraft/world/level/block/BannerBlock;
[22:05:56] [main/DEBUG]: Transforming class Lnet/minecraft/world/level/block/AzaleaBlock;
[22:05:56] [main/DEBUG]: Transforming net/minecraft/world/level/block/AzaleaBlock METHOD <init>(Lnet/minecraft/world/level/block/state/BlockBehaviour$Properties;)V to access PUBLIC and LEAVE
[22:05:56] [main/DEBUG]: Transforming class Lnet/minecraft/world/level/block/AttachedStemBlock;
[22:05:56] [main/DEBUG]: Transforming net/minecraft/world/level/block/AttachedStemBlock METHOD <init>(Lnet/minecraft/world/level/block/StemGrownBlock;Ljava/util/function/Supplier;Lnet/minecraft/world/level/block/state/BlockBehaviour$Properties;)V to access PUBLIC and LEAVE
[22:05:56] [main/DEBUG]: Skipping Lnet/minecraft/world/level/block/AnvilBlock;
[22:05:56] [main/DEBUG]: Skipping Lnet/minecraft/world/level/block/AmethystClusterBlock;
[22:05:56] [main/DEBUG]: Skipping Lnet/minecraft/world/level/block/AmethystClusterBlock$1;
[22:05:56] [main/DEBUG]: Skipping Lnet/minecraft/world/level/block/AmethystBlock;
[22:05:56] [main/DEBUG]: Transforming class Lnet/minecraft/world/level/block/AirBlock;
[22:05:56] [main/DEBUG]: Transforming net/minecraft/world/level/block/AirBlock METHOD <init>(Lnet/minecraft/world/level/block/state/BlockBehaviour$Properties;)V to access PUBLIC and LEAVE
[22:05:56] [main/DEBUG]: Skipping Lnet/minecraft/world/level/block/AbstractSkullBlock;
[22:05:56] [main/DEBUG]: Skipping Lnet/minecraft/world/level/block/AbstractGlassBlock;
[22:05:56] [main/DEBUG]: Skipping Lnet/minecraft/world/level/block/AbstractFurnaceBlock;
[22:05:56] [main/DEBUG]: Skipping Lnet/minecraft/world/level/block/AbstractChestBlock;
[22:05:56] [main/DEBUG]: Skipping Lnet/minecraft/world/level/block/AbstractCauldronBlock;
[22:05:56] [main/DEBUG]: Skipping Lnet/minecraft/world/level/block/AbstractCandleBlock;
[22:05:56] [main/DEBUG]: Skipping Lnet/minecraft/world/level/block/AbstractBannerBlock;
[22:05:56] [main/DEBUG]: Skipping Lnet/minecraft/world/level/block/WebBlock;
[22:05:56] [main/DEBUG]: Skipping Lnet/minecraft/world/level/block/VineBlock;
[22:05:56] [main/DEBUG]: Skipping Lnet/minecraft/world/level/block/VineBlock$1;
[22:05:56] [main/DEBUG]: Skipping Lnet/minecraft/world/level/block/TurtleEggBlock;
[22:05:56] [main/DEBUG]: Skipping Lnet/minecraft/world/level/block/TripWireHookBlock;
[22:05:56] [main/DEBUG]: Skipping Lnet/minecraft/world/level/block/TripWireHookBlock$1;
[22:05:56] [main/DEBUG]: Skipping Lnet/minecraft/world/level/block/TripWireBlock;
[22:05:56] [main/DEBUG]: Skipping Lnet/minecraft/world/level/block/TripWireBlock$1;
[22:05:56] [main/DEBUG]: Transforming class Lnet/minecraft/world/level/block/TrapDoorBlock;
[22:05:56] [main/DEBUG]: Transforming net/minecraft/world/level/block/TrapDoorBlock METHOD <init>(Lnet/minecraft/world/level/block/state/BlockBehaviour$Properties;Lnet/minecraft/world/level/block/state/properties/BlockSetType;)V to access PUBLIC and LEAVE
[22:05:56] [main/DEBUG]: Skipping Lnet/minecraft/world/level/block/TrapDoorBlock$1;
[22:05:56] [main/DEBUG]: Skipping Lnet/minecraft/world/level/block/TntBlock;
[22:05:56] [main/DEBUG]: Transforming class Lnet/minecraft/world/level/block/TallGrassBlock;
[22:05:56] [main/DEBUG]: Transforming net/minecraft/world/level/block/TallGrassBlock METHOD <init>(Lnet/minecraft/world/level/block/state/BlockBehaviour$Properties;)V to access PUBLIC and LEAVE
[22:05:56] [main/DEBUG]: Skipping Lnet/minecraft/world/level/block/SweetBerryBushBlock;
[22:05:56] [main/DEBUG]: Transforming class Lnet/minecraft/world/level/block/SugarCaneBlock;
[22:05:56] [main/DEBUG]: Transforming net/minecraft/world/level/block/SugarCaneBlock METHOD <init>(Lnet/minecraft/world/level/block/state/BlockBehaviour$Properties;)V to access PUBLIC and LEAVE
[22:05:56] [main/DEBUG]: Skipping Lnet/minecraft/world/level/block/StemGrownBlock;
[22:05:56] [main/DEBUG]: Transforming class Lnet/minecraft/world/level/block/StemBlock;
[22:05:56] [main/DEBUG]: Transforming net/minecraft/world/level/block/StemBlock METHOD <init>(Lnet/minecraft/world/level/block/StemGrownBlock;Ljava/util/function/Supplier;Lnet/minecraft/world/level/block/state/BlockBehaviour$Properties;)V to access PUBLIC and LEAVE
[22:05:56] [main/DEBUG]: Transforming class Lnet/minecraft/world/level/block/StairBlock;
[22:05:56] [main/DEBUG]: Transforming net/minecraft/world/level/block/StairBlock METHOD <init>(Lnet/minecraft/world/level/block/state/BlockState;Lnet/minecraft/world/level/block/state/BlockBehaviour$Properties;)V to access PUBLIC and LEAVE
[22:05:56] [main/DEBUG]: Skipping Lnet/minecraft/world/level/block/StairBlock$1;
[22:05:56] [main/DEBUG]: Skipping Lnet/minecraft/world/level/block/SpreadingSnowyDirtBlock;
[22:05:56] [main/DEBUG]: Transforming class Lnet/minecraft/world/level/block/SpongeBlock;
[22:05:56] [main/DEBUG]: Transforming net/minecraft/world/level/block/SpongeBlock METHOD <init>(Lnet/minecraft/world/level/block/state/BlockBehaviour$Properties;)V to access PUBLIC and LEAVE
[22:05:56] [main/DEBUG]: Transforming class Lnet/minecraft/world/level/block/SpawnerBlock;
[22:05:56] [main/DEBUG]: Transforming net/minecraft/world/level/block/SpawnerBlock METHOD <init>(Lnet/minecraft/world/level/block/state/BlockBehaviour$Properties;)V to access PUBLIC and LEAVE
[22:05:56] [main/DEBUG]: Skipping Lnet/minecraft/world/level/block/SoundType;
[22:05:56] [main/DEBUG]: Transforming class Lnet/minecraft/world/level/block/SeagrassBlock;
[22:05:56] [main/DEBUG]: Transforming net/minecraft/world/level/block/SeagrassBlock METHOD <init>(Lnet/minecraft/world/level/block/state/BlockBehaviour$Properties;)V to access PUBLIC and LEAVE
[22:05:56] [main/DEBUG]: Skipping Lnet/minecraft/world/level/block/SculkShriekerBlock;
[22:05:56] [main/DEBUG]: Skipping Lnet/minecraft/world/level/block/SculkSensorBlock;
[22:05:56] [main/DEBUG]: Skipping Lnet/minecraft/world/level/block/SculkCatalystBlock;
[22:05:56] [main/DEBUG]: Transforming class Lnet/minecraft/world/level/block/SaplingBlock;
[22:05:56] [main/DEBUG]: Transforming net/minecraft/world/level/block/SaplingBlock METHOD <init>(Lnet/minecraft/world/level/block/grower/AbstractTreeGrower;Lnet/minecraft/world/level/block/state/BlockBehaviour$Properties;)V to access PUBLIC and LEAVE
[22:05:56] [main/DEBUG]: Skipping Lnet/minecraft/world/level/block/RedStoneWireBlock;
[22:05:56] [main/DEBUG]: Skipping Lnet/minecraft/world/level/block/RedStoneWireBlock$1;
[22:05:56] [main/DEBUG]: Skipping Lnet/minecraft/world/level/block/RedStoneOreBlock;
[22:05:56] [main/DEBUG]: Skipping Lnet/minecraft/world/level/block/RailState;
[22:05:56] [main/DEBUG]: Skipping Lnet/minecraft/world/level/block/RailState$1;
[22:05:56] [main/DEBUG]: Transforming class Lnet/minecraft/world/level/block/RailBlock;
[22:05:56] [main/DEBUG]: Transforming net/minecraft/world/level/block/RailBlock METHOD <init>(Lnet/minecraft/world/level/block/state/BlockBehaviour$Properties;)V to access PUBLIC and LEAVE
[22:05:56] [main/DEBUG]: Skipping Lnet/minecraft/world/level/block/RailBlock$1;
[22:05:56] [main/DEBUG]: Transforming class Lnet/minecraft/world/level/block/PumpkinBlock;
[22:05:56] [main/DEBUG]: Transforming net/minecraft/world/level/block/PumpkinBlock METHOD <init>(Lnet/minecraft/world/level/block/state/BlockBehaviour$Properties;)V to access PUBLIC and LEAVE
[22:05:56] [main/DEBUG]: Transforming class Lnet/minecraft/world/level/block/PoweredRailBlock;
[22:05:56] [main/DEBUG]: Transforming net/minecraft/world/level/block/PoweredRailBlock METHOD <init>(Lnet/minecraft/world/level/block/state/BlockBehaviour$Properties;)V to access PUBLIC and LEAVE
[22:05:56] [main/DEBUG]: Skipping Lnet/minecraft/world/level/block/PoweredRailBlock$1;
[22:05:56] [main/DEBUG]: Skipping Lnet/minecraft/world/level/block/PowderSnowBlock;
[22:05:56] [main/DEBUG]: Skipping Lnet/minecraft/world/level/block/PitcherCropBlock;
[22:05:56] [main/DEBUG]: Skipping Lnet/minecraft/world/level/block/PitcherCropBlock$PosAndState;
[22:05:56] [main/DEBUG]: Skipping Lnet/minecraft/world/level/block/NoteBlock;
[22:05:56] [main/DEBUG]: Transforming class Lnet/minecraft/world/level/block/NetherWartBlock;
[22:05:56] [main/DEBUG]: Transforming net/minecraft/world/level/block/NetherWartBlock METHOD <init>(Lnet/minecraft/world/level/block/state/BlockBehaviour$Properties;)V to access PUBLIC and LEAVE
[22:05:56] [main/DEBUG]: Skipping Lnet/minecraft/world/level/block/MushroomBlock;
[22:05:56] [main/DEBUG]: Transforming class Lnet/minecraft/world/level/block/LiquidBlock;
[22:05:56] [main/DEBUG]: Transforming net/minecraft/world/level/block/LiquidBlock METHOD <init>(Lnet/minecraft/world/level/material/FlowingFluid;Lnet/minecraft/world/level/block/state/BlockBehaviour$Properties;)V to access PUBLIC and LEAVE
[22:05:56] [main/DEBUG]: Skipping Lnet/minecraft/world/level/block/LeavesBlock;
[22:05:56] [main/DEBUG]: Skipping Lnet/minecraft/world/level/block/GrowingPlantHeadBlock;
[22:05:56] [main/DEBUG]: Transforming class Lnet/minecraft/world/level/block/FungusBlock;
[22:05:56] [main/DEBUG]: Transforming net/minecraft/world/level/block/FungusBlock METHOD <init>(Lnet/minecraft/world/level/block/state/BlockBehaviour$Properties;Lnet/minecraft/resources/ResourceKey;Lnet/minecraft/world/level/block/Block;)V to access PUBLIC and LEAVE
[22:05:56] [main/DEBUG]: Skipping Lnet/minecraft/world/level/block/FlowerPotBlock;
[22:05:56] [main/DEBUG]: Skipping Lnet/minecraft/world/level/block/FlowerBlock;
[22:05:56] [main/DEBUG]: Transforming class Lnet/minecraft/world/level/block/FireBlock;
[22:05:56] [main/DEBUG]: Transforming net/minecraft/world/level/block/FireBlock METHOD m_221164_(Lnet/minecraft/world/level/block/state/BlockState;)I to access PUBLIC and LEAVE
[22:05:56] [main/DEBUG]: Transforming net/minecraft/world/level/block/FireBlock METHOD m_221166_(Lnet/minecraft/world/level/block/state/BlockState;)I to access PUBLIC and LEAVE
[22:05:56] [main/DEBUG]: Skipping Lnet/minecraft/world/level/block/FenceGateBlock;
[22:05:56] [main/DEBUG]: Skipping Lnet/minecraft/world/level/block/FenceGateBlock$1;
[22:05:56] [main/DEBUG]: Transforming class Lnet/minecraft/world/level/block/FarmBlock;
[22:05:56] [main/DEBUG]: Transforming net/minecraft/world/level/block/FarmBlock METHOD <init>(Lnet/minecraft/world/level/block/state/BlockBehaviour$Properties;)V to access PUBLIC and LEAVE
[22:05:56] [main/DEBUG]: Transforming class Lnet/minecraft/world/level/block/EnchantmentTableBlock;
[22:05:56] [main/DEBUG]: Transforming net/minecraft/world/level/block/EnchantmentTableBlock METHOD <init>(Lnet/minecraft/world/level/block/state/BlockBehaviour$Properties;)V to access PUBLIC and LEAVE
[22:05:56] [main/DEBUG]: Skipping Lnet/minecraft/world/level/block/DropperBlock;
[22:05:56] [main/DEBUG]: Skipping Lnet/minecraft/world/level/block/DropExperienceBlock;
[22:05:56] [main/DEBUG]: Skipping Lnet/minecraft/world/level/block/DoublePlantBlock;
[22:05:56] [main/DEBUG]: Skipping Lnet/minecraft/world/level/block/DiodeBlock;
[22:05:56] [main/DEBUG]: Skipping Lnet/minecraft/world/level/block/DetectorRailBlock;
[22:05:56] [main/DEBUG]: Skipping Lnet/minecraft/world/level/block/DetectorRailBlock$1;
[22:05:56] [main/DEBUG]: Transforming class Lnet/minecraft/world/level/block/DeadBushBlock;
[22:05:56] [main/DEBUG]: Transforming net/minecraft/world/level/block/DeadBushBlock METHOD <init>(Lnet/minecraft/world/level/block/state/BlockBehaviour$Properties;)V to access PUBLIC and LEAVE
[22:05:56] [main/DEBUG]: Transforming class Lnet/minecraft/world/level/block/CropBlock;
[22:05:56] [main/DEBUG]: Transforming net/minecraft/world/level/block/CropBlock METHOD <init>(Lnet/minecraft/world/level/block/state/BlockBehaviour$Properties;)V to access PUBLIC and LEAVE
[22:05:56] [main/DEBUG]: Skipping Lnet/minecraft/world/level/block/CoralBlock;
[22:05:56] [main/DEBUG]: Skipping Lnet/minecraft/world/level/block/ConcretePowderBlock;
[22:05:56] [main/DEBUG]: Skipping Lnet/minecraft/world/level/block/ComparatorBlock;
[22:05:56] [main/DEBUG]: Skipping Lnet/minecraft/world/level/block/CocoaBlock;
[22:05:56] [main/DEBUG]: Skipping Lnet/minecraft/world/level/block/CocoaBlock$1;
[22:05:56] [main/DEBUG]: Transforming class Lnet/minecraft/world/level/block/ChorusPlantBlock;
[22:05:56] [main/DEBUG]: Transforming net/minecraft/world/level/block/ChorusPlantBlock METHOD <init>(Lnet/minecraft/world/level/block/state/BlockBehaviour$Properties;)V to access PUBLIC and LEAVE
[22:05:56] [main/DEBUG]: Transforming class Lnet/minecraft/world/level/block/ChorusFlowerBlock;
[22:05:56] [main/DEBUG]: Transforming net/minecraft/world/level/block/ChorusFlowerBlock METHOD <init>(Lnet/minecraft/world/level/block/ChorusPlantBlock;Lnet/minecraft/world/level/block/state/BlockBehaviour$Properties;)V to access PUBLIC and LEAVE
[22:05:56] [main/DEBUG]: Transforming class Lnet/minecraft/world/level/block/ChestBlock;
[22:05:56] [main/DEBUG]: Transforming net/minecraft/world/level/block/ChestBlock METHOD <init>(Lnet/minecraft/world/level/block/state/BlockBehaviour$Properties;Ljava/util/function/Supplier;)V to access PUBLIC and LEAVE
[22:05:56] [main/DEBUG]: Skipping Lnet/minecraft/world/level/block/ChestBlock$4;
[22:05:56] [main/DEBUG]: Skipping Lnet/minecraft/world/level/block/ChestBlock$3;
[22:05:56] [main/DEBUG]: Skipping Lnet/minecraft/world/level/block/ChestBlock$2;
[22:05:56] [main/DEBUG]: Skipping Lnet/minecraft/world/level/block/ChestBlock$2$1;
[22:05:56] [main/DEBUG]: Skipping Lnet/minecraft/world/level/block/ChestBlock$1;
[22:05:56] [main/DEBUG]: Skipping Lnet/minecraft/world/level/block/CampfireBlock;
[22:05:56] [main/DEBUG]: Transforming class Lnet/minecraft/world/level/block/CactusBlock;
[22:05:56] [main/DEBUG]: Transforming net/minecraft/world/level/block/CactusBlock METHOD <init>(Lnet/minecraft/world/level/block/state/BlockBehaviour$Properties;)V to access PUBLIC and LEAVE
[22:05:56] [main/DEBUG]: Transforming class Lnet/minecraft/world/level/block/BushBlock;
[22:05:56] [main/DEBUG]: Transforming net/minecraft/world/level/block/BushBlock METHOD <init>(Lnet/minecraft/world/level/block/state/BlockBehaviour$Properties;)V to access PUBLIC and LEAVE
[22:05:56] [main/DEBUG]: Skipping Lnet/minecraft/world/level/block/BucketPickup;
[22:05:56] [main/DEBUG]: Skipping Lnet/minecraft/world/level/block/Blocks;
[22:05:57] [main/DEBUG]: Transforming class Lnet/minecraft/world/level/block/Block;
[22:05:57] [main/DEBUG]: Transforming net/minecraft/world/level/block/Block METHOD m_49805_(Lnet/minecraft/server/level/ServerLevel;Lnet/minecraft/core/BlockPos;I)V to access PUBLIC and LEAVE
[22:05:57] [main/DEBUG]: Skipping Lnet/minecraft/world/level/block/Block$BlockStatePairKey;
[22:05:57] [main/DEBUG]: Skipping Lnet/minecraft/world/level/block/Block$2;
[22:05:57] [main/DEBUG]: Skipping Lnet/minecraft/world/level/block/Block$1;
[22:05:57] [main/DEBUG]: Skipping Lnet/minecraft/world/level/block/BeehiveBlock;
[22:05:57] [main/DEBUG]: Skipping Lnet/minecraft/world/level/block/BaseRailBlock;
[22:05:57] [main/DEBUG]: Skipping Lnet/minecraft/world/level/block/BaseRailBlock$1;
[22:05:57] [main/DEBUG]: Skipping Lnet/minecraft/world/level/block/BaseFireBlock;
[22:05:57] [main/DEBUG]: Skipping Lnet/minecraft/world/level/block/BambooStalkBlock;
[22:05:57] [main/DEBUG]: Skipping Lnet/minecraft/world/level/block/BambooSaplingBlock;
[22:05:57] [main/DEBUG]: Skipping Lnet/minecraft/world/level/biome/package-info;
[22:05:57] [main/DEBUG]: Skipping Lnet/minecraft/world/level/biome/TheEndBiomeSource;
[22:05:57] [main/DEBUG]: Skipping Lnet/minecraft/world/level/biome/OverworldBiomeBuilder;
[22:05:57] [main/DEBUG]: Skipping Lnet/minecraft/world/level/biome/MultiNoiseBiomeSourceParameterLists;
[22:05:57] [main/DEBUG]: Skipping Lnet/minecraft/world/level/biome/MultiNoiseBiomeSourceParameterList;
[22:05:57] [main/DEBUG]: Skipping Lnet/minecraft/world/level/biome/MultiNoiseBiomeSourceParameterList$Preset;
[22:05:57] [main/DEBUG]: Skipping Lnet/minecraft/world/level/biome/MultiNoiseBiomeSourceParameterList$Preset$SourceProvider;
[22:05:57] [main/DEBUG]: Skipping Lnet/minecraft/world/level/biome/MultiNoiseBiomeSourceParameterList$Preset$2;
[22:05:57] [main/DEBUG]: Skipping Lnet/minecraft/world/level/biome/MultiNoiseBiomeSourceParameterList$Preset$1;
[22:05:57] [main/DEBUG]: Skipping Lnet/minecraft/world/level/biome/MultiNoiseBiomeSource;
[22:05:57] [main/DEBUG]: Skipping Lnet/minecraft/world/level/biome/FixedBiomeSource;
[22:05:57] [main/DEBUG]: Skipping Lnet/minecraft/world/level/biome/FeatureSorter;
[22:05:57] [main/DEBUG]: Skipping Lnet/minecraft/world/level/biome/FeatureSorter$StepFeatureData;
[22:05:57] [main/DEBUG]: Skipping Lnet/minecraft/world/level/biome/FeatureSorter$1FeatureData;
[22:05:57] [main/DEBUG]: Skipping Lnet/minecraft/world/level/biome/Climate;
[22:05:57] [main/DEBUG]: Skipping Lnet/minecraft/world/level/biome/Climate$TargetPoint;
[22:05:57] [main/DEBUG]: Skipping Lnet/minecraft/world/level/biome/Climate$SpawnFinder;
[22:05:57] [main/DEBUG]: Skipping Lnet/minecraft/world/level/biome/Climate$SpawnFinder$Result;
[22:05:57] [main/DEBUG]: Skipping Lnet/minecraft/world/level/biome/Climate$Sampler;
[22:05:57] [main/DEBUG]: Skipping Lnet/minecraft/world/level/biome/Climate$RTree;
[22:05:57] [main/DEBUG]: Skipping Lnet/minecraft/world/level/biome/Climate$RTree$SubTree;
[22:05:57] [main/DEBUG]: Skipping Lnet/minecraft/world/level/biome/Climate$RTree$Node;
[22:05:57] [main/DEBUG]: Skipping Lnet/minecraft/world/level/biome/Climate$RTree$Leaf;
[22:05:57] [main/DEBUG]: Skipping Lnet/minecraft/world/level/biome/Climate$ParameterPoint;
[22:05:57] [main/DEBUG]: Skipping Lnet/minecraft/world/level/biome/Climate$ParameterList;
[22:05:57] [main/DEBUG]: Skipping Lnet/minecraft/world/level/biome/Climate$Parameter;
[22:05:57] [main/DEBUG]: Skipping Lnet/minecraft/world/level/biome/Climate$DistanceMetric;
[22:05:57] [main/DEBUG]: Skipping Lnet/minecraft/world/level/biome/CheckerboardColumnBiomeSource;
[22:05:57] [main/DEBUG]: Skipping Lnet/minecraft/world/level/biome/Biomes;
[22:05:57] [main/DEBUG]: Skipping Lnet/minecraft/world/level/biome/BiomeSources;
[22:05:57] [main/DEBUG]: Skipping Lnet/minecraft/world/level/biome/BiomeSource;
[22:05:57] [main/DEBUG]: Skipping Lnet/minecraft/world/level/biome/BiomeResolver;
[22:05:57] [main/DEBUG]: Skipping Lnet/minecraft/world/level/biome/BiomeManager;
[22:05:57] [main/DEBUG]: Skipping Lnet/minecraft/world/level/biome/BiomeManager$NoiseBiomeSource;
[22:05:57] [main/DEBUG]: Skipping Lnet/minecraft/world/level/biome/AmbientParticleSettings;
[22:05:57] [main/DEBUG]: Skipping Lnet/minecraft/world/level/biome/AmbientMoodSettings;
[22:05:57] [main/DEBUG]: Skipping Lnet/minecraft/world/level/biome/AmbientAdditionsSettings;
[22:05:57] [main/DEBUG]: Skipping Lnet/minecraft/world/level/biome/BiomeSpecialEffects$GrassColorModifier$ColorModifier;
[22:05:57] [main/DEBUG]: Skipping Lnet/minecraft/world/level/biome/MobSpawnSettings;
[22:05:57] [main/DEBUG]: Skipping Lnet/minecraft/world/level/biome/MobSpawnSettings$SpawnerData;
[22:05:57] [main/DEBUG]: Skipping Lnet/minecraft/world/level/biome/MobSpawnSettings$MobSpawnCost;
[22:05:57] [main/DEBUG]: Transforming class Lnet/minecraft/world/level/biome/MobSpawnSettings$Builder;
[22:05:57] [main/DEBUG]: Transforming net/minecraft/world/level/biome/MobSpawnSettings$Builder FIELD f_48362_ to access PROTECTED and LEAVE
[22:05:57] [main/DEBUG]: Transforming net/minecraft/world/level/biome/MobSpawnSettings$Builder FIELD f_48363_ to access PROTECTED and LEAVE
[22:05:57] [main/DEBUG]: Transforming net/minecraft/world/level/biome/MobSpawnSettings$Builder FIELD f_48364_ to access PROTECTED and LEAVE
[22:05:57] [main/DEBUG]: Skipping Lnet/minecraft/world/level/biome/BiomeSpecialEffects;
[22:05:57] [main/DEBUG]: Skipping Lnet/minecraft/world/level/biome/BiomeSpecialEffects$GrassColorModifier;
[22:05:57] [main/DEBUG]: Skipping Lnet/minecraft/world/level/biome/BiomeSpecialEffects$GrassColorModifier$3;
[22:05:57] [main/DEBUG]: Skipping Lnet/minecraft/world/level/biome/BiomeSpecialEffects$GrassColorModifier$2;
[22:05:57] [main/DEBUG]: Skipping Lnet/minecraft/world/level/biome/BiomeSpecialEffects$GrassColorModifier$1;
[22:05:57] [main/DEBUG]: Transforming class Lnet/minecraft/world/level/biome/BiomeSpecialEffects$Builder;
[22:05:57] [main/DEBUG]: Transforming net/minecraft/world/level/biome/BiomeSpecialEffects$Builder FIELD f_48005_ to access PROTECTED and LEAVE
[22:05:57] [main/DEBUG]: Transforming net/minecraft/world/level/biome/BiomeSpecialEffects$Builder FIELD f_48006_ to access PROTECTED and LEAVE
[22:05:57] [main/DEBUG]: Transforming net/minecraft/world/level/biome/BiomeSpecialEffects$Builder FIELD f_48007_ to access PROTECTED and LEAVE
[22:05:57] [main/DEBUG]: Transforming net/minecraft/world/level/biome/BiomeSpecialEffects$Builder FIELD f_48008_ to access PROTECTED and LEAVE
[22:05:57] [main/DEBUG]: Transforming net/minecraft/world/level/biome/BiomeSpecialEffects$Builder FIELD f_48009_ to access PROTECTED and LEAVE
[22:05:57] [main/DEBUG]: Transforming net/minecraft/world/level/biome/BiomeSpecialEffects$Builder FIELD f_48010_ to access PROTECTED and LEAVE
[22:05:57] [main/DEBUG]: Transforming net/minecraft/world/level/biome/BiomeSpecialEffects$Builder FIELD f_48011_ to access PROTECTED and LEAVE
[22:05:57] [main/DEBUG]: Transforming net/minecraft/world/level/biome/BiomeSpecialEffects$Builder FIELD f_48012_ to access PROTECTED and LEAVE
[22:05:57] [main/DEBUG]: Transforming net/minecraft/world/level/biome/BiomeSpecialEffects$Builder FIELD f_48013_ to access PROTECTED and LEAVE
[22:05:57] [main/DEBUG]: Transforming net/minecraft/world/level/biome/BiomeSpecialEffects$Builder FIELD f_48014_ to access PROTECTED and LEAVE
[22:05:57] [main/DEBUG]: Transforming net/minecraft/world/level/biome/BiomeSpecialEffects$Builder FIELD f_48015_ to access PROTECTED and LEAVE
[22:05:57] [main/DEBUG]: Transforming net/minecraft/world/level/biome/BiomeSpecialEffects$Builder FIELD f_48016_ to access PROTECTED and LEAVE
[22:05:57] [main/DEBUG]: Skipping Lnet/minecraft/world/level/biome/BiomeGenerationSettings;
[22:05:57] [main/DEBUG]: Transforming class Lnet/minecraft/world/level/biome/BiomeGenerationSettings$PlainBuilder;
[22:05:57] [main/DEBUG]: Transforming net/minecraft/world/level/biome/BiomeGenerationSettings$PlainBuilder FIELD f_254678_ to access PROTECTED and LEAVE
[22:05:57] [main/DEBUG]: Transforming net/minecraft/world/level/biome/BiomeGenerationSettings$PlainBuilder FIELD f_254648_ to access PROTECTED and LEAVE
[22:05:57] [main/DEBUG]: Transforming net/minecraft/world/level/biome/BiomeGenerationSettings$PlainBuilder METHOD m_255276_(I)V to access PROTECTED and LEAVE
[22:05:57] [main/DEBUG]: Skipping Lnet/minecraft/world/level/biome/BiomeGenerationSettings$Builder;
[22:05:57] [main/DEBUG]: Transforming class Lnet/minecraft/world/level/biome/Biome;
[22:05:57] [main/DEBUG]: Transforming net/minecraft/world/level/biome/Biome INNERCLASS ClimateSettings to access PUBLIC and LEAVE
[22:05:57] [main/DEBUG]: Skipping Lnet/minecraft/world/level/biome/Biome$TemperatureModifier;
[22:05:57] [main/DEBUG]: Skipping Lnet/minecraft/world/level/biome/Biome$TemperatureModifier$2;
[22:05:57] [main/DEBUG]: Skipping Lnet/minecraft/world/level/biome/Biome$TemperatureModifier$1;
[22:05:57] [main/DEBUG]: Skipping Lnet/minecraft/world/level/biome/Biome$Precipitation;
[22:05:57] [main/DEBUG]: Transforming class Lnet/minecraft/world/level/biome/Biome$ClimateSettings;
[22:05:57] [main/DEBUG]: Transforming net/minecraft/world/level/biome/Biome$ClimateSettings CLASS to access PUBLIC and LEAVE
[22:05:57] [main/DEBUG]: Skipping Lnet/minecraft/world/level/biome/Biome$BiomeBuilder;
[22:05:57] [main/DEBUG]: Skipping Lnet/minecraft/world/level/biome/Biome$1;
[22:05:57] [main/DEBUG]: Skipping Lnet/minecraft/world/level/WorldGenLevel;
[22:05:57] [main/DEBUG]: Skipping Lnet/minecraft/world/level/WorldDataConfiguration;
[22:05:57] [main/DEBUG]: Skipping Lnet/minecraft/world/level/StructureManager;
[22:05:57] [main/DEBUG]: Skipping Lnet/minecraft/world/level/SpawnData;
[22:05:57] [main/DEBUG]: Skipping Lnet/minecraft/world/level/SpawnData$CustomSpawnRules;
[22:05:57] [main/DEBUG]: Skipping Lnet/minecraft/world/level/ServerLevelAccessor;
[22:05:57] [main/DEBUG]: Skipping Lnet/minecraft/world/level/PotentialCalculator;
[22:05:57] [main/DEBUG]: Skipping Lnet/minecraft/world/level/PotentialCalculator$PointCharge;
[22:05:57] [main/DEBUG]: Skipping Lnet/minecraft/world/level/PathNavigationRegion;
[22:05:57] [main/DEBUG]: Skipping Lnet/minecraft/world/level/NoiseColumn;
[22:05:57] [main/DEBUG]: Skipping Lnet/minecraft/world/level/LocalMobCapCalculator;
[22:05:57] [main/DEBUG]: Skipping Lnet/minecraft/world/level/LocalMobCapCalculator$MobCounts;
[22:05:57] [main/DEBUG]: Skipping Lnet/minecraft/world/level/LightLayer;
[22:05:57] [main/DEBUG]: Skipping Lnet/minecraft/world/level/LevelWriter;
[22:05:57] [main/DEBUG]: Skipping Lnet/minecraft/world/level/LevelTimeAccess;
[22:05:57] [main/DEBUG]: Skipping Lnet/minecraft/world/level/LevelSimulatedReader;
[22:05:57] [main/DEBUG]: Skipping Lnet/minecraft/world/level/LevelSimulatedRW;
[22:05:57] [main/DEBUG]: Skipping Lnet/minecraft/world/level/LevelHeightAccessor;
[22:05:57] [main/DEBUG]: Skipping Lnet/minecraft/world/level/LevelHeightAccessor$1;
[22:05:57] [main/DEBUG]: Skipping Lnet/minecraft/world/level/LevelAccessor;
[22:05:57] [main/DEBUG]: Skipping Lnet/minecraft/world/level/ItemLike;
[22:05:57] [main/DEBUG]: Skipping Lnet/minecraft/world/level/GrassColor;
[22:05:57] [main/DEBUG]: Skipping Lnet/minecraft/world/level/GameType;
[22:05:57] [main/DEBUG]: Transforming class Lnet/minecraft/world/level/GameRules;
[22:05:57] [main/DEBUG]: Transforming net/minecraft/world/level/GameRules METHOD m_46189_(Ljava/lang/String;Lnet/minecraft/world/level/GameRules$Category;Lnet/minecraft/world/level/GameRules$Type;)Lnet/minecraft/world/level/GameRules$Key; to access PUBLIC and LEAVE
[22:05:57] [main/DEBUG]: Skipping Lnet/minecraft/world/level/GameRules$VisitorCaller;
[22:05:57] [main/DEBUG]: Skipping Lnet/minecraft/world/level/GameRules$Value;
[22:05:57] [main/DEBUG]: Skipping Lnet/minecraft/world/level/GameRules$Type;
[22:05:57] [main/DEBUG]: Skipping Lnet/minecraft/world/level/GameRules$Key;
[22:05:57] [main/DEBUG]: Transforming class Lnet/minecraft/world/level/GameRules$IntegerValue;
[22:05:57] [main/DEBUG]: Transforming net/minecraft/world/level/GameRules$IntegerValue METHOD m_46294_(ILjava/util/function/BiConsumer;)Lnet/minecraft/world/level/GameRules$Type; to access PUBLIC and LEAVE
[22:05:57] [main/DEBUG]: Transforming net/minecraft/world/level/GameRules$IntegerValue METHOD m_46312_(I)Lnet/minecraft/world/level/GameRules$Type; to access PUBLIC and LEAVE
[22:05:57] [main/DEBUG]: Skipping Lnet/minecraft/world/level/GameRules$GameRuleTypeVisitor;
[22:05:57] [main/DEBUG]: Skipping Lnet/minecraft/world/level/GameRules$Category;
[22:05:57] [main/DEBUG]: Transforming class Lnet/minecraft/world/level/GameRules$BooleanValue;
[22:05:57] [main/DEBUG]: Transforming net/minecraft/world/level/GameRules$BooleanValue METHOD m_46252_(ZLjava/util/function/BiConsumer;)Lnet/minecraft/world/level/GameRules$Type; to access PUBLIC and LEAVE
[22:05:57] [main/DEBUG]: Transforming net/minecraft/world/level/GameRules$BooleanValue METHOD m_46250_(Z)Lnet/minecraft/world/level/GameRules$Type; to access PUBLIC and LEAVE
[22:05:57] [main/DEBUG]: Skipping Lnet/minecraft/world/level/FoliageColor;
[22:05:57] [main/DEBUG]: Skipping Lnet/minecraft/world/level/EntityGetter;
[22:05:57] [main/DEBUG]: Skipping Lnet/minecraft/world/level/EntityBasedExplosionDamageCalculator;
[22:05:57] [main/DEBUG]: Skipping Lnet/minecraft/world/level/EmptyBlockGetter;
[22:05:57] [main/DEBUG]: Skipping Lnet/minecraft/world/level/CustomSpawner;
[22:05:57] [main/DEBUG]: Skipping Lnet/minecraft/world/level/CommonLevelAccessor;
[22:05:57] [main/DEBUG]: Skipping Lnet/minecraft/world/level/ColorResolver;
[22:05:57] [main/DEBUG]: Skipping Lnet/minecraft/world/level/CollisionGetter;
[22:05:57] [main/DEBUG]: Skipping Lnet/minecraft/world/level/ClipBlockStateContext;
[22:05:57] [main/DEBUG]: Skipping Lnet/minecraft/world/level/ChunkPos;
[22:05:57] [main/DEBUG]: Skipping Lnet/minecraft/world/level/ChunkPos$1;
[22:05:57] [main/DEBUG]: Skipping Lnet/minecraft/world/level/BlockEventData;
[22:05:57] [main/DEBUG]: Skipping Lnet/minecraft/world/level/BlockCollisions;
[22:05:57] [main/DEBUG]: Skipping Lnet/minecraft/world/level/BaseCommandBlock;
[22:05:57] [main/DEBUG]: Skipping Lnet/minecraft/world/level/SignalGetter;
[22:05:57] [main/DEBUG]: Skipping Lnet/minecraft/world/level/NaturalSpawner;
[22:05:57] [main/DEBUG]: Skipping Lnet/minecraft/world/level/NaturalSpawner$SpawnState;
[22:05:57] [main/DEBUG]: Skipping Lnet/minecraft/world/level/NaturalSpawner$SpawnPredicate;
[22:05:57] [main/DEBUG]: Skipping Lnet/minecraft/world/level/NaturalSpawner$ChunkGetter;
[22:05:57] [main/DEBUG]: Skipping Lnet/minecraft/world/level/NaturalSpawner$AfterSpawnCallback;
[22:05:57] [main/DEBUG]: Skipping Lnet/minecraft/world/level/NaturalSpawner$1;
[22:05:57] [main/DEBUG]: Skipping Lnet/minecraft/world/level/LevelSettings;
[22:05:57] [main/DEBUG]: Skipping Lnet/minecraft/world/level/LevelReader;
[22:05:57] [main/DEBUG]: Transforming class Lnet/minecraft/world/level/Level;
[22:05:57] [main/DEBUG]: Transforming net/minecraft/world/level/Level FIELD f_46437_ to access PUBLIC and LEAVE
[22:05:57] [main/DEBUG]: Transforming net/minecraft/world/level/Level FIELD f_46438_ to access PUBLIC and LEAVE
[22:05:57] [main/DEBUG]: Transforming net/minecraft/world/level/Level FIELD f_46439_ to access PUBLIC and LEAVE
[22:05:57] [main/DEBUG]: Transforming net/minecraft/world/level/Level FIELD f_46440_ to access PUBLIC and LEAVE
[22:05:57] [main/DEBUG]: Skipping Lnet/minecraft/world/level/Level$ExplosionInteraction;
[22:05:57] [main/DEBUG]: Skipping Lnet/minecraft/world/level/Level$2;
[22:05:57] [main/DEBUG]: Skipping Lnet/minecraft/world/level/Level$1;
[22:05:57] [main/DEBUG]: Skipping Lnet/minecraft/world/level/ForcedChunksSavedData;
[22:05:57] [main/DEBUG]: Skipping Lnet/minecraft/world/level/ExplosionDamageCalculator;
[22:05:57] [main/DEBUG]: Skipping Lnet/minecraft/world/level/Explosion;
[22:05:57] [main/DEBUG]: Skipping Lnet/minecraft/world/level/Explosion$BlockInteraction;
[22:05:57] [main/DEBUG]: Skipping Lnet/minecraft/world/level/DataPackConfig;
[22:05:57] [main/DEBUG]: Skipping Lnet/minecraft/world/level/ClipContext;
[22:05:57] [main/DEBUG]: Skipping Lnet/minecraft/world/level/ClipContext$ShapeGetter;
[22:05:57] [main/DEBUG]: Skipping Lnet/minecraft/world/level/ClipContext$Fluid;
[22:05:57] [main/DEBUG]: Skipping Lnet/minecraft/world/level/ClipContext$Block;
[22:05:57] [main/DEBUG]: Skipping Lnet/minecraft/world/level/BlockGetter;
[22:05:57] [main/DEBUG]: Skipping Lnet/minecraft/world/level/BlockAndTintGetter;
[22:05:57] [main/DEBUG]: Skipping Lnet/minecraft/world/level/BaseSpawner;
[22:05:57] [main/DEBUG]: Skipping Lnet/minecraft/world/item/trading/package-info;
[22:05:57] [main/DEBUG]: Skipping Lnet/minecraft/world/item/trading/MerchantOffers;
[22:05:57] [main/DEBUG]: Skipping Lnet/minecraft/world/item/trading/Merchant;
[22:05:57] [main/DEBUG]: Skipping Lnet/minecraft/world/item/trading/MerchantOffer;
[22:05:57] [main/DEBUG]: Skipping Lnet/minecraft/world/item/package-info;
[22:05:57] [main/DEBUG]: Skipping Lnet/minecraft/world/item/enchantment/package-info;
[22:05:57] [main/DEBUG]: Skipping Lnet/minecraft/world/item/enchantment/WaterWorkerEnchantment;
[22:05:57] [main/DEBUG]: Skipping Lnet/minecraft/world/item/enchantment/WaterWalkerEnchantment;
[22:05:57] [main/DEBUG]: Skipping Lnet/minecraft/world/item/enchantment/VanishingCurseEnchantment;
[22:05:57] [main/DEBUG]: Skipping Lnet/minecraft/world/item/enchantment/UntouchingEnchantment;
[22:05:57] [main/DEBUG]: Skipping Lnet/minecraft/world/item/enchantment/TridentRiptideEnchantment;
[22:05:57] [main/DEBUG]: Skipping Lnet/minecraft/world/item/enchantment/TridentLoyaltyEnchantment;
[22:05:57] [main/DEBUG]: Skipping Lnet/minecraft/world/item/enchantment/TridentImpalerEnchantment;
[22:05:57] [main/DEBUG]: Skipping Lnet/minecraft/world/item/enchantment/TridentChannelingEnchantment;
[22:05:57] [main/DEBUG]: Skipping Lnet/minecraft/world/item/enchantment/ThornsEnchantment;
[22:05:57] [main/DEBUG]: Skipping Lnet/minecraft/world/item/enchantment/SwiftSneakEnchantment;
[22:05:57] [main/DEBUG]: Skipping Lnet/minecraft/world/item/enchantment/SweepingEdgeEnchantment;
[22:05:57] [main/DEBUG]: Skipping Lnet/minecraft/world/item/enchantment/SoulSpeedEnchantment;
[22:05:57] [main/DEBUG]: Skipping Lnet/minecraft/world/item/enchantment/QuickChargeEnchantment;
[22:05:57] [main/DEBUG]: Skipping Lnet/minecraft/world/item/enchantment/ProtectionEnchantment;
[22:05:57] [main/DEBUG]: Skipping Lnet/minecraft/world/item/enchantment/ProtectionEnchantment$Type;
[22:05:57] [main/DEBUG]: Skipping Lnet/minecraft/world/item/enchantment/OxygenEnchantment;
[22:05:57] [main/DEBUG]: Skipping Lnet/minecraft/world/item/enchantment/MultiShotEnchantment;
[22:05:57] [main/DEBUG]: Skipping Lnet/minecraft/world/item/enchantment/MendingEnchantment;
[22:05:57] [main/DEBUG]: Skipping Lnet/minecraft/world/item/enchantment/LootBonusEnchantment;
[22:05:57] [main/DEBUG]: Skipping Lnet/minecraft/world/item/enchantment/KnockbackEnchantment;
[22:05:57] [main/DEBUG]: Skipping Lnet/minecraft/world/item/enchantment/FishingSpeedEnchantment;
[22:05:57] [main/DEBUG]: Skipping Lnet/minecraft/world/item/enchantment/FireAspectEnchantment;
[22:05:57] [main/DEBUG]: Skipping Lnet/minecraft/world/item/enchantment/Enchantments;
[22:05:57] [main/DEBUG]: Skipping Lnet/minecraft/world/item/enchantment/EnchantmentInstance;
[22:05:57] [main/DEBUG]: Skipping Lnet/minecraft/world/item/enchantment/DigDurabilityEnchantment;
[22:05:57] [main/DEBUG]: Skipping Lnet/minecraft/world/item/enchantment/DamageEnchantment;
[22:05:57] [main/DEBUG]: Skipping Lnet/minecraft/world/item/enchantment/BindingCurseEnchantment;
[22:05:57] [main/DEBUG]: Skipping Lnet/minecraft/world/item/enchantment/ArrowPiercingEnchantment;
[22:05:57] [main/DEBUG]: Skipping Lnet/minecraft/world/item/enchantment/ArrowKnockbackEnchantment;
[22:05:57] [main/DEBUG]: Skipping Lnet/minecraft/world/item/enchantment/ArrowInfiniteEnchantment;
[22:05:57] [main/DEBUG]: Skipping Lnet/minecraft/world/item/enchantment/ArrowFireEnchantment;
[22:05:57] [main/DEBUG]: Skipping Lnet/minecraft/world/item/enchantment/ArrowDamageEnchantment;
[22:05:57] [main/DEBUG]: Skipping Lnet/minecraft/world/item/enchantment/FrostWalkerEnchantment;
[22:05:57] [main/DEBUG]: Skipping Lnet/minecraft/world/item/enchantment/EnchantmentHelper;
[22:05:57] [main/DEBUG]: Skipping Lnet/minecraft/world/item/enchantment/EnchantmentHelper$EnchantmentVisitor;
[22:05:57] [main/DEBUG]: Skipping Lnet/minecraft/world/item/enchantment/EnchantmentCategory;
[22:05:57] [main/DEBUG]: Skipping Lnet/minecraft/world/item/enchantment/EnchantmentCategory$9;
[22:05:57] [main/DEBUG]: Skipping Lnet/minecraft/world/item/enchantment/EnchantmentCategory$8;
[22:05:57] [main/DEBUG]: Skipping Lnet/minecraft/world/item/enchantment/EnchantmentCategory$7;
[22:05:57] [main/DEBUG]: Skipping Lnet/minecraft/world/item/enchantment/EnchantmentCategory$6;
[22:05:57] [main/DEBUG]: Skipping Lnet/minecraft/world/item/enchantment/EnchantmentCategory$5;
[22:05:57] [main/DEBUG]: Skipping Lnet/minecraft/world/item/enchantment/EnchantmentCategory$4;
[22:05:57] [main/DEBUG]: Skipping Lnet/minecraft/world/item/enchantment/EnchantmentCategory$3;
[22:05:57] [main/DEBUG]: Skipping Lnet/minecraft/world/item/enchantment/EnchantmentCategory$2;
[22:05:57] [main/DEBUG]: Skipping Lnet/minecraft/world/item/enchantment/EnchantmentCategory$14;
[22:05:57] [main/DEBUG]: Skipping Lnet/minecraft/world/item/enchantment/EnchantmentCategory$13;
[22:05:57] [main/DEBUG]: Skipping Lnet/minecraft/world/item/enchantment/EnchantmentCategory$12;
[22:05:57] [main/DEBUG]: Skipping Lnet/minecraft/world/item/enchantment/EnchantmentCategory$11;
[22:05:57] [main/DEBUG]: Skipping Lnet/minecraft/world/item/enchantment/EnchantmentCategory$10;
[22:05:57] [main/DEBUG]: Skipping Lnet/minecraft/world/item/enchantment/EnchantmentCategory$1;
[22:05:57] [main/DEBUG]: Skipping Lnet/minecraft/world/item/enchantment/Enchantment;
[22:05:57] [main/DEBUG]: Skipping Lnet/minecraft/world/item/enchantment/Enchantment$Rarity;
[22:05:57] [main/DEBUG]: Skipping Lnet/minecraft/world/item/enchantment/DiggingEnchantment;
[22:05:57] [main/DEBUG]: Skipping Lnet/minecraft/world/item/crafting/package-info;
[22:05:57] [main/DEBUG]: Skipping Lnet/minecraft/world/item/crafting/TippedArrowRecipe;
[22:05:57] [main/DEBUG]: Skipping Lnet/minecraft/world/item/crafting/SuspiciousStewRecipe;
[22:05:57] [main/DEBUG]: Skipping Lnet/minecraft/world/item/crafting/StonecutterRecipe;
[22:05:57] [main/DEBUG]: Skipping Lnet/minecraft/world/item/crafting/SmokingRecipe;
[22:05:57] [main/DEBUG]: Skipping Lnet/minecraft/world/item/crafting/SmithingRecipe;
[22:05:57] [main/DEBUG]: Skipping Lnet/minecraft/world/item/crafting/SmeltingRecipe;
[22:05:57] [main/DEBUG]: Skipping Lnet/minecraft/world/item/crafting/SingleItemRecipe;
[22:05:57] [main/DEBUG]: Skipping Lnet/minecraft/world/item/crafting/SingleItemRecipe$Serializer;
[22:05:57] [main/DEBUG]: Skipping Lnet/minecraft/world/item/crafting/SingleItemRecipe$Serializer$SingleItemMaker;
[22:05:57] [main/DEBUG]: Skipping Lnet/minecraft/world/item/crafting/SimpleCraftingRecipeSerializer;
[22:05:57] [main/DEBUG]: Skipping Lnet/minecraft/world/item/crafting/SimpleCraftingRecipeSerializer$Factory;
[22:05:57] [main/DEBUG]: Skipping Lnet/minecraft/world/item/crafting/ShieldDecorationRecipe;
[22:05:57] [main/DEBUG]: Skipping Lnet/minecraft/world/item/crafting/MapExtendingRecipe;
[22:05:57] [main/DEBUG]: Skipping Lnet/minecraft/world/item/crafting/MapCloningRecipe;
[22:05:57] [main/DEBUG]: Skipping Lnet/minecraft/world/item/crafting/FireworkStarFadeRecipe;
[22:05:57] [main/DEBUG]: Skipping Lnet/minecraft/world/item/crafting/FireworkRocketRecipe;
[22:05:57] [main/DEBUG]: Skipping Lnet/minecraft/world/item/crafting/DecoratedPotRecipe;
[22:05:57] [main/DEBUG]: Skipping Lnet/minecraft/world/item/crafting/CustomRecipe;
[22:05:57] [main/DEBUG]: Skipping Lnet/minecraft/world/item/crafting/CraftingRecipe;
[22:05:57] [main/DEBUG]: Skipping Lnet/minecraft/world/item/crafting/CraftingBookCategory;
[22:05:57] [main/DEBUG]: Skipping Lnet/minecraft/world/item/crafting/CookingBookCategory;
[22:05:57] [main/DEBUG]: Skipping Lnet/minecraft/world/item/crafting/CampfireCookingRecipe;
[22:05:57] [main/DEBUG]: Skipping Lnet/minecraft/world/item/crafting/BlastingRecipe;
[22:05:57] [main/DEBUG]: Skipping Lnet/minecraft/world/item/crafting/ArmorDyeRecipe;
[22:05:57] [main/DEBUG]: Skipping Lnet/minecraft/world/item/crafting/AbstractCookingRecipe;
[22:05:57] [main/DEBUG]: Skipping Lnet/minecraft/world/item/crafting/RecipeType$2;
[22:05:57] [main/DEBUG]: Skipping Lnet/minecraft/world/item/crafting/SmithingTrimRecipe;
[22:05:57] [main/DEBUG]: Skipping Lnet/minecraft/world/item/crafting/SmithingTrimRecipe$Serializer;
[22:05:57] [main/DEBUG]: Skipping Lnet/minecraft/world/item/crafting/SmithingTransformRecipe;
[22:05:57] [main/DEBUG]: Skipping Lnet/minecraft/world/item/crafting/SmithingTransformRecipe$Serializer;
[22:05:57] [main/DEBUG]: Skipping Lnet/minecraft/world/item/crafting/SimpleCookingSerializer;
[22:05:57] [main/DEBUG]: Skipping Lnet/minecraft/world/item/crafting/SimpleCookingSerializer$CookieBaker;
[22:05:57] [main/DEBUG]: Skipping Lnet/minecraft/world/item/crafting/ShulkerBoxColoring;
[22:05:57] [main/DEBUG]: Skipping Lnet/minecraft/world/item/crafting/ShapelessRecipe;
[22:05:57] [main/DEBUG]: Skipping Lnet/minecraft/world/item/crafting/ShapelessRecipe$Serializer;
[22:05:57] [main/DEBUG]: Skipping Lnet/minecraft/world/item/crafting/ShapedRecipe;
[22:05:57] [main/DEBUG]: Skipping Lnet/minecraft/world/item/crafting/ShapedRecipe$Serializer;
[22:05:57] [main/DEBUG]: Skipping Lnet/minecraft/world/item/crafting/RepairItemRecipe;
[22:05:57] [main/DEBUG]: Skipping Lnet/minecraft/world/item/crafting/RecipeType;
[22:05:57] [main/DEBUG]: Skipping Lnet/minecraft/world/item/crafting/RecipeType$1;
[22:05:57] [main/DEBUG]: Skipping Lnet/minecraft/world/item/crafting/RecipeSerializer;
[22:05:57] [main/DEBUG]: Skipping Lnet/minecraft/world/item/crafting/RecipeManager;
[22:05:57] [main/DEBUG]: Skipping Lnet/minecraft/world/item/crafting/RecipeManager$CachedCheck;
[22:05:57] [main/DEBUG]: Skipping Lnet/minecraft/world/item/crafting/RecipeManager$1;
[22:05:57] [main/DEBUG]: Skipping Lnet/minecraft/world/item/crafting/Recipe;
[22:05:57] [main/DEBUG]: Transforming class Lnet/minecraft/world/item/crafting/Ingredient;
[22:05:57] [main/DEBUG]: Transforming net/minecraft/world/item/crafting/Ingredient INNERCLASS Value to access PUBLIC and LEAVE
[22:05:57] [main/DEBUG]: Transforming net/minecraft/world/item/crafting/Ingredient INNERCLASS TagValue to access PUBLIC and LEAVE
[22:05:57] [main/DEBUG]: Transforming net/minecraft/world/item/crafting/Ingredient INNERCLASS ItemValue to access PUBLIC and LEAVE
[22:05:57] [main/DEBUG]: Transforming net/minecraft/world/item/crafting/Ingredient CLASS to access PUBLIC and REMOVEFINAL
[22:05:57] [main/DEBUG]: Transforming net/minecraft/world/item/crafting/Ingredient METHOD <init>(Ljava/util/stream/Stream;)V to access PROTECTED and LEAVE
[22:05:57] [main/DEBUG]: Transforming net/minecraft/world/item/crafting/Ingredient METHOD m_43923_(Lnet/minecraft/network/FriendlyByteBuf;)V to access PUBLIC and MAKEFINAL
[22:05:57] [main/DEBUG]: Transforming net/minecraft/world/item/crafting/Ingredient METHOD m_43938_(Ljava/util/stream/Stream;)Lnet/minecraft/world/item/crafting/Ingredient; to access PUBLIC and LEAVE
[22:05:57] [main/DEBUG]: Transforming net/minecraft/world/item/crafting/Ingredient METHOD m_43919_(Lcom/google/gson/JsonObject;)Lnet/minecraft/world/item/crafting/Ingredient$Value; to access PUBLIC and LEAVE
[22:05:57] [main/DEBUG]: Transforming class Lnet/minecraft/world/item/crafting/Ingredient$Value;
[22:05:57] [main/DEBUG]: Transforming net/minecraft/world/item/crafting/Ingredient$Value CLASS to access PUBLIC and LEAVE
[22:05:57] [main/DEBUG]: Transforming class Lnet/minecraft/world/item/crafting/Ingredient$TagValue;
[22:05:57] [main/DEBUG]: Transforming net/minecraft/world/item/crafting/Ingredient$TagValue CLASS to access PUBLIC and LEAVE
[22:05:57] [main/DEBUG]: Transforming net/minecraft/world/item/crafting/Ingredient$TagValue METHOD <init>(Lnet/minecraft/tags/TagKey;)V to access PUBLIC and LEAVE
[22:05:57] [main/DEBUG]: Transforming class Lnet/minecraft/world/item/crafting/Ingredient$ItemValue;
[22:05:57] [main/DEBUG]: Transforming net/minecraft/world/item/crafting/Ingredient$ItemValue CLASS to access PUBLIC and LEAVE
[22:05:57] [main/DEBUG]: Transforming net/minecraft/world/item/crafting/Ingredient$ItemValue METHOD <init>(Lnet/minecraft/world/item/ItemStack;)V to access PUBLIC and LEAVE
[22:05:57] [main/DEBUG]: Skipping Lnet/minecraft/world/item/crafting/FireworkStarRecipe;
[22:05:57] [main/DEBUG]: Skipping Lnet/minecraft/world/item/crafting/BookCloningRecipe;
[22:05:57] [main/DEBUG]: Skipping Lnet/minecraft/world/item/crafting/BannerDuplicateRecipe;
[22:05:57] [main/DEBUG]: Skipping Lnet/minecraft/world/item/context/package-info;
[22:05:57] [main/DEBUG]: Transforming class Lnet/minecraft/world/item/context/UseOnContext;
[22:05:57] [main/DEBUG]: Transforming net/minecraft/world/item/context/UseOnContext METHOD <init>(Lnet/minecraft/world/level/Level;Lnet/minecraft/world/entity/player/Player;Lnet/minecraft/world/InteractionHand;Lnet/minecraft/world/item/ItemStack;Lnet/minecraft/world/phys/BlockHitResult;)V to access PUBLIC and LEAVE
[22:05:57] [main/DEBUG]: Skipping Lnet/minecraft/world/item/context/DirectionalPlaceContext;
[22:05:57] [main/DEBUG]: Skipping Lnet/minecraft/world/item/context/DirectionalPlaceContext$1;
[22:05:57] [main/DEBUG]: Transforming class Lnet/minecraft/world/item/context/BlockPlaceContext;
[22:05:57] [main/DEBUG]: Transforming net/minecraft/world/item/context/BlockPlaceContext METHOD <init>(Lnet/minecraft/world/level/Level;Lnet/minecraft/world/entity/player/Player;Lnet/minecraft/world/InteractionHand;Lnet/minecraft/world/item/ItemStack;Lnet/minecraft/world/phys/BlockHitResult;)V to access PUBLIC and LEAVE
[22:05:57] [main/DEBUG]: Skipping Lnet/minecraft/world/item/armortrim/package-info;
[22:05:57] [main/DEBUG]: Skipping Lnet/minecraft/world/item/armortrim/TrimPatterns;
[22:05:57] [main/DEBUG]: Skipping Lnet/minecraft/world/item/armortrim/TrimPattern;
[22:05:57] [main/DEBUG]: Skipping Lnet/minecraft/world/item/armortrim/TrimMaterials;
[22:05:57] [main/DEBUG]: Skipping Lnet/minecraft/world/item/armortrim/TrimMaterial;
[22:05:57] [main/DEBUG]: Skipping Lnet/minecraft/world/item/armortrim/ArmorTrim;
[22:05:57] [main/DEBUG]: Skipping Lnet/minecraft/world/item/alchemy/package-info;
[22:05:57] [main/DEBUG]: Skipping Lnet/minecraft/world/item/alchemy/Potions;
[22:05:57] [main/DEBUG]: Skipping Lnet/minecraft/world/item/alchemy/PotionUtils;
[22:05:57] [main/DEBUG]: Transforming class Lnet/minecraft/world/item/alchemy/PotionBrewing;
[22:05:57] [main/DEBUG]: Transforming net/minecraft/world/item/alchemy/PotionBrewing INNERCLASS Mix to access PUBLIC and LEAVE
[22:05:57] [main/DEBUG]: Transforming class Lnet/minecraft/world/item/alchemy/PotionBrewing$Mix;
[22:05:57] [main/DEBUG]: Transforming net/minecraft/world/item/alchemy/PotionBrewing$Mix CLASS to access PUBLIC and LEAVE
[22:05:57] [main/DEBUG]: Transforming net/minecraft/world/item/alchemy/PotionBrewing$Mix FIELD f_43533_ to access PUBLIC and LEAVE
[22:05:57] [main/DEBUG]: Skipping Lnet/minecraft/world/item/alchemy/Potion;
[22:05:57] [main/DEBUG]: Skipping Lnet/minecraft/world/item/WrittenBookItem;
[22:05:57] [main/DEBUG]: Skipping Lnet/minecraft/world/item/WritableBookItem;
[22:05:57] [main/DEBUG]: Skipping Lnet/minecraft/world/item/Vanishable;
[22:05:57] [main/DEBUG]: Skipping Lnet/minecraft/world/item/TridentItem;
[22:05:57] [main/DEBUG]: Skipping Lnet/minecraft/world/item/TooltipFlag;
[22:05:57] [main/DEBUG]: Skipping Lnet/minecraft/world/item/TooltipFlag$Default;
[22:05:57] [main/DEBUG]: Skipping Lnet/minecraft/world/item/TippedArrowItem;
[22:05:57] [main/DEBUG]: Skipping Lnet/minecraft/world/item/TieredItem;
[22:05:57] [main/DEBUG]: Skipping Lnet/minecraft/world/item/ThrowablePotionItem;
[22:05:57] [main/DEBUG]: Skipping Lnet/minecraft/world/item/SpyglassItem;
[22:05:57] [main/DEBUG]: Skipping Lnet/minecraft/world/item/SplashPotionItem;
[22:05:57] [main/DEBUG]: Skipping Lnet/minecraft/world/item/SpectralArrowItem;
[22:05:57] [main/DEBUG]: Skipping Lnet/minecraft/world/item/SolidBucketItem;
[22:05:57] [main/DEBUG]: Skipping Lnet/minecraft/world/item/SnowballItem;
[22:05:57] [main/DEBUG]: Skipping Lnet/minecraft/world/item/SmithingTemplateItem;
[22:05:57] [main/DEBUG]: Skipping Lnet/minecraft/world/item/SimpleFoiledItem;
[22:05:57] [main/DEBUG]: Skipping Lnet/minecraft/world/item/SignItem;
[22:05:57] [main/DEBUG]: Skipping Lnet/minecraft/world/item/SignApplicator;
[22:05:57] [main/DEBUG]: Skipping Lnet/minecraft/world/item/ServerItemCooldowns;
[22:05:57] [main/DEBUG]: Skipping Lnet/minecraft/world/item/ScaffoldingBlockItem;
[22:05:57] [main/DEBUG]: Skipping Lnet/minecraft/world/item/SaddleItem;
[22:05:57] [main/DEBUG]: Skipping Lnet/minecraft/world/item/ProjectileWeaponItem;
[22:05:57] [main/DEBUG]: Skipping Lnet/minecraft/world/item/PotionItem;
[22:05:57] [main/DEBUG]: Skipping Lnet/minecraft/world/item/PlayerHeadItem;
[22:05:57] [main/DEBUG]: Skipping Lnet/minecraft/world/item/PlaceOnWaterBlockItem;
[22:05:57] [main/DEBUG]: Skipping Lnet/minecraft/world/item/NameTagItem;
[22:05:57] [main/DEBUG]: Skipping Lnet/minecraft/world/item/LingeringPotionItem;
[22:05:57] [main/DEBUG]: Skipping Lnet/minecraft/world/item/LeadItem;
[22:05:57] [main/DEBUG]: Skipping Lnet/minecraft/world/item/KnowledgeBookItem;
[22:05:57] [main/DEBUG]: Skipping Lnet/minecraft/world/item/ItemUtils;
[22:05:57] [main/DEBUG]: Transforming class Lnet/minecraft/world/item/ItemStackLinkedSet;
[22:05:57] [main/DEBUG]: Transforming net/minecraft/world/item/ItemStackLinkedSet FIELD f_260558_ to access PUBLIC and LEAVE
[22:05:57] [main/DEBUG]: Skipping Lnet/minecraft/world/item/ItemStackLinkedSet$1;
[22:05:57] [main/DEBUG]: Skipping Lnet/minecraft/world/item/ItemNameBlockItem;
[22:05:57] [main/DEBUG]: Skipping Lnet/minecraft/world/item/ItemFrameItem;
[22:05:57] [main/DEBUG]: Skipping Lnet/minecraft/world/item/ItemCooldowns;
[22:05:57] [main/DEBUG]: Skipping Lnet/minecraft/world/item/ItemCooldowns$CooldownInstance;
[22:05:57] [main/DEBUG]: Skipping Lnet/minecraft/world/item/Instruments;
[22:05:57] [main/DEBUG]: Skipping Lnet/minecraft/world/item/InstrumentItem;
[22:05:57] [main/DEBUG]: Skipping Lnet/minecraft/world/item/Instrument;
[22:05:57] [main/DEBUG]: Skipping Lnet/minecraft/world/item/InkSacItem;
[22:05:57] [main/DEBUG]: Skipping Lnet/minecraft/world/item/HoneycombItem;
[22:05:57] [main/DEBUG]: Skipping Lnet/minecraft/world/item/HoneyBottleItem;
[22:05:57] [main/DEBUG]: Skipping Lnet/minecraft/world/item/HangingSignItem;
[22:05:57] [main/DEBUG]: Skipping Lnet/minecraft/world/item/HangingEntityItem;
[22:05:57] [main/DEBUG]: Skipping Lnet/minecraft/world/item/GlowInkSacItem;
[22:05:57] [main/DEBUG]: Skipping Lnet/minecraft/world/item/GameMasterBlockItem;
[22:05:57] [main/DEBUG]: Skipping Lnet/minecraft/world/item/FoodOnAStickItem;
[22:05:57] [main/DEBUG]: Skipping Lnet/minecraft/world/item/FlintAndSteelItem;
[22:05:57] [main/DEBUG]: Skipping Lnet/minecraft/world/item/FireChargeItem;
[22:05:57] [main/DEBUG]: Skipping Lnet/minecraft/world/item/ExperienceBottleItem;
[22:05:57] [main/DEBUG]: Skipping Lnet/minecraft/world/item/Equipable;
[22:05:57] [main/DEBUG]: Skipping Lnet/minecraft/world/item/EnderpearlItem;
[22:05:57] [main/DEBUG]: Skipping Lnet/minecraft/world/item/EnderEyeItem;
[22:05:57] [main/DEBUG]: Skipping Lnet/minecraft/world/item/EndCrystalItem;
[22:05:57] [main/DEBUG]: Skipping Lnet/minecraft/world/item/EnchantedGoldenAppleItem;
[22:05:57] [main/DEBUG]: Skipping Lnet/minecraft/world/item/EnchantedBookItem;
[22:05:57] [main/DEBUG]: Skipping Lnet/minecraft/world/item/EmptyMapItem;
[22:05:57] [main/DEBUG]: Skipping Lnet/minecraft/world/item/EggItem;
[22:05:57] [main/DEBUG]: Skipping Lnet/minecraft/world/item/DyeableLeatherItem;
[22:05:57] [main/DEBUG]: Skipping Lnet/minecraft/world/item/DyeableArmorItem;
[22:05:57] [main/DEBUG]: Skipping Lnet/minecraft/world/item/DyeItem;
[22:05:57] [main/DEBUG]: Skipping Lnet/minecraft/world/item/DoubleHighBlockItem;
[22:05:57] [main/DEBUG]: Skipping Lnet/minecraft/world/item/DiscFragmentItem;
[22:05:57] [main/DEBUG]: Skipping Lnet/minecraft/world/item/DebugStickItem;
[22:05:57] [main/DEBUG]: Skipping Lnet/minecraft/world/item/ComplexItem;
[22:05:57] [main/DEBUG]: Skipping Lnet/minecraft/world/item/CompassItem;
[22:05:57] [main/DEBUG]: Skipping Lnet/minecraft/world/item/BrushItem;
[22:05:57] [main/DEBUG]: Skipping Lnet/minecraft/world/item/BrushItem$DustParticlesDelta;
[22:05:57] [main/DEBUG]: Skipping Lnet/minecraft/world/item/BrushItem$1;
[22:05:57] [main/DEBUG]: Skipping Lnet/minecraft/world/item/BowlFoodItem;
[22:05:57] [main/DEBUG]: Skipping Lnet/minecraft/world/item/BottleItem;
[22:05:57] [main/DEBUG]: Skipping Lnet/minecraft/world/item/BookItem;
[22:05:57] [main/DEBUG]: Skipping Lnet/minecraft/world/item/BoatItem;
[22:05:57] [main/DEBUG]: Skipping Lnet/minecraft/world/item/BedItem;
[22:05:57] [main/DEBUG]: Skipping Lnet/minecraft/world/item/BannerPatternItem;
[22:05:57] [main/DEBUG]: Skipping Lnet/minecraft/world/item/ArmorStandItem;
[22:05:57] [main/DEBUG]: Skipping Lnet/minecraft/world/item/ArmorMaterials;
[22:05:57] [main/DEBUG]: Skipping Lnet/minecraft/world/item/ArmorMaterial;
[22:05:57] [main/DEBUG]: Skipping Lnet/minecraft/world/item/AirItem;
[22:05:57] [main/DEBUG]: Skipping Lnet/minecraft/world/item/AdventureModeCheck;
[22:05:57] [main/DEBUG]: Skipping Lnet/minecraft/world/item/Items$1;
[22:05:57] [main/DEBUG]: Skipping Lnet/minecraft/world/item/UseAnim;
[22:05:57] [main/DEBUG]: Skipping Lnet/minecraft/world/item/Tiers;
[22:05:57] [main/DEBUG]: Skipping Lnet/minecraft/world/item/Tier;
[22:05:57] [main/DEBUG]: Skipping Lnet/minecraft/world/item/SwordItem;
[22:05:57] [main/DEBUG]: Skipping Lnet/minecraft/world/item/SuspiciousStewItem;
[22:05:57] [main/DEBUG]: Skipping Lnet/minecraft/world/item/StandingAndWallBlockItem;
[22:05:57] [main/DEBUG]: Skipping Lnet/minecraft/world/item/SpawnEggItem;
[22:05:57] [main/DEBUG]: Skipping Lnet/minecraft/world/item/ShovelItem;
[22:05:57] [main/DEBUG]: Skipping Lnet/minecraft/world/item/ShieldItem;
[22:05:57] [main/DEBUG]: Skipping Lnet/minecraft/world/item/ShearsItem;
[22:05:57] [main/DEBUG]: Transforming class Lnet/minecraft/world/item/RecordItem;
[22:05:57] [main/DEBUG]: Transforming net/minecraft/world/item/RecordItem METHOD <init>(ILnet/minecraft/sounds/SoundEvent;Lnet/minecraft/world/item/Item$Properties;I)V to access PUBLIC and LEAVE
[22:05:57] [main/DEBUG]: Skipping Lnet/minecraft/world/item/Rarity;
[22:05:57] [main/DEBUG]: Transforming class Lnet/minecraft/world/item/PickaxeItem;
[22:05:57] [main/DEBUG]: Transforming net/minecraft/world/item/PickaxeItem METHOD <init>(Lnet/minecraft/world/item/Tier;IFLnet/minecraft/world/item/Item$Properties;)V to access PUBLIC and LEAVE
[22:05:57] [main/DEBUG]: Skipping Lnet/minecraft/world/item/MobBucketItem;
[22:05:57] [main/DEBUG]: Skipping Lnet/minecraft/world/item/MinecartItem;
[22:05:57] [main/DEBUG]: Skipping Lnet/minecraft/world/item/MinecartItem$1;
[22:05:57] [main/DEBUG]: Skipping Lnet/minecraft/world/item/MilkBucketItem;
[22:05:57] [main/DEBUG]: Skipping Lnet/minecraft/world/item/MapItem;
[22:05:57] [main/DEBUG]: Skipping Lnet/minecraft/world/item/Items;
[22:05:57] [main/DEBUG]: Skipping Lnet/minecraft/world/item/ItemStack;
[22:05:57] [main/DEBUG]: Skipping Lnet/minecraft/world/item/ItemStack$TooltipPart;
[22:05:57] [main/DEBUG]: Transforming class Lnet/minecraft/world/item/ItemDisplayContext;
[22:05:57] [main/DEBUG]: Transforming net/minecraft/world/item/ItemDisplayContext FIELD f_268735_ to access PRIVATE and REMOVEFINAL
[22:05:57] [main/DEBUG]: Skipping Lnet/minecraft/world/item/Item;
[22:05:57] [main/DEBUG]: Skipping Lnet/minecraft/world/item/Item$Properties;
[22:05:57] [main/DEBUG]: Skipping Lnet/minecraft/world/item/Item$1;
[22:05:57] [main/DEBUG]: Skipping Lnet/minecraft/world/item/HorseArmorItem;
[22:05:57] [main/DEBUG]: Transforming class Lnet/minecraft/world/item/HoeItem;
[22:05:57] [main/DEBUG]: Transforming net/minecraft/world/item/HoeItem METHOD <init>(Lnet/minecraft/world/item/Tier;IFLnet/minecraft/world/item/Item$Properties;)V to access PUBLIC and LEAVE
[22:05:57] [main/DEBUG]: Skipping Lnet/minecraft/world/item/FishingRodItem;
[22:05:57] [main/DEBUG]: Skipping Lnet/minecraft/world/item/FireworkStarItem;
[22:05:57] [main/DEBUG]: Skipping Lnet/minecraft/world/item/FireworkRocketItem;
[22:05:57] [main/DEBUG]: Skipping Lnet/minecraft/world/item/FireworkRocketItem$Shape;
[22:05:57] [main/DEBUG]: Skipping Lnet/minecraft/world/item/ElytraItem;
[22:05:57] [main/DEBUG]: Skipping Lnet/minecraft/world/item/DyeableHorseArmorItem;
[22:05:57] [main/DEBUG]: Skipping Lnet/minecraft/world/item/DyeColor;
[22:05:57] [main/DEBUG]: Skipping Lnet/minecraft/world/item/DispensibleContainerItem;
[22:05:57] [main/DEBUG]: Transforming class Lnet/minecraft/world/item/DiggerItem;
[22:05:57] [main/DEBUG]: Transforming net/minecraft/world/item/DiggerItem METHOD <init>(FFLnet/minecraft/world/item/Tier;Lnet/minecraft/tags/TagKey;Lnet/minecraft/world/item/Item$Properties;)V to access PUBLIC and LEAVE
[22:05:57] [main/DEBUG]: Skipping Lnet/minecraft/world/item/CrossbowItem;
[22:05:57] [main/DEBUG]: Transforming class Lnet/minecraft/world/item/CreativeModeTabs;
[22:05:57] [main/DEBUG]: Transforming net/minecraft/world/item/CreativeModeTabs FIELD f_256788_ to access PUBLIC and LEAVE
[22:05:57] [main/DEBUG]: Transforming net/minecraft/world/item/CreativeModeTabs FIELD f_256725_ to access PUBLIC and LEAVE
[22:05:57] [main/DEBUG]: Transforming net/minecraft/world/item/CreativeModeTabs FIELD f_256776_ to access PUBLIC and LEAVE
[22:05:57] [main/DEBUG]: Transforming net/minecraft/world/item/CreativeModeTabs FIELD f_256791_ to access PUBLIC and LEAVE
[22:05:57] [main/DEBUG]: Transforming net/minecraft/world/item/CreativeModeTabs FIELD f_257028_ to access PUBLIC and LEAVE
[22:05:57] [main/DEBUG]: Transforming net/minecraft/world/item/CreativeModeTabs FIELD f_256917_ to access PUBLIC and LEAVE
[22:05:57] [main/DEBUG]: Transforming net/minecraft/world/item/CreativeModeTabs FIELD f_256750_ to access PUBLIC and LEAVE
[22:05:57] [main/DEBUG]: Transforming net/minecraft/world/item/CreativeModeTabs FIELD f_256869_ to access PUBLIC and LEAVE
[22:05:57] [main/DEBUG]: Transforming net/minecraft/world/item/CreativeModeTabs FIELD f_256797_ to access PUBLIC and LEAVE
[22:05:57] [main/DEBUG]: Transforming net/minecraft/world/item/CreativeModeTabs FIELD f_256839_ to access PUBLIC and LEAVE
[22:05:57] [main/DEBUG]: Transforming net/minecraft/world/item/CreativeModeTabs FIELD f_256968_ to access PUBLIC and LEAVE
[22:05:57] [main/DEBUG]: Transforming net/minecraft/world/item/CreativeModeTabs FIELD f_256731_ to access PUBLIC and LEAVE
[22:05:57] [main/DEBUG]: Transforming net/minecraft/world/item/CreativeModeTabs FIELD f_256837_ to access PUBLIC and LEAVE
[22:05:57] [main/DEBUG]: Transforming net/minecraft/world/item/CreativeModeTabs FIELD f_257039_ to access PUBLIC and LEAVE
[22:05:57] [main/DEBUG]: Transforming class Lnet/minecraft/world/item/CreativeModeTab;
[22:05:57] [main/DEBUG]: Transforming net/minecraft/world/item/CreativeModeTab INNERCLASS Output to access PUBLIC and LEAVE
[22:05:57] [main/DEBUG]: Transforming net/minecraft/world/item/CreativeModeTab INNERCLASS TabVisibility to access PUBLIC and LEAVE
[22:05:57] [main/DEBUG]: Skipping Lnet/minecraft/world/item/CreativeModeTab$Type;
[22:05:57] [main/DEBUG]: Transforming class Lnet/minecraft/world/item/CreativeModeTab$TabVisibility;
[22:05:57] [main/DEBUG]: Transforming net/minecraft/world/item/CreativeModeTab$TabVisibility CLASS to access PUBLIC and LEAVE
[22:05:57] [main/DEBUG]: Skipping Lnet/minecraft/world/item/CreativeModeTab$Row;
[22:05:57] [main/DEBUG]: Transforming class Lnet/minecraft/world/item/CreativeModeTab$Output;
[22:05:57] [main/DEBUG]: Transforming net/minecraft/world/item/CreativeModeTab$Output CLASS to access PUBLIC and LEAVE
[22:05:57] [main/DEBUG]: Skipping Lnet/minecraft/world/item/CreativeModeTab$ItemDisplayParameters;
[22:05:57] [main/DEBUG]: Skipping Lnet/minecraft/world/item/CreativeModeTab$ItemDisplayBuilder;
[22:05:57] [main/DEBUG]: Skipping Lnet/minecraft/world/item/CreativeModeTab$DisplayItemsGenerator;
[22:05:57] [main/DEBUG]: Skipping Lnet/minecraft/world/item/CreativeModeTab$Builder;
[22:05:57] [main/DEBUG]: Skipping Lnet/minecraft/world/item/CreativeModeTab$1;
[22:05:57] [main/DEBUG]: Skipping Lnet/minecraft/world/item/ChorusFruitItem;
[22:05:57] [main/DEBUG]: Skipping Lnet/minecraft/world/item/BundleItem;
[22:05:57] [main/DEBUG]: Skipping Lnet/minecraft/world/item/BucketItem;
[22:05:57] [main/DEBUG]: Skipping Lnet/minecraft/world/item/BowItem;
[22:05:57] [main/DEBUG]: Skipping Lnet/minecraft/world/item/BoneMealItem;
[22:05:57] [main/DEBUG]: Skipping Lnet/minecraft/world/item/BlockItem;
[22:05:57] [main/DEBUG]: Skipping Lnet/minecraft/world/item/BannerItem;
[22:05:57] [main/DEBUG]: Transforming class Lnet/minecraft/world/item/AxeItem;
[22:05:57] [main/DEBUG]: Transforming net/minecraft/world/item/AxeItem METHOD <init>(Lnet/minecraft/world/item/Tier;FFLnet/minecraft/world/item/Item$Properties;)V to access PUBLIC and LEAVE
[22:05:57] [main/DEBUG]: Skipping Lnet/minecraft/world/item/ArrowItem;
[22:05:57] [main/DEBUG]: Skipping Lnet/minecraft/world/item/ArmorItem;
[22:05:57] [main/DEBUG]: Skipping Lnet/minecraft/world/item/ArmorItem$Type;
[22:05:57] [main/DEBUG]: Skipping Lnet/minecraft/world/item/ArmorItem$1;
[22:05:57] [main/DEBUG]: Skipping Lnet/minecraft/world/inventory/tooltip/package-info;
[22:05:57] [main/DEBUG]: Skipping Lnet/minecraft/world/inventory/tooltip/TooltipComponent;
[22:05:57] [main/DEBUG]: Skipping Lnet/minecraft/world/inventory/tooltip/BundleTooltip;
[22:05:57] [main/DEBUG]: Skipping Lnet/minecraft/world/inventory/package-info;
[22:05:57] [main/DEBUG]: Skipping Lnet/minecraft/world/inventory/TransientCraftingContainer;
[22:05:57] [main/DEBUG]: Skipping Lnet/minecraft/world/inventory/StonecutterMenu;
[22:05:57] [main/DEBUG]: Skipping Lnet/minecraft/world/inventory/StonecutterMenu$2;
[22:05:57] [main/DEBUG]: Skipping Lnet/minecraft/world/inventory/StonecutterMenu$1;
[22:05:57] [main/DEBUG]: Skipping Lnet/minecraft/world/inventory/StackedContentsCompatible;
[22:05:57] [main/DEBUG]: Skipping Lnet/minecraft/world/inventory/SmokerMenu;
[22:05:57] [main/DEBUG]: Skipping Lnet/minecraft/world/inventory/SmithingMenu;
[22:05:57] [main/DEBUG]: Skipping Lnet/minecraft/world/inventory/SimpleContainerData;
[22:05:57] [main/DEBUG]: Skipping Lnet/minecraft/world/inventory/ShulkerBoxSlot;
[22:05:57] [main/DEBUG]: Skipping Lnet/minecraft/world/inventory/ShulkerBoxMenu;
[22:05:57] [main/DEBUG]: Skipping Lnet/minecraft/world/inventory/ResultContainer;
[22:05:57] [main/DEBUG]: Skipping Lnet/minecraft/world/inventory/RecipeHolder;
[22:05:57] [main/DEBUG]: Skipping Lnet/minecraft/world/inventory/PlayerEnderChestContainer;
[22:05:57] [main/DEBUG]: Skipping Lnet/minecraft/world/inventory/MerchantResultSlot;
[22:05:57] [main/DEBUG]: Skipping Lnet/minecraft/world/inventory/MerchantMenu;
[22:05:57] [main/DEBUG]: Skipping Lnet/minecraft/world/inventory/MerchantContainer;
[22:05:57] [main/DEBUG]: Skipping Lnet/minecraft/world/inventory/MenuConstructor;
[22:05:57] [main/DEBUG]: Skipping Lnet/minecraft/world/inventory/LoomMenu;
[22:05:57] [main/DEBUG]: Skipping Lnet/minecraft/world/inventory/LoomMenu$6;
[22:05:57] [main/DEBUG]: Skipping Lnet/minecraft/world/inventory/LoomMenu$5;
[22:05:57] [main/DEBUG]: Skipping Lnet/minecraft/world/inventory/LoomMenu$4;
[22:05:57] [main/DEBUG]: Skipping Lnet/minecraft/world/inventory/LoomMenu$3;
[22:05:57] [main/DEBUG]: Skipping Lnet/minecraft/world/inventory/LoomMenu$2;
[22:05:57] [main/DEBUG]: Skipping Lnet/minecraft/world/inventory/LoomMenu$1;
[22:05:57] [main/DEBUG]: Skipping Lnet/minecraft/world/inventory/LecternMenu;
[22:05:57] [main/DEBUG]: Skipping Lnet/minecraft/world/inventory/LecternMenu$1;
[22:05:57] [main/DEBUG]: Skipping Lnet/minecraft/world/inventory/ItemCombinerMenuSlotDefinition;
[22:05:57] [main/DEBUG]: Skipping Lnet/minecraft/world/inventory/ItemCombinerMenuSlotDefinition$SlotDefinition;
[22:05:57] [main/DEBUG]: Skipping Lnet/minecraft/world/inventory/ItemCombinerMenuSlotDefinition$Builder;
[22:05:57] [main/DEBUG]: Skipping Lnet/minecraft/world/inventory/HopperMenu;
[22:05:57] [main/DEBUG]: Skipping Lnet/minecraft/world/inventory/FurnaceMenu;
[22:05:57] [main/DEBUG]: Skipping Lnet/minecraft/world/inventory/FurnaceFuelSlot;
[22:05:57] [main/DEBUG]: Skipping Lnet/minecraft/world/inventory/DispenserMenu;
[22:05:57] [main/DEBUG]: Skipping Lnet/minecraft/world/inventory/DataSlot;
[22:05:57] [main/DEBUG]: Skipping Lnet/minecraft/world/inventory/DataSlot$3;
[22:05:57] [main/DEBUG]: Skipping Lnet/minecraft/world/inventory/DataSlot$2;
[22:05:57] [main/DEBUG]: Skipping Lnet/minecraft/world/inventory/DataSlot$1;
[22:05:57] [main/DEBUG]: Skipping Lnet/minecraft/world/inventory/CraftingMenu;
[22:05:57] [main/DEBUG]: Skipping Lnet/minecraft/world/inventory/CraftingContainer;
[22:05:57] [main/DEBUG]: Skipping Lnet/minecraft/world/inventory/ContainerSynchronizer;
[22:05:57] [main/DEBUG]: Skipping Lnet/minecraft/world/inventory/ContainerListener;
[22:05:57] [main/DEBUG]: Skipping Lnet/minecraft/world/inventory/ContainerLevelAccess;
[22:05:57] [main/DEBUG]: Skipping Lnet/minecraft/world/inventory/ContainerLevelAccess$2;
[22:05:57] [main/DEBUG]: Skipping Lnet/minecraft/world/inventory/ContainerLevelAccess$1;
[22:05:57] [main/DEBUG]: Skipping Lnet/minecraft/world/inventory/ContainerData;
[22:05:57] [main/DEBUG]: Skipping Lnet/minecraft/world/inventory/ClickType;
[22:05:57] [main/DEBUG]: Skipping Lnet/minecraft/world/inventory/ClickAction;
[22:05:57] [main/DEBUG]: Skipping Lnet/minecraft/world/inventory/ChestMenu;
[22:05:57] [main/DEBUG]: Skipping Lnet/minecraft/world/inventory/CartographyTableMenu;
[22:05:57] [main/DEBUG]: Skipping Lnet/minecraft/world/inventory/CartographyTableMenu$5;
[22:05:57] [main/DEBUG]: Skipping Lnet/minecraft/world/inventory/CartographyTableMenu$4;
[22:05:57] [main/DEBUG]: Skipping Lnet/minecraft/world/inventory/CartographyTableMenu$3;
[22:05:57] [main/DEBUG]: Skipping Lnet/minecraft/world/inventory/CartographyTableMenu$2;
[22:05:57] [main/DEBUG]: Skipping Lnet/minecraft/world/inventory/CartographyTableMenu$1;
[22:05:57] [main/DEBUG]: Skipping Lnet/minecraft/world/inventory/BlastFurnaceMenu;
[22:05:57] [main/DEBUG]: Skipping Lnet/minecraft/world/inventory/Slot;
[22:05:57] [main/DEBUG]: Skipping Lnet/minecraft/world/inventory/ResultSlot;
[22:05:57] [main/DEBUG]: Skipping Lnet/minecraft/world/inventory/RecipeBookType;
[22:05:57] [main/DEBUG]: Skipping Lnet/minecraft/world/inventory/RecipeBookMenu;
[22:05:57] [main/DEBUG]: Transforming class Lnet/minecraft/world/inventory/MenuType;
[22:05:57] [main/DEBUG]: Transforming net/minecraft/world/inventory/MenuType INNERCLASS MenuSupplier to access PUBLIC and LEAVE
[22:05:57] [main/DEBUG]: Transforming net/minecraft/world/inventory/MenuType METHOD <init>(Lnet/minecraft/world/inventory/MenuType$MenuSupplier;Lnet/minecraft/world/flag/FeatureFlagSet;)V to access PUBLIC and LEAVE
[22:05:57] [main/DEBUG]: Transforming class Lnet/minecraft/world/inventory/MenuType$MenuSupplier;
[22:05:57] [main/DEBUG]: Transforming net/minecraft/world/inventory/MenuType$MenuSupplier CLASS to access PUBLIC and LEAVE
[22:05:57] [main/DEBUG]: Skipping Lnet/minecraft/world/inventory/ItemCombinerMenu;
[22:05:57] [main/DEBUG]: Skipping Lnet/minecraft/world/inventory/ItemCombinerMenu$3;
[22:05:57] [main/DEBUG]: Skipping Lnet/minecraft/world/inventory/ItemCombinerMenu$2;
[22:05:57] [main/DEBUG]: Skipping Lnet/minecraft/world/inventory/ItemCombinerMenu$1;
[22:05:57] [main/DEBUG]: Skipping Lnet/minecraft/world/inventory/InventoryMenu;
[22:05:57] [main/DEBUG]: Skipping Lnet/minecraft/world/inventory/InventoryMenu$2;
[22:05:57] [main/DEBUG]: Skipping Lnet/minecraft/world/inventory/InventoryMenu$1;
[22:05:57] [main/DEBUG]: Skipping Lnet/minecraft/world/inventory/HorseInventoryMenu;
[22:05:57] [main/DEBUG]: Skipping Lnet/minecraft/world/inventory/HorseInventoryMenu$2;
[22:05:57] [main/DEBUG]: Skipping Lnet/minecraft/world/inventory/HorseInventoryMenu$1;
[22:05:57] [main/DEBUG]: Skipping Lnet/minecraft/world/inventory/GrindstoneMenu;
[22:05:57] [main/DEBUG]: Skipping Lnet/minecraft/world/inventory/GrindstoneMenu$4;
[22:05:57] [main/DEBUG]: Skipping Lnet/minecraft/world/inventory/GrindstoneMenu$3;
[22:05:57] [main/DEBUG]: Skipping Lnet/minecraft/world/inventory/GrindstoneMenu$2;
[22:05:57] [main/DEBUG]: Skipping Lnet/minecraft/world/inventory/GrindstoneMenu$1;
[22:05:57] [main/DEBUG]: Skipping Lnet/minecraft/world/inventory/FurnaceResultSlot;
[22:05:57] [main/DEBUG]: Skipping Lnet/minecraft/world/inventory/EnchantmentMenu;
[22:05:57] [main/DEBUG]: Skipping Lnet/minecraft/world/inventory/EnchantmentMenu$3;
[22:05:57] [main/DEBUG]: Skipping Lnet/minecraft/world/inventory/EnchantmentMenu$2;
[22:05:57] [main/DEBUG]: Skipping Lnet/minecraft/world/inventory/EnchantmentMenu$1;
[22:05:57] [main/DEBUG]: Skipping Lnet/minecraft/world/inventory/BrewingStandMenu;
[22:05:57] [main/DEBUG]: Skipping Lnet/minecraft/world/inventory/BrewingStandMenu$PotionSlot;
[22:05:57] [main/DEBUG]: Skipping Lnet/minecraft/world/inventory/BrewingStandMenu$IngredientsSlot;
[22:05:57] [main/DEBUG]: Skipping Lnet/minecraft/world/inventory/BrewingStandMenu$FuelSlot;
[22:05:57] [main/DEBUG]: Skipping Lnet/minecraft/world/inventory/BeaconMenu;
[22:05:57] [main/DEBUG]: Skipping Lnet/minecraft/world/inventory/BeaconMenu$PaymentSlot;
[22:05:57] [main/DEBUG]: Skipping Lnet/minecraft/world/inventory/BeaconMenu$1;
[22:05:57] [main/DEBUG]: Transforming class Lnet/minecraft/world/inventory/AnvilMenu;
[22:05:57] [main/DEBUG]: Transforming net/minecraft/world/inventory/AnvilMenu FIELD f_39000_ to access PUBLIC and LEAVE
[22:05:57] [main/DEBUG]: Skipping Lnet/minecraft/world/inventory/AnvilMenu$1;
[22:05:57] [main/DEBUG]: Skipping Lnet/minecraft/world/inventory/AbstractFurnaceMenu;
[22:05:57] [main/DEBUG]: Skipping Lnet/minecraft/world/inventory/AbstractContainerMenu;
[22:05:57] [main/DEBUG]: Skipping Lnet/minecraft/world/inventory/AbstractContainerMenu$1;
[22:05:57] [main/DEBUG]: Skipping Lnet/minecraft/world/food/package-info;
[22:05:57] [main/DEBUG]: Skipping Lnet/minecraft/world/food/Foods;
[22:05:57] [main/DEBUG]: Skipping Lnet/minecraft/world/food/FoodConstants;
[22:05:57] [main/DEBUG]: Skipping Lnet/minecraft/world/food/FoodProperties;
[22:05:57] [main/DEBUG]: Skipping Lnet/minecraft/world/food/FoodProperties$Builder;
[22:05:57] [main/DEBUG]: Skipping Lnet/minecraft/world/food/FoodData;
[22:05:57] [main/DEBUG]: Skipping Lnet/minecraft/world/flag/package-info;
[22:05:57] [main/DEBUG]: Skipping Lnet/minecraft/world/flag/FeatureFlags;
[22:05:57] [main/DEBUG]: Skipping Lnet/minecraft/world/flag/FeatureFlagUniverse;
[22:05:57] [main/DEBUG]: Skipping Lnet/minecraft/world/flag/FeatureFlagSet;
[22:05:57] [main/DEBUG]: Skipping Lnet/minecraft/world/flag/FeatureFlagRegistry;
[22:05:57] [main/DEBUG]: Skipping Lnet/minecraft/world/flag/FeatureFlagRegistry$Builder;
[22:05:57] [main/DEBUG]: Skipping Lnet/minecraft/world/flag/FeatureFlag;
[22:05:57] [main/DEBUG]: Skipping Lnet/minecraft/world/flag/FeatureElement;
[22:05:57] [main/DEBUG]: Skipping Lnet/minecraft/world/entity/vehicle/package-info;
[22:05:57] [main/DEBUG]: Skipping Lnet/minecraft/world/entity/vehicle/MinecartTNT;
[22:05:57] [main/DEBUG]: Skipping Lnet/minecraft/world/entity/vehicle/MinecartHopper;
[22:05:57] [main/DEBUG]: Skipping Lnet/minecraft/world/entity/vehicle/MinecartChest;
[22:05:57] [main/DEBUG]: Skipping Lnet/minecraft/world/entity/vehicle/DismountHelper;
[22:05:57] [main/DEBUG]: Skipping Lnet/minecraft/world/entity/vehicle/MinecartSpawner;
[22:05:57] [main/DEBUG]: Skipping Lnet/minecraft/world/entity/vehicle/MinecartSpawner$1;
[22:05:57] [main/DEBUG]: Skipping Lnet/minecraft/world/entity/vehicle/MinecartFurnace;
[22:05:57] [main/DEBUG]: Skipping Lnet/minecraft/world/entity/vehicle/MinecartCommandBlock;
[22:05:57] [main/DEBUG]: Skipping Lnet/minecraft/world/entity/vehicle/MinecartCommandBlock$MinecartCommandBase;
[22:05:57] [main/DEBUG]: Skipping Lnet/minecraft/world/entity/vehicle/Minecart;
[22:05:57] [main/DEBUG]: Skipping Lnet/minecraft/world/entity/vehicle/ContainerEntity;
[22:05:57] [main/DEBUG]: Skipping Lnet/minecraft/world/entity/vehicle/ContainerEntity$1;
[22:05:57] [main/DEBUG]: Skipping Lnet/minecraft/world/entity/vehicle/ChestBoat;
[22:05:57] [main/DEBUG]: Skipping Lnet/minecraft/world/entity/vehicle/ChestBoat$1;
[22:05:57] [main/DEBUG]: Skipping Lnet/minecraft/world/entity/vehicle/Boat;
[22:05:57] [main/DEBUG]: Skipping Lnet/minecraft/world/entity/vehicle/Boat$Type;
[22:05:57] [main/DEBUG]: Skipping Lnet/minecraft/world/entity/vehicle/Boat$Status;
[22:05:57] [main/DEBUG]: Skipping Lnet/minecraft/world/entity/vehicle/Boat$1;
[22:05:57] [main/DEBUG]: Skipping Lnet/minecraft/world/entity/vehicle/AbstractMinecartContainer;
[22:05:57] [main/DEBUG]: Transforming class Lnet/minecraft/world/entity/vehicle/AbstractMinecart;
[22:05:57] [main/DEBUG]: Transforming net/minecraft/world/entity/vehicle/AbstractMinecart METHOD m_213728_()Lnet/minecraft/world/item/Item; to access PROTECTED and LEAVE
[22:05:57] [main/DEBUG]: Skipping Lnet/minecraft/world/entity/vehicle/AbstractMinecart$Type;
[22:05:57] [main/DEBUG]: Skipping Lnet/minecraft/world/entity/vehicle/AbstractMinecart$1;
[22:05:57] [main/DEBUG]: Skipping Lnet/minecraft/world/entity/schedule/package-info;
[22:05:57] [main/DEBUG]: Skipping Lnet/minecraft/world/entity/schedule/Timeline;
[22:05:57] [main/DEBUG]: Skipping Lnet/minecraft/world/entity/schedule/ScheduleBuilder;
[22:05:57] [main/DEBUG]: Skipping Lnet/minecraft/world/entity/schedule/ScheduleBuilder$ActivityTransition;
[22:05:57] [main/DEBUG]: Skipping Lnet/minecraft/world/entity/schedule/Schedule;
[22:05:57] [main/DEBUG]: Skipping Lnet/minecraft/world/entity/schedule/Keyframe;
[22:05:57] [main/DEBUG]: Transforming class Lnet/minecraft/world/entity/schedule/Activity;
[22:05:57] [main/DEBUG]: Transforming net/minecraft/world/entity/schedule/Activity METHOD <init>(Ljava/lang/String;)V to access PUBLIC and LEAVE
[22:05:57] [main/DEBUG]: Skipping Lnet/minecraft/world/entity/raid/package-info;
[22:05:57] [main/DEBUG]: Skipping Lnet/minecraft/world/entity/raid/Raids;
[22:05:57] [main/DEBUG]: Skipping Lnet/minecraft/world/entity/raid/Raider;
[22:05:57] [main/DEBUG]: Skipping Lnet/minecraft/world/entity/raid/Raider$RaiderMoveThroughVillageGoal;
[22:05:57] [main/DEBUG]: Skipping Lnet/minecraft/world/entity/raid/Raider$RaiderCelebration;
[22:05:57] [main/DEBUG]: Skipping Lnet/minecraft/world/entity/raid/Raider$ObtainRaidLeaderBannerGoal;
[22:05:57] [main/DEBUG]: Skipping Lnet/minecraft/world/entity/raid/Raider$HoldGroundAttackGoal;
[22:05:57] [main/DEBUG]: Skipping Lnet/minecraft/world/entity/raid/Raid;
[22:05:57] [main/DEBUG]: Transforming class Lnet/minecraft/world/entity/raid/Raid$RaiderType;
[22:05:57] [main/DEBUG]: Transforming net/minecraft/world/entity/raid/Raid$RaiderType FIELD f_37813_ to access PRIVATE and REMOVEFINAL
[22:05:57] [main/DEBUG]: Skipping Lnet/minecraft/world/entity/raid/Raid$RaidStatus;
[22:05:57] [main/DEBUG]: Skipping Lnet/minecraft/world/entity/raid/Raid$1;
[22:05:57] [main/DEBUG]: Skipping Lnet/minecraft/world/entity/projectile/package-info;
[22:05:57] [main/DEBUG]: Skipping Lnet/minecraft/world/entity/projectile/ThrownTrident;
[22:05:57] [main/DEBUG]: Skipping Lnet/minecraft/world/entity/projectile/ThrownPotion;
[22:05:57] [main/DEBUG]: Skipping Lnet/minecraft/world/entity/projectile/ThrownExperienceBottle;
[22:05:57] [main/DEBUG]: Skipping Lnet/minecraft/world/entity/projectile/ThrownEgg;
[22:05:57] [main/DEBUG]: Skipping Lnet/minecraft/world/entity/projectile/ThrowableItemProjectile;
[22:05:57] [main/DEBUG]: Skipping Lnet/minecraft/world/entity/projectile/SpectralArrow;
[22:05:57] [main/DEBUG]: Skipping Lnet/minecraft/world/entity/projectile/Snowball;
[22:05:57] [main/DEBUG]: Skipping Lnet/minecraft/world/entity/projectile/ItemSupplier;
[22:05:57] [main/DEBUG]: Skipping Lnet/minecraft/world/entity/projectile/Fireball;
[22:05:57] [main/DEBUG]: Skipping Lnet/minecraft/world/entity/projectile/EyeOfEnder;
[22:05:57] [main/DEBUG]: Skipping Lnet/minecraft/world/entity/projectile/EvokerFangs;
[22:05:57] [main/DEBUG]: Skipping Lnet/minecraft/world/entity/projectile/DragonFireball;
[22:05:57] [main/DEBUG]: Skipping Lnet/minecraft/world/entity/projectile/Arrow;
[22:05:57] [main/DEBUG]: Skipping Lnet/minecraft/world/entity/projectile/WitherSkull;
[22:05:57] [main/DEBUG]: Skipping Lnet/minecraft/world/entity/projectile/ThrownEnderpearl;
[22:05:57] [main/DEBUG]: Skipping Lnet/minecraft/world/entity/projectile/ThrowableProjectile;
[22:05:57] [main/DEBUG]: Skipping Lnet/minecraft/world/entity/projectile/SmallFireball;
[22:05:57] [main/DEBUG]: Skipping Lnet/minecraft/world/entity/projectile/ShulkerBullet;
[22:05:57] [main/DEBUG]: Skipping Lnet/minecraft/world/entity/projectile/ProjectileUtil;
[22:05:57] [main/DEBUG]: Transforming class Lnet/minecraft/world/entity/projectile/Projectile;
[22:05:57] [main/DEBUG]: Transforming net/minecraft/world/entity/projectile/Projectile METHOD <init>(Lnet/minecraft/world/entity/EntityType;Lnet/minecraft/world/level/Level;)V to access PROTECTED and LEAVE
[22:05:57] [main/DEBUG]: Skipping Lnet/minecraft/world/entity/projectile/LlamaSpit;
[22:05:57] [main/DEBUG]: Skipping Lnet/minecraft/world/entity/projectile/LargeFireball;
[22:05:57] [main/DEBUG]: Skipping Lnet/minecraft/world/entity/projectile/FishingHook;
[22:05:57] [main/DEBUG]: Skipping Lnet/minecraft/world/entity/projectile/FishingHook$OpenWaterType;
[22:05:57] [main/DEBUG]: Skipping Lnet/minecraft/world/entity/projectile/FishingHook$FishHookState;
[22:05:57] [main/DEBUG]: Skipping Lnet/minecraft/world/entity/projectile/FishingHook$1;
[22:05:57] [main/DEBUG]: Skipping Lnet/minecraft/world/entity/projectile/FireworkRocketEntity;
[22:05:57] [main/DEBUG]: Skipping Lnet/minecraft/world/entity/projectile/AbstractHurtingProjectile;
[22:05:57] [main/DEBUG]: Skipping Lnet/minecraft/world/entity/projectile/AbstractArrow;
[22:05:57] [main/DEBUG]: Skipping Lnet/minecraft/world/entity/projectile/AbstractArrow$Pickup;
[22:05:57] [main/DEBUG]: Skipping Lnet/minecraft/world/entity/projectile/AbstractArrow$1;
[22:05:57] [main/DEBUG]: Skipping Lnet/minecraft/world/entity/player/package-info;
[22:05:57] [main/DEBUG]: Skipping Lnet/minecraft/world/entity/player/StackedContents;
[22:05:57] [main/DEBUG]: Skipping Lnet/minecraft/world/entity/player/StackedContents$RecipePicker;
[22:05:57] [main/DEBUG]: Skipping Lnet/minecraft/world/entity/player/ProfilePublicKey;
[22:05:57] [main/DEBUG]: Skipping Lnet/minecraft/world/entity/player/ProfilePublicKey$ValidationException;
[22:05:57] [main/DEBUG]: Skipping Lnet/minecraft/world/entity/player/ProfilePublicKey$Data;
[22:05:57] [main/DEBUG]: Skipping Lnet/minecraft/world/entity/player/ProfileKeyPair;
[22:05:57] [main/DEBUG]: Skipping Lnet/minecraft/world/entity/player/PlayerModelPart;
[22:05:57] [main/DEBUG]: Skipping Lnet/minecraft/world/entity/player/ChatVisiblity;
[22:05:57] [main/DEBUG]: Skipping Lnet/minecraft/world/entity/player/Abilities;
[22:05:57] [main/DEBUG]: Transforming class Lnet/minecraft/world/entity/player/Player;
[22:05:57] [main/DEBUG]: Transforming net/minecraft/world/entity/player/Player METHOD m_6915_()V to access PUBLIC and LEAVE
[22:05:57] [main/DEBUG]: Skipping Lnet/minecraft/world/entity/player/Player$BedSleepingProblem;
[22:05:57] [main/DEBUG]: Skipping Lnet/minecraft/world/entity/player/Player$1;
[22:05:57] [main/DEBUG]: Skipping Lnet/minecraft/world/entity/player/Inventory;
[22:05:57] [main/DEBUG]: Skipping Lnet/minecraft/world/entity/package-info;
[22:05:57] [main/DEBUG]: Skipping Lnet/minecraft/world/entity/npc/package-info;
[22:05:57] [main/DEBUG]: Skipping Lnet/minecraft/world/entity/npc/WanderingTraderSpawner;
[22:05:57] [main/DEBUG]: Skipping Lnet/minecraft/world/entity/npc/WanderingTrader;
[22:05:57] [main/DEBUG]: Skipping Lnet/minecraft/world/entity/npc/WanderingTrader$WanderToPositionGoal;
[22:05:57] [main/DEBUG]: Skipping Lnet/minecraft/world/entity/npc/VillagerProfession;
[22:05:57] [main/DEBUG]: Skipping Lnet/minecraft/world/entity/npc/VillagerDataHolder;
[22:05:57] [main/DEBUG]: Skipping Lnet/minecraft/world/entity/npc/VillagerData;
[22:05:57] [main/DEBUG]: Skipping Lnet/minecraft/world/entity/npc/Npc;
[22:05:57] [main/DEBUG]: Skipping Lnet/minecraft/world/entity/npc/InventoryCarrier;
[22:05:57] [main/DEBUG]: Skipping Lnet/minecraft/world/entity/npc/ClientSideMerchant;
[22:05:57] [main/DEBUG]: Transforming class Lnet/minecraft/world/entity/npc/VillagerType;
[22:05:57] [main/DEBUG]: Transforming net/minecraft/world/entity/npc/VillagerType METHOD <init>(Ljava/lang/String;)V to access PUBLIC and LEAVE
[22:05:57] [main/DEBUG]: Skipping Lnet/minecraft/world/entity/npc/VillagerTrades;
[22:05:57] [main/DEBUG]: Skipping Lnet/minecraft/world/entity/npc/VillagerTrades$TreasureMapForEmeralds;
[22:05:57] [main/DEBUG]: Skipping Lnet/minecraft/world/entity/npc/VillagerTrades$TippedArrowForItemsAndEmeralds;
[22:05:57] [main/DEBUG]: Skipping Lnet/minecraft/world/entity/npc/VillagerTrades$SuspiciousStewForEmerald;
[22:05:57] [main/DEBUG]: Skipping Lnet/minecraft/world/entity/npc/VillagerTrades$ItemsForEmeralds;
[22:05:57] [main/DEBUG]: Skipping Lnet/minecraft/world/entity/npc/VillagerTrades$ItemsAndEmeraldsToItems;
[22:05:57] [main/DEBUG]: Skipping Lnet/minecraft/world/entity/npc/VillagerTrades$ItemListing;
[22:05:57] [main/DEBUG]: Skipping Lnet/minecraft/world/entity/npc/VillagerTrades$EnchantedItemForEmeralds;
[22:05:57] [main/DEBUG]: Skipping Lnet/minecraft/world/entity/npc/VillagerTrades$EnchantBookForEmeralds;
[22:05:57] [main/DEBUG]: Skipping Lnet/minecraft/world/entity/npc/VillagerTrades$EmeraldsForVillagerTypeItem;
[22:05:57] [main/DEBUG]: Skipping Lnet/minecraft/world/entity/npc/VillagerTrades$EmeraldForItems;
[22:05:57] [main/DEBUG]: Skipping Lnet/minecraft/world/entity/npc/VillagerTrades$DyedArmorForEmeralds;
[22:05:57] [main/DEBUG]: Skipping Lnet/minecraft/world/entity/npc/Villager;
[22:05:57] [main/DEBUG]: Skipping Lnet/minecraft/world/entity/npc/CatSpawner;
[22:05:57] [main/DEBUG]: Skipping Lnet/minecraft/world/entity/npc/AbstractVillager;
[22:05:57] [main/DEBUG]: Skipping Lnet/minecraft/world/entity/monster/warden/package-info;
[22:05:57] [main/DEBUG]: Skipping Lnet/minecraft/world/entity/monster/warden/WardenSpawnTracker;
[22:05:57] [main/DEBUG]: Skipping Lnet/minecraft/world/entity/monster/warden/WardenAi;
[22:05:57] [main/DEBUG]: Skipping Lnet/minecraft/world/entity/monster/warden/Warden;
[22:05:57] [main/DEBUG]: Skipping Lnet/minecraft/world/entity/monster/warden/Warden$VibrationUser;
[22:05:57] [main/DEBUG]: Skipping Lnet/minecraft/world/entity/monster/warden/Warden$2;
[22:05:57] [main/DEBUG]: Skipping Lnet/minecraft/world/entity/monster/warden/Warden$1;
[22:05:57] [main/DEBUG]: Skipping Lnet/minecraft/world/entity/monster/warden/Warden$1$1;
[22:05:57] [main/DEBUG]: Skipping Lnet/minecraft/world/entity/monster/warden/AngerManagement;
[22:05:57] [main/DEBUG]: Skipping Lnet/minecraft/world/entity/monster/warden/AngerManagement$Sorter;
[22:05:57] [main/DEBUG]: Skipping Lnet/minecraft/world/entity/monster/warden/AngerManagement$1;
[22:05:57] [main/DEBUG]: Skipping Lnet/minecraft/world/entity/monster/warden/AngerLevel;
[22:05:57] [main/DEBUG]: Skipping Lnet/minecraft/world/entity/monster/piglin/package-info;
[22:05:57] [main/DEBUG]: Skipping Lnet/minecraft/world/entity/monster/piglin/StopAdmiringIfTiredOfTryingToReachItem;
[22:05:57] [main/DEBUG]: Skipping Lnet/minecraft/world/entity/monster/piglin/StopAdmiringIfItemTooFarAway;
[22:05:57] [main/DEBUG]: Skipping Lnet/minecraft/world/entity/monster/piglin/StartHuntingHoglin;
[22:05:57] [main/DEBUG]: Skipping Lnet/minecraft/world/entity/monster/piglin/StartAdmiringItemIfSeen;
[22:05:57] [main/DEBUG]: Skipping Lnet/minecraft/world/entity/monster/piglin/RememberIfHoglinWasKilled;
[22:05:57] [main/DEBUG]: Skipping Lnet/minecraft/world/entity/monster/piglin/PiglinBruteAi;
[22:05:57] [main/DEBUG]: Skipping Lnet/minecraft/world/entity/monster/piglin/PiglinBrute;
[22:05:57] [main/DEBUG]: Skipping Lnet/minecraft/world/entity/monster/piglin/PiglinArmPose;
[22:05:57] [main/DEBUG]: Skipping Lnet/minecraft/world/entity/monster/piglin/StopHoldingItemIfNoLongerAdmiring;
[22:05:57] [main/DEBUG]: Skipping Lnet/minecraft/world/entity/monster/piglin/PiglinAi;
[22:05:57] [main/DEBUG]: Skipping Lnet/minecraft/world/entity/monster/piglin/Piglin;
[22:05:57] [main/DEBUG]: Skipping Lnet/minecraft/world/entity/monster/piglin/AbstractPiglin;
[22:05:57] [main/DEBUG]: Skipping Lnet/minecraft/world/entity/monster/package-info;
[22:05:57] [main/DEBUG]: Skipping Lnet/minecraft/world/entity/monster/hoglin/package-info;
[22:05:57] [main/DEBUG]: Skipping Lnet/minecraft/world/entity/monster/hoglin/HoglinBase;
[22:05:57] [main/DEBUG]: Skipping Lnet/minecraft/world/entity/monster/hoglin/HoglinAi;
[22:05:57] [main/DEBUG]: Skipping Lnet/minecraft/world/entity/monster/hoglin/Hoglin;
[22:05:57] [main/DEBUG]: Skipping Lnet/minecraft/world/entity/monster/ZombifiedPiglin;
[22:05:57] [main/DEBUG]: Skipping Lnet/minecraft/world/entity/monster/Zoglin;
[22:05:57] [main/DEBUG]: Transforming class Lnet/minecraft/world/entity/monster/WitherSkeleton;
[22:05:57] [main/DEBUG]: Transforming net/minecraft/world/entity/monster/WitherSkeleton METHOD m_7878_()Lnet/minecraft/sounds/SoundEvent; to access PROTECTED and LEAVE
[22:05:57] [main/DEBUG]: Skipping Lnet/minecraft/world/entity/monster/Witch;
[22:05:57] [main/DEBUG]: Skipping Lnet/minecraft/world/entity/monster/Vindicator;
[22:05:57] [main/DEBUG]: Skipping Lnet/minecraft/world/entity/monster/Vindicator$VindicatorMeleeAttackGoal;
[22:05:57] [main/DEBUG]: Skipping Lnet/minecraft/world/entity/monster/Vindicator$VindicatorJohnnyAttackGoal;
[22:05:57] [main/DEBUG]: Skipping Lnet/minecraft/world/entity/monster/Vindicator$VindicatorBreakDoorGoal;
[22:05:57] [main/DEBUG]: Skipping Lnet/minecraft/world/entity/monster/Vex;
[22:05:57] [main/DEBUG]: Skipping Lnet/minecraft/world/entity/monster/Vex$VexRandomMoveGoal;
[22:05:57] [main/DEBUG]: Skipping Lnet/minecraft/world/entity/monster/Vex$VexMoveControl;
[22:05:57] [main/DEBUG]: Skipping Lnet/minecraft/world/entity/monster/Vex$VexCopyOwnerTargetGoal;
[22:05:57] [main/DEBUG]: Skipping Lnet/minecraft/world/entity/monster/Vex$VexChargeAttackGoal;
[22:05:57] [main/DEBUG]: Skipping Lnet/minecraft/world/entity/monster/Strider;
[22:05:57] [main/DEBUG]: Skipping Lnet/minecraft/world/entity/monster/Strider$StriderPathNavigation;
[22:05:57] [main/DEBUG]: Skipping Lnet/minecraft/world/entity/monster/Strider$StriderGoToLavaGoal;
[22:05:57] [main/DEBUG]: Transforming class Lnet/minecraft/world/entity/monster/Stray;
[22:05:57] [main/DEBUG]: Transforming net/minecraft/world/entity/monster/Stray METHOD m_7878_()Lnet/minecraft/sounds/SoundEvent; to access PROTECTED and LEAVE
[22:05:57] [main/DEBUG]: Skipping Lnet/minecraft/world/entity/monster/SpellcasterIllager;
[22:05:57] [main/DEBUG]: Skipping Lnet/minecraft/world/entity/monster/SpellcasterIllager$SpellcasterUseSpellGoal;
[22:05:57] [main/DEBUG]: Skipping Lnet/minecraft/world/entity/monster/SpellcasterIllager$SpellcasterCastingSpellGoal;
[22:05:57] [main/DEBUG]: Skipping Lnet/minecraft/world/entity/monster/SpellcasterIllager$IllagerSpell;
[22:05:57] [main/DEBUG]: Transforming class Lnet/minecraft/world/entity/monster/Skeleton;
[22:05:57] [main/DEBUG]: Transforming net/minecraft/world/entity/monster/Skeleton METHOD m_7878_()Lnet/minecraft/sounds/SoundEvent; to access PROTECTED and LEAVE
[22:05:57] [main/DEBUG]: Skipping Lnet/minecraft/world/entity/monster/RangedAttackMob;
[22:05:57] [main/DEBUG]: Skipping Lnet/minecraft/world/entity/monster/Phantom;
[22:05:57] [main/DEBUG]: Skipping Lnet/minecraft/world/entity/monster/Phantom$PhantomSweepAttackGoal;
[22:05:57] [main/DEBUG]: Skipping Lnet/minecraft/world/entity/monster/Phantom$PhantomMoveTargetGoal;
[22:05:57] [main/DEBUG]: Skipping Lnet/minecraft/world/entity/monster/Phantom$PhantomMoveControl;
[22:05:57] [main/DEBUG]: Skipping Lnet/minecraft/world/entity/monster/Phantom$PhantomLookControl;
[22:05:57] [main/DEBUG]: Skipping Lnet/minecraft/world/entity/monster/Phantom$PhantomCircleAroundAnchorGoal;
[22:05:57] [main/DEBUG]: Skipping Lnet/minecraft/world/entity/monster/Phantom$PhantomBodyRotationControl;
[22:05:57] [main/DEBUG]: Skipping Lnet/minecraft/world/entity/monster/Phantom$PhantomAttackStrategyGoal;
[22:05:57] [main/DEBUG]: Skipping Lnet/minecraft/world/entity/monster/Phantom$PhantomAttackPlayerTargetGoal;
[22:05:57] [main/DEBUG]: Skipping Lnet/minecraft/world/entity/monster/Phantom$AttackPhase;
[22:05:57] [main/DEBUG]: Skipping Lnet/minecraft/world/entity/monster/PatrollingMonster;
[22:05:57] [main/DEBUG]: Skipping Lnet/minecraft/world/entity/monster/PatrollingMonster$LongDistancePatrolGoal;
[22:05:57] [main/DEBUG]: Skipping Lnet/minecraft/world/entity/monster/Husk;
[22:05:57] [main/DEBUG]: Skipping Lnet/minecraft/world/entity/monster/Guardian;
[22:05:57] [main/DEBUG]: Skipping Lnet/minecraft/world/entity/monster/Guardian$GuardianMoveControl;
[22:05:57] [main/DEBUG]: Skipping Lnet/minecraft/world/entity/monster/Guardian$GuardianAttackSelector;
[22:05:57] [main/DEBUG]: Skipping Lnet/minecraft/world/entity/monster/Guardian$GuardianAttackGoal;
[22:05:57] [main/DEBUG]: Skipping Lnet/minecraft/world/entity/monster/Giant;
[22:05:57] [main/DEBUG]: Skipping Lnet/minecraft/world/entity/monster/Ghast;
[22:05:57] [main/DEBUG]: Skipping Lnet/minecraft/world/entity/monster/Ghast$RandomFloatAroundGoal;
[22:05:57] [main/DEBUG]: Skipping Lnet/minecraft/world/entity/monster/Ghast$GhastShootFireballGoal;
[22:05:57] [main/DEBUG]: Skipping Lnet/minecraft/world/entity/monster/Ghast$GhastMoveControl;
[22:05:57] [main/DEBUG]: Skipping Lnet/minecraft/world/entity/monster/Ghast$GhastLookGoal;
[22:05:57] [main/DEBUG]: Skipping Lnet/minecraft/world/entity/monster/Enemy;
[22:05:57] [main/DEBUG]: Skipping Lnet/minecraft/world/entity/monster/Endermite;
[22:05:57] [main/DEBUG]: Skipping Lnet/minecraft/world/entity/monster/ElderGuardian;
[22:05:57] [main/DEBUG]: Skipping Lnet/minecraft/world/entity/monster/Drowned;
[22:05:57] [main/DEBUG]: Skipping Lnet/minecraft/world/entity/monster/Drowned$DrownedTridentAttackGoal;
[22:05:57] [main/DEBUG]: Skipping Lnet/minecraft/world/entity/monster/Drowned$DrownedSwimUpGoal;
[22:05:57] [main/DEBUG]: Skipping Lnet/minecraft/world/entity/monster/Drowned$DrownedMoveControl;
[22:05:57] [main/DEBUG]: Skipping Lnet/minecraft/world/entity/monster/Drowned$DrownedGoToWaterGoal;
[22:05:57] [main/DEBUG]: Skipping Lnet/minecraft/world/entity/monster/Drowned$DrownedGoToBeachGoal;
[22:05:57] [main/DEBUG]: Skipping Lnet/minecraft/world/entity/monster/Drowned$DrownedAttackGoal;
[22:05:57] [main/DEBUG]: Skipping Lnet/minecraft/world/entity/monster/Creeper;
[22:05:57] [main/DEBUG]: Skipping Lnet/minecraft/world/entity/monster/CaveSpider;
[22:05:57] [main/DEBUG]: Skipping Lnet/minecraft/world/entity/monster/Blaze;
[22:05:57] [main/DEBUG]: Skipping Lnet/minecraft/world/entity/monster/Blaze$BlazeAttackGoal;
[22:05:57] [main/DEBUG]: Skipping Lnet/minecraft/world/entity/monster/AbstractIllager;
[22:05:57] [main/DEBUG]: Skipping Lnet/minecraft/world/entity/monster/AbstractIllager$RaiderOpenDoorGoal;
[22:05:57] [main/DEBUG]: Skipping Lnet/minecraft/world/entity/monster/AbstractIllager$IllagerArmPose;
[22:05:57] [main/DEBUG]: Skipping Lnet/minecraft/world/entity/monster/ZombieVillager;
[22:05:57] [main/DEBUG]: Skipping Lnet/minecraft/world/entity/monster/Zombie;
[22:05:57] [main/DEBUG]: Skipping Lnet/minecraft/world/entity/monster/Zombie$ZombieGroupData;
[22:05:57] [main/DEBUG]: Skipping Lnet/minecraft/world/entity/monster/Zombie$ZombieAttackTurtleEggGoal;
[22:05:57] [main/DEBUG]: Skipping Lnet/minecraft/world/entity/monster/Spider;
[22:05:57] [main/DEBUG]: Skipping Lnet/minecraft/world/entity/monster/Spider$SpiderTargetGoal;
[22:05:57] [main/DEBUG]: Skipping Lnet/minecraft/world/entity/monster/Spider$SpiderEffectsGroupData;
[22:05:57] [main/DEBUG]: Skipping Lnet/minecraft/world/entity/monster/Spider$SpiderAttackGoal;
[22:05:57] [main/DEBUG]: Skipping Lnet/minecraft/world/entity/monster/Slime;
[22:05:57] [main/DEBUG]: Skipping Lnet/minecraft/world/entity/monster/Slime$SlimeRandomDirectionGoal;
[22:05:57] [main/DEBUG]: Skipping Lnet/minecraft/world/entity/monster/Slime$SlimeMoveControl;
[22:05:57] [main/DEBUG]: Skipping Lnet/minecraft/world/entity/monster/Slime$SlimeKeepOnJumpingGoal;
[22:05:57] [main/DEBUG]: Skipping Lnet/minecraft/world/entity/monster/Slime$SlimeFloatGoal;
[22:05:57] [main/DEBUG]: Skipping Lnet/minecraft/world/entity/monster/Slime$SlimeAttackGoal;
[22:05:57] [main/DEBUG]: Skipping Lnet/minecraft/world/entity/monster/Silverfish;
[22:05:57] [main/DEBUG]: Skipping Lnet/minecraft/world/entity/monster/Silverfish$SilverfishWakeUpFriendsGoal;
[22:05:57] [main/DEBUG]: Skipping Lnet/minecraft/world/entity/monster/Silverfish$SilverfishMergeWithStoneGoal;
[22:05:57] [main/DEBUG]: Skipping Lnet/minecraft/world/entity/monster/Shulker;
[22:05:57] [main/DEBUG]: Skipping Lnet/minecraft/world/entity/monster/Shulker$ShulkerPeekGoal;
[22:05:57] [main/DEBUG]: Skipping Lnet/minecraft/world/entity/monster/Shulker$ShulkerNearestAttackGoal;
[22:05:57] [main/DEBUG]: Skipping Lnet/minecraft/world/entity/monster/Shulker$ShulkerLookControl;
[22:05:57] [main/DEBUG]: Skipping Lnet/minecraft/world/entity/monster/Shulker$ShulkerDefenseAttackGoal;
[22:05:57] [main/DEBUG]: Skipping Lnet/minecraft/world/entity/monster/Shulker$ShulkerBodyRotationControl;
[22:05:57] [main/DEBUG]: Skipping Lnet/minecraft/world/entity/monster/Shulker$ShulkerAttackGoal;
[22:05:57] [main/DEBUG]: Skipping Lnet/minecraft/world/entity/monster/Ravager;
[22:05:57] [main/DEBUG]: Skipping Lnet/minecraft/world/entity/monster/Ravager$RavagerMeleeAttackGoal;
[22:05:57] [main/DEBUG]: Skipping Lnet/minecraft/world/entity/monster/Pillager;
[22:05:57] [main/DEBUG]: Skipping Lnet/minecraft/world/entity/monster/Monster;
[22:05:57] [main/DEBUG]: Skipping Lnet/minecraft/world/entity/monster/MagmaCube;
[22:05:57] [main/DEBUG]: Skipping Lnet/minecraft/world/entity/monster/Illusioner;
[22:05:57] [main/DEBUG]: Skipping Lnet/minecraft/world/entity/monster/Illusioner$IllusionerMirrorSpellGoal;
[22:05:57] [main/DEBUG]: Skipping Lnet/minecraft/world/entity/monster/Illusioner$IllusionerBlindnessSpellGoal;
[22:05:57] [main/DEBUG]: Skipping Lnet/minecraft/world/entity/monster/Evoker;
[22:05:57] [main/DEBUG]: Skipping Lnet/minecraft/world/entity/monster/Evoker$EvokerWololoSpellGoal;
[22:05:57] [main/DEBUG]: Skipping Lnet/minecraft/world/entity/monster/Evoker$EvokerSummonSpellGoal;
[22:05:57] [main/DEBUG]: Skipping Lnet/minecraft/world/entity/monster/Evoker$EvokerCastingSpellGoal;
[22:05:57] [main/DEBUG]: Skipping Lnet/minecraft/world/entity/monster/Evoker$EvokerAttackSpellGoal;
[22:05:57] [main/DEBUG]: Skipping Lnet/minecraft/world/entity/monster/EnderMan;
[22:05:57] [main/DEBUG]: Skipping Lnet/minecraft/world/entity/monster/EnderMan$EndermanTakeBlockGoal;
[22:05:57] [main/DEBUG]: Skipping Lnet/minecraft/world/entity/monster/EnderMan$EndermanLookForPlayerGoal;
[22:05:57] [main/DEBUG]: Skipping Lnet/minecraft/world/entity/monster/EnderMan$EndermanLeaveBlockGoal;
[22:05:57] [main/DEBUG]: Skipping Lnet/minecraft/world/entity/monster/EnderMan$EndermanFreezeWhenLookedAt;
[22:05:57] [main/DEBUG]: Skipping Lnet/minecraft/world/entity/monster/CrossbowAttackMob;
[22:05:57] [main/DEBUG]: Transforming class Lnet/minecraft/world/entity/monster/AbstractSkeleton;
[22:05:57] [main/DEBUG]: Transforming net/minecraft/world/entity/monster/AbstractSkeleton METHOD m_7878_()Lnet/minecraft/sounds/SoundEvent; to access PROTECTED and LEAVE
[22:05:57] [main/DEBUG]: Skipping Lnet/minecraft/world/entity/monster/AbstractSkeleton$1;
[22:05:57] [main/DEBUG]: Skipping Lnet/minecraft/world/entity/item/package-info;
[22:05:57] [main/DEBUG]: Transforming class Lnet/minecraft/world/entity/item/PrimedTnt;
[22:05:57] [main/DEBUG]: Transforming net/minecraft/world/entity/item/PrimedTnt METHOD m_32103_()V to access PROTECTED and LEAVE
[22:05:57] [main/DEBUG]: Skipping Lnet/minecraft/world/entity/item/ItemEntity;
[22:05:57] [main/DEBUG]: Skipping Lnet/minecraft/world/entity/item/FallingBlockEntity;
[22:05:57] [main/DEBUG]: Skipping Lnet/minecraft/world/entity/decoration/package-info;
[22:05:57] [main/DEBUG]: Skipping Lnet/minecraft/world/entity/decoration/PaintingVariants;
[22:05:57] [main/DEBUG]: Skipping Lnet/minecraft/world/entity/decoration/PaintingVariant;
[22:05:57] [main/DEBUG]: Skipping Lnet/minecraft/world/entity/decoration/Painting;
[22:05:57] [main/DEBUG]: Skipping Lnet/minecraft/world/entity/decoration/LeashFenceKnotEntity;
[22:05:57] [main/DEBUG]: Skipping Lnet/minecraft/world/entity/decoration/ItemFrame;
[22:05:57] [main/DEBUG]: Skipping Lnet/minecraft/world/entity/decoration/ItemFrame$2;
[22:05:57] [main/DEBUG]: Skipping Lnet/minecraft/world/entity/decoration/ItemFrame$1;
[22:05:57] [main/DEBUG]: Skipping Lnet/minecraft/world/entity/decoration/GlowItemFrame;
[22:05:57] [main/DEBUG]: Skipping Lnet/minecraft/world/entity/decoration/HangingEntity;
[22:05:57] [main/DEBUG]: Skipping Lnet/minecraft/world/entity/decoration/HangingEntity$1;
[22:05:57] [main/DEBUG]: Skipping Lnet/minecraft/world/entity/decoration/ArmorStand;
[22:05:57] [main/DEBUG]: Skipping Lnet/minecraft/world/entity/decoration/ArmorStand$1;
[22:05:57] [main/DEBUG]: Skipping Lnet/minecraft/world/entity/boss/wither/package-info;
[22:05:57] [main/DEBUG]: Skipping Lnet/minecraft/world/entity/boss/wither/WitherBoss;
[22:05:57] [main/DEBUG]: Skipping Lnet/minecraft/world/entity/boss/wither/WitherBoss$WitherDoNothingGoal;
[22:05:57] [main/DEBUG]: Skipping Lnet/minecraft/world/entity/boss/package-info;
[22:05:57] [main/DEBUG]: Skipping Lnet/minecraft/world/entity/boss/enderdragon/phases/package-info;
[22:05:57] [main/DEBUG]: Skipping Lnet/minecraft/world/entity/boss/enderdragon/phases/EnderDragonPhaseManager;
[22:05:57] [main/DEBUG]: Skipping Lnet/minecraft/world/entity/boss/enderdragon/phases/EnderDragonPhase;
[22:05:57] [main/DEBUG]: Skipping Lnet/minecraft/world/entity/boss/enderdragon/phases/DragonTakeoffPhase;
[22:05:57] [main/DEBUG]: Skipping Lnet/minecraft/world/entity/boss/enderdragon/phases/DragonStrafePlayerPhase;
[22:05:57] [main/DEBUG]: Skipping Lnet/minecraft/world/entity/boss/enderdragon/phases/DragonSittingScanningPhase;
[22:05:57] [main/DEBUG]: Skipping Lnet/minecraft/world/entity/boss/enderdragon/phases/DragonSittingFlamingPhase;
[22:05:57] [main/DEBUG]: Skipping Lnet/minecraft/world/entity/boss/enderdragon/phases/DragonSittingAttackingPhase;
[22:05:57] [main/DEBUG]: Skipping Lnet/minecraft/world/entity/boss/enderdragon/phases/DragonPhaseInstance;
[22:05:57] [main/DEBUG]: Skipping Lnet/minecraft/world/entity/boss/enderdragon/phases/DragonLandingPhase;
[22:05:57] [main/DEBUG]: Skipping Lnet/minecraft/world/entity/boss/enderdragon/phases/DragonLandingApproachPhase;
[22:05:57] [main/DEBUG]: Skipping Lnet/minecraft/world/entity/boss/enderdragon/phases/DragonHoverPhase;
[22:05:57] [main/DEBUG]: Skipping Lnet/minecraft/world/entity/boss/enderdragon/phases/DragonHoldingPatternPhase;
[22:05:57] [main/DEBUG]: Skipping Lnet/minecraft/world/entity/boss/enderdragon/phases/DragonDeathPhase;
[22:05:57] [main/DEBUG]: Skipping Lnet/minecraft/world/entity/boss/enderdragon/phases/DragonChargePlayerPhase;
[22:05:57] [main/DEBUG]: Skipping Lnet/minecraft/world/entity/boss/enderdragon/phases/AbstractDragonSittingPhase;
[22:05:57] [main/DEBUG]: Skipping Lnet/minecraft/world/entity/boss/enderdragon/phases/AbstractDragonPhaseInstance;
[22:05:57] [main/DEBUG]: Skipping Lnet/minecraft/world/entity/boss/enderdragon/package-info;
[22:05:57] [main/DEBUG]: Skipping Lnet/minecraft/world/entity/boss/enderdragon/EndCrystal;
[22:05:57] [main/DEBUG]: Skipping Lnet/minecraft/world/entity/boss/enderdragon/EnderDragon;
[22:05:57] [main/DEBUG]: Skipping Lnet/minecraft/world/entity/boss/EnderDragonPart;
[22:05:57] [main/DEBUG]: Skipping Lnet/minecraft/world/entity/animal/sniffer/SnifferAi;
[22:05:57] [main/DEBUG]: Skipping Lnet/minecraft/world/entity/animal/sniffer/SnifferAi$Sniffing;
[22:05:57] [main/DEBUG]: Skipping Lnet/minecraft/world/entity/animal/sniffer/SnifferAi$Searching;
[22:05:57] [main/DEBUG]: Skipping Lnet/minecraft/world/entity/animal/sniffer/SnifferAi$Scenting;
[22:05:57] [main/DEBUG]: Skipping Lnet/minecraft/world/entity/animal/sniffer/SnifferAi$FinishedDigging;
[22:05:57] [main/DEBUG]: Skipping Lnet/minecraft/world/entity/animal/sniffer/SnifferAi$FeelingHappy;
[22:05:57] [main/DEBUG]: Skipping Lnet/minecraft/world/entity/animal/sniffer/SnifferAi$Digging;
[22:05:57] [main/DEBUG]: Skipping Lnet/minecraft/world/entity/animal/sniffer/SnifferAi$3;
[22:05:57] [main/DEBUG]: Skipping Lnet/minecraft/world/entity/animal/sniffer/SnifferAi$2;
[22:05:57] [main/DEBUG]: Skipping Lnet/minecraft/world/entity/animal/sniffer/SnifferAi$1;
[22:05:57] [main/DEBUG]: Skipping Lnet/minecraft/world/entity/animal/sniffer/Sniffer;
[22:05:57] [main/DEBUG]: Skipping Lnet/minecraft/world/entity/animal/sniffer/Sniffer$State;
[22:05:57] [main/DEBUG]: Skipping Lnet/minecraft/world/entity/animal/sniffer/Sniffer$1;
[22:05:57] [main/DEBUG]: Skipping Lnet/minecraft/world/entity/animal/package-info;
[22:05:57] [main/DEBUG]: Skipping Lnet/minecraft/world/entity/animal/horse/package-info;
[22:05:57] [main/DEBUG]: Skipping Lnet/minecraft/world/entity/animal/horse/ZombieHorse;
[22:05:57] [main/DEBUG]: Skipping Lnet/minecraft/world/entity/animal/horse/Variant;
[22:05:57] [main/DEBUG]: Skipping Lnet/minecraft/world/entity/animal/horse/TraderLlama;
[22:05:57] [main/DEBUG]: Skipping Lnet/minecraft/world/entity/animal/horse/TraderLlama$TraderLlamaDefendWanderingTraderGoal;
[22:05:57] [main/DEBUG]: Skipping Lnet/minecraft/world/entity/animal/horse/SkeletonHorse;
[22:05:57] [main/DEBUG]: Skipping Lnet/minecraft/world/entity/animal/horse/Mule;
[22:05:57] [main/DEBUG]: Skipping Lnet/minecraft/world/entity/animal/horse/Markings;
[22:05:57] [main/DEBUG]: Skipping Lnet/minecraft/world/entity/animal/horse/Llama;
[22:05:57] [main/DEBUG]: Skipping Lnet/minecraft/world/entity/animal/horse/Llama$Variant;
[22:05:57] [main/DEBUG]: Skipping Lnet/minecraft/world/entity/animal/horse/Llama$LlamaHurtByTargetGoal;
[22:05:57] [main/DEBUG]: Skipping Lnet/minecraft/world/entity/animal/horse/Llama$LlamaGroupData;
[22:05:57] [main/DEBUG]: Skipping Lnet/minecraft/world/entity/animal/horse/Llama$LlamaAttackWolfGoal;
[22:05:57] [main/DEBUG]: Skipping Lnet/minecraft/world/entity/animal/horse/Donkey;
[22:05:57] [main/DEBUG]: Skipping Lnet/minecraft/world/entity/animal/horse/AbstractChestedHorse;
[22:05:57] [main/DEBUG]: Skipping Lnet/minecraft/world/entity/animal/horse/AbstractChestedHorse$1;
[22:05:57] [main/DEBUG]: Skipping Lnet/minecraft/world/entity/animal/horse/SkeletonTrapGoal;
[22:05:57] [main/DEBUG]: Skipping Lnet/minecraft/world/entity/animal/horse/Horse;
[22:05:57] [main/DEBUG]: Skipping Lnet/minecraft/world/entity/animal/horse/Horse$HorseGroupData;
[22:05:57] [main/DEBUG]: Skipping Lnet/minecraft/world/entity/animal/horse/AbstractHorse;
[22:05:57] [main/DEBUG]: Skipping Lnet/minecraft/world/entity/animal/horse/AbstractHorse$1;
[22:05:57] [main/DEBUG]: Skipping Lnet/minecraft/world/entity/animal/goat/package-info;
[22:05:57] [main/DEBUG]: Skipping Lnet/minecraft/world/entity/animal/goat/GoatAi;
[22:05:57] [main/DEBUG]: Skipping Lnet/minecraft/world/entity/animal/goat/Goat;
[22:05:57] [main/DEBUG]: Skipping Lnet/minecraft/world/entity/animal/frog/package-info;
[22:05:57] [main/DEBUG]: Skipping Lnet/minecraft/world/entity/animal/frog/TadpoleAi;
[22:05:57] [main/DEBUG]: Skipping Lnet/minecraft/world/entity/animal/frog/Tadpole;
[22:05:57] [main/DEBUG]: Skipping Lnet/minecraft/world/entity/animal/frog/ShootTongue;
[22:05:57] [main/DEBUG]: Skipping Lnet/minecraft/world/entity/animal/frog/ShootTongue$State;
[22:05:57] [main/DEBUG]: Skipping Lnet/minecraft/world/entity/animal/frog/ShootTongue$1;
[22:05:57] [main/DEBUG]: Skipping Lnet/minecraft/world/entity/animal/frog/FrogAi;
[22:05:57] [main/DEBUG]: Skipping Lnet/minecraft/world/entity/animal/frog/Frog;
[22:05:57] [main/DEBUG]: Skipping Lnet/minecraft/world/entity/animal/frog/Frog$FrogPathNavigation;
[22:05:57] [main/DEBUG]: Skipping Lnet/minecraft/world/entity/animal/frog/Frog$FrogNodeEvaluator;
[22:05:57] [main/DEBUG]: Skipping Lnet/minecraft/world/entity/animal/frog/Frog$FrogLookControl;
[22:05:57] [main/DEBUG]: Skipping Lnet/minecraft/world/entity/animal/camel/package-info;
[22:05:57] [main/DEBUG]: Skipping Lnet/minecraft/world/entity/animal/camel/CamelAi;
[22:05:57] [main/DEBUG]: Skipping Lnet/minecraft/world/entity/animal/camel/CamelAi$RandomSitting;
[22:05:57] [main/DEBUG]: Skipping Lnet/minecraft/world/entity/animal/camel/CamelAi$CamelPanic;
[22:05:57] [main/DEBUG]: Skipping Lnet/minecraft/world/entity/animal/camel/Camel;
[22:05:57] [main/DEBUG]: Skipping Lnet/minecraft/world/entity/animal/camel/Camel$CamelMoveControl;
[22:05:57] [main/DEBUG]: Skipping Lnet/minecraft/world/entity/animal/camel/Camel$CamelBodyRotationControl;
[22:05:57] [main/DEBUG]: Skipping Lnet/minecraft/world/entity/animal/axolotl/package-info;
[22:05:57] [main/DEBUG]: Skipping Lnet/minecraft/world/entity/animal/axolotl/ValidatePlayDead;
[22:05:57] [main/DEBUG]: Skipping Lnet/minecraft/world/entity/animal/axolotl/PlayDead;
[22:05:57] [main/DEBUG]: Skipping Lnet/minecraft/world/entity/animal/axolotl/AxolotlAi;
[22:05:57] [main/DEBUG]: Skipping Lnet/minecraft/world/entity/animal/axolotl/Axolotl;
[22:05:57] [main/DEBUG]: Skipping Lnet/minecraft/world/entity/animal/axolotl/Axolotl$Variant;
[22:05:57] [main/DEBUG]: Skipping Lnet/minecraft/world/entity/animal/axolotl/Axolotl$AxolotlMoveControl;
[22:05:57] [main/DEBUG]: Skipping Lnet/minecraft/world/entity/animal/axolotl/Axolotl$AxolotlLookControl;
[22:05:57] [main/DEBUG]: Skipping Lnet/minecraft/world/entity/animal/axolotl/Axolotl$AxolotlGroupData;
[22:05:57] [main/DEBUG]: Skipping Lnet/minecraft/world/entity/animal/allay/package-info;
[22:05:57] [main/DEBUG]: Skipping Lnet/minecraft/world/entity/animal/allay/AllayAi;
[22:05:57] [main/DEBUG]: Skipping Lnet/minecraft/world/entity/animal/allay/Allay;
[22:05:57] [main/DEBUG]: Skipping Lnet/minecraft/world/entity/animal/allay/Allay$VibrationUser;
[22:05:57] [main/DEBUG]: Skipping Lnet/minecraft/world/entity/animal/allay/Allay$JukeboxListener;
[22:05:57] [main/DEBUG]: Skipping Lnet/minecraft/world/entity/animal/WaterAnimal;
[22:05:57] [main/DEBUG]: Skipping Lnet/minecraft/world/entity/animal/Turtle;
[22:05:57] [main/DEBUG]: Skipping Lnet/minecraft/world/entity/animal/Turtle$TurtleTravelGoal;
[22:05:57] [main/DEBUG]: Skipping Lnet/minecraft/world/entity/animal/Turtle$TurtleRandomStrollGoal;
[22:05:57] [main/DEBUG]: Skipping Lnet/minecraft/world/entity/animal/Turtle$TurtlePathNavigation;
[22:05:57] [main/DEBUG]: Skipping Lnet/minecraft/world/entity/animal/Turtle$TurtlePanicGoal;
[22:05:57] [main/DEBUG]: Skipping Lnet/minecraft/world/entity/animal/Turtle$TurtleMoveControl;
[22:05:57] [main/DEBUG]: Skipping Lnet/minecraft/world/entity/animal/Turtle$TurtleLayEggGoal;
[22:05:57] [main/DEBUG]: Skipping Lnet/minecraft/world/entity/animal/Turtle$TurtleGoToWaterGoal;
[22:05:57] [main/DEBUG]: Skipping Lnet/minecraft/world/entity/animal/Turtle$TurtleGoHomeGoal;
[22:05:57] [main/DEBUG]: Skipping Lnet/minecraft/world/entity/animal/Turtle$TurtleBreedGoal;
[22:05:57] [main/DEBUG]: Skipping Lnet/minecraft/world/entity/animal/TropicalFish;
[22:05:57] [main/DEBUG]: Skipping Lnet/minecraft/world/entity/animal/TropicalFish$Variant;
[22:05:57] [main/DEBUG]: Skipping Lnet/minecraft/world/entity/animal/TropicalFish$TropicalFishGroupData;
[22:05:57] [main/DEBUG]: Skipping Lnet/minecraft/world/entity/animal/TropicalFish$Pattern;
[22:05:57] [main/DEBUG]: Skipping Lnet/minecraft/world/entity/animal/TropicalFish$Base;
[22:05:57] [main/DEBUG]: Skipping Lnet/minecraft/world/entity/animal/Squid;
[22:05:57] [main/DEBUG]: Skipping Lnet/minecraft/world/entity/animal/Squid$SquidRandomMovementGoal;
[22:05:57] [main/DEBUG]: Skipping Lnet/minecraft/world/entity/animal/Squid$SquidFleeGoal;
[22:05:57] [main/DEBUG]: Skipping Lnet/minecraft/world/entity/animal/ShoulderRidingEntity;
[22:05:57] [main/DEBUG]: Skipping Lnet/minecraft/world/entity/animal/Salmon;
[22:05:57] [main/DEBUG]: Skipping Lnet/minecraft/world/entity/animal/Pufferfish;
[22:05:57] [main/DEBUG]: Skipping Lnet/minecraft/world/entity/animal/Pufferfish$PufferfishPuffGoal;
[22:05:57] [main/DEBUG]: Skipping Lnet/minecraft/world/entity/animal/PolarBear;
[22:05:57] [main/DEBUG]: Skipping Lnet/minecraft/world/entity/animal/PolarBear$PolarBearPanicGoal;
[22:05:57] [main/DEBUG]: Skipping Lnet/minecraft/world/entity/animal/PolarBear$PolarBearMeleeAttackGoal;
[22:05:57] [main/DEBUG]: Skipping Lnet/minecraft/world/entity/animal/PolarBear$PolarBearHurtByTargetGoal;
[22:05:57] [main/DEBUG]: Skipping Lnet/minecraft/world/entity/animal/PolarBear$PolarBearAttackPlayersGoal;
[22:05:57] [main/DEBUG]: Skipping Lnet/minecraft/world/entity/animal/Panda;
[22:05:57] [main/DEBUG]: Skipping Lnet/minecraft/world/entity/animal/Panda$PandaSneezeGoal;
[22:05:57] [main/DEBUG]: Skipping Lnet/minecraft/world/entity/animal/Panda$PandaSitGoal;
[22:05:57] [main/DEBUG]: Skipping Lnet/minecraft/world/entity/animal/Panda$PandaRollGoal;
[22:05:57] [main/DEBUG]: Skipping Lnet/minecraft/world/entity/animal/Panda$PandaPanicGoal;
[22:05:57] [main/DEBUG]: Skipping Lnet/minecraft/world/entity/animal/Panda$PandaMoveControl;
[22:05:57] [main/DEBUG]: Skipping Lnet/minecraft/world/entity/animal/Panda$PandaLookAtPlayerGoal;
[22:05:57] [main/DEBUG]: Skipping Lnet/minecraft/world/entity/animal/Panda$PandaLieOnBackGoal;
[22:05:57] [main/DEBUG]: Skipping Lnet/minecraft/world/entity/animal/Panda$PandaHurtByTargetGoal;
[22:05:57] [main/DEBUG]: Skipping Lnet/minecraft/world/entity/animal/Panda$PandaBreedGoal;
[22:05:57] [main/DEBUG]: Skipping Lnet/minecraft/world/entity/animal/Panda$PandaAvoidGoal;
[22:05:57] [main/DEBUG]: Skipping Lnet/minecraft/world/entity/animal/Panda$PandaAttackGoal;
[22:05:57] [main/DEBUG]: Skipping Lnet/minecraft/world/entity/animal/Panda$Gene;
[22:05:57] [main/DEBUG]: Skipping Lnet/minecraft/world/entity/animal/IronGolem;
[22:05:57] [main/DEBUG]: Skipping Lnet/minecraft/world/entity/animal/IronGolem$Crackiness;
[22:05:57] [main/DEBUG]: Skipping Lnet/minecraft/world/entity/animal/FrogVariant;
[22:05:57] [main/DEBUG]: Skipping Lnet/minecraft/world/entity/animal/FlyingAnimal;
[22:05:57] [main/DEBUG]: Skipping Lnet/minecraft/world/entity/animal/Dolphin;
[22:05:57] [main/DEBUG]: Skipping Lnet/minecraft/world/entity/animal/Dolphin$PlayWithItemsGoal;
[22:05:57] [main/DEBUG]: Skipping Lnet/minecraft/world/entity/animal/Dolphin$DolphinSwimWithPlayerGoal;
[22:05:57] [main/DEBUG]: Skipping Lnet/minecraft/world/entity/animal/Dolphin$DolphinSwimToTreasureGoal;
[22:05:57] [main/DEBUG]: Skipping Lnet/minecraft/world/entity/animal/Cow;
[22:05:57] [main/DEBUG]: Skipping Lnet/minecraft/world/entity/animal/Cod;
[22:05:57] [main/DEBUG]: Skipping Lnet/minecraft/world/entity/animal/Chicken;
[22:05:57] [main/DEBUG]: Skipping Lnet/minecraft/world/entity/animal/CatVariant;
[22:05:57] [main/DEBUG]: Skipping Lnet/minecraft/world/entity/animal/Bucketable;
[22:05:57] [main/DEBUG]: Skipping Lnet/minecraft/world/entity/animal/AbstractSchoolingFish;
[22:05:57] [main/DEBUG]: Skipping Lnet/minecraft/world/entity/animal/AbstractSchoolingFish$SchoolSpawnGroupData;
[22:05:57] [main/DEBUG]: Skipping Lnet/minecraft/world/entity/animal/AbstractGolem;
[22:05:57] [main/DEBUG]: Skipping Lnet/minecraft/world/entity/animal/AbstractFish;
[22:05:57] [main/DEBUG]: Skipping Lnet/minecraft/world/entity/animal/AbstractFish$FishSwimGoal;
[22:05:57] [main/DEBUG]: Skipping Lnet/minecraft/world/entity/animal/AbstractFish$FishMoveControl;
[22:05:57] [main/DEBUG]: Skipping Lnet/minecraft/world/entity/animal/Wolf;
[22:05:57] [main/DEBUG]: Skipping Lnet/minecraft/world/entity/animal/Wolf$WolfPanicGoal;
[22:05:57] [main/DEBUG]: Skipping Lnet/minecraft/world/entity/animal/Wolf$WolfAvoidEntityGoal;
[22:05:57] [main/DEBUG]: Skipping Lnet/minecraft/world/entity/animal/SnowGolem;
[22:05:57] [main/DEBUG]: Skipping Lnet/minecraft/world/entity/animal/Sheep;
[22:05:57] [main/DEBUG]: Skipping Lnet/minecraft/world/entity/animal/Sheep$2;
[22:05:57] [main/DEBUG]: Skipping Lnet/minecraft/world/entity/animal/Sheep$1;
[22:05:57] [main/DEBUG]: Skipping Lnet/minecraft/world/entity/animal/Rabbit;
[22:05:57] [main/DEBUG]: Skipping Lnet/minecraft/world/entity/animal/Rabbit$Variant;
[22:05:57] [main/DEBUG]: Skipping Lnet/minecraft/world/entity/animal/Rabbit$RaidGardenGoal;
[22:05:57] [main/DEBUG]: Skipping Lnet/minecraft/world/entity/animal/Rabbit$RabbitPanicGoal;
[22:05:57] [main/DEBUG]: Skipping Lnet/minecraft/world/entity/animal/Rabbit$RabbitMoveControl;
[22:05:57] [main/DEBUG]: Skipping Lnet/minecraft/world/entity/animal/Rabbit$RabbitJumpControl;
[22:05:57] [main/DEBUG]: Skipping Lnet/minecraft/world/entity/animal/Rabbit$RabbitGroupData;
[22:05:57] [main/DEBUG]: Skipping Lnet/minecraft/world/entity/animal/Rabbit$RabbitAvoidEntityGoal;
[22:05:57] [main/DEBUG]: Skipping Lnet/minecraft/world/entity/animal/Rabbit$EvilRabbitAttackGoal;
[22:05:57] [main/DEBUG]: Skipping Lnet/minecraft/world/entity/animal/Pig;
[22:05:57] [main/DEBUG]: Skipping Lnet/minecraft/world/entity/animal/Parrot;
[22:05:57] [main/DEBUG]: Skipping Lnet/minecraft/world/entity/animal/Parrot$Variant;
[22:05:57] [main/DEBUG]: Skipping Lnet/minecraft/world/entity/animal/Parrot$ParrotWanderGoal;
[22:05:57] [main/DEBUG]: Skipping Lnet/minecraft/world/entity/animal/Parrot$1;
[22:05:57] [main/DEBUG]: Skipping Lnet/minecraft/world/entity/animal/Ocelot;
[22:05:57] [main/DEBUG]: Skipping Lnet/minecraft/world/entity/animal/Ocelot$OcelotTemptGoal;
[22:05:57] [main/DEBUG]: Skipping Lnet/minecraft/world/entity/animal/Ocelot$OcelotAvoidEntityGoal;
[22:05:57] [main/DEBUG]: Skipping Lnet/minecraft/world/entity/animal/MushroomCow;
[22:05:57] [main/DEBUG]: Skipping Lnet/minecraft/world/entity/animal/MushroomCow$MushroomType;
[22:05:57] [main/DEBUG]: Skipping Lnet/minecraft/world/entity/animal/Fox;
[22:05:57] [main/DEBUG]: Skipping Lnet/minecraft/world/entity/animal/Fox$Type;
[22:05:57] [main/DEBUG]: Skipping Lnet/minecraft/world/entity/animal/Fox$StalkPreyGoal;
[22:05:57] [main/DEBUG]: Skipping Lnet/minecraft/world/entity/animal/Fox$SleepGoal;
[22:05:57] [main/DEBUG]: Skipping Lnet/minecraft/world/entity/animal/Fox$SeekShelterGoal;
[22:05:57] [main/DEBUG]: Skipping Lnet/minecraft/world/entity/animal/Fox$PerchAndSearchGoal;
[22:05:57] [main/DEBUG]: Skipping Lnet/minecraft/world/entity/animal/Fox$FoxStrollThroughVillageGoal;
[22:05:57] [main/DEBUG]: Skipping Lnet/minecraft/world/entity/animal/Fox$FoxSearchForItemsGoal;
[22:05:57] [main/DEBUG]: Skipping Lnet/minecraft/world/entity/animal/Fox$FoxPounceGoal;
[22:05:57] [main/DEBUG]: Skipping Lnet/minecraft/world/entity/animal/Fox$FoxPanicGoal;
[22:05:57] [main/DEBUG]: Skipping Lnet/minecraft/world/entity/animal/Fox$FoxMoveControl;
[22:05:57] [main/DEBUG]: Skipping Lnet/minecraft/world/entity/animal/Fox$FoxMeleeAttackGoal;
[22:05:57] [main/DEBUG]: Skipping Lnet/minecraft/world/entity/animal/Fox$FoxLookControl;
[22:05:57] [main/DEBUG]: Skipping Lnet/minecraft/world/entity/animal/Fox$FoxLookAtPlayerGoal;
[22:05:57] [main/DEBUG]: Skipping Lnet/minecraft/world/entity/animal/Fox$FoxGroupData;
[22:05:57] [main/DEBUG]: Skipping Lnet/minecraft/world/entity/animal/Fox$FoxFollowParentGoal;
[22:05:57] [main/DEBUG]: Skipping Lnet/minecraft/world/entity/animal/Fox$FoxFloatGoal;
[22:05:57] [main/DEBUG]: Skipping Lnet/minecraft/world/entity/animal/Fox$FoxEatBerriesGoal;
[22:05:57] [main/DEBUG]: Skipping Lnet/minecraft/world/entity/animal/Fox$FoxBreedGoal;
[22:05:57] [main/DEBUG]: Skipping Lnet/minecraft/world/entity/animal/Fox$FoxBehaviorGoal;
[22:05:57] [main/DEBUG]: Skipping Lnet/minecraft/world/entity/animal/Fox$FoxAlertableEntitiesSelector;
[22:05:57] [main/DEBUG]: Skipping Lnet/minecraft/world/entity/animal/Fox$FaceplantGoal;
[22:05:57] [main/DEBUG]: Skipping Lnet/minecraft/world/entity/animal/Fox$DefendTrustedTargetGoal;
[22:05:57] [main/DEBUG]: Skipping Lnet/minecraft/world/entity/animal/Cat;
[22:05:57] [main/DEBUG]: Skipping Lnet/minecraft/world/entity/animal/Cat$CatTemptGoal;
[22:05:57] [main/DEBUG]: Skipping Lnet/minecraft/world/entity/animal/Cat$CatRelaxOnOwnerGoal;
[22:05:57] [main/DEBUG]: Skipping Lnet/minecraft/world/entity/animal/Cat$CatAvoidEntityGoal;
[22:05:57] [main/DEBUG]: Skipping Lnet/minecraft/world/entity/animal/Bee;
[22:05:57] [main/DEBUG]: Skipping Lnet/minecraft/world/entity/animal/Bee$BeeWanderGoal;
[22:05:57] [main/DEBUG]: Skipping Lnet/minecraft/world/entity/animal/Bee$BeePollinateGoal;
[22:05:57] [main/DEBUG]: Skipping Lnet/minecraft/world/entity/animal/Bee$BeeLookControl;
[22:05:57] [main/DEBUG]: Skipping Lnet/minecraft/world/entity/animal/Bee$BeeLocateHiveGoal;
[22:05:57] [main/DEBUG]: Skipping Lnet/minecraft/world/entity/animal/Bee$BeeHurtByOtherGoal;
[22:05:57] [main/DEBUG]: Skipping Lnet/minecraft/world/entity/animal/Bee$BeeGrowCropGoal;
[22:05:57] [main/DEBUG]: Skipping Lnet/minecraft/world/entity/animal/Bee$BeeGoToKnownFlowerGoal;
[22:05:57] [main/DEBUG]: Skipping Lnet/minecraft/world/entity/animal/Bee$BeeGoToHiveGoal;
[22:05:57] [main/DEBUG]: Skipping Lnet/minecraft/world/entity/animal/Bee$BeeEnterHiveGoal;
[22:05:57] [main/DEBUG]: Skipping Lnet/minecraft/world/entity/animal/Bee$BeeBecomeAngryTargetGoal;
[22:05:57] [main/DEBUG]: Skipping Lnet/minecraft/world/entity/animal/Bee$BeeAttackGoal;
[22:05:57] [main/DEBUG]: Skipping Lnet/minecraft/world/entity/animal/Bee$BaseBeeGoal;
[22:05:57] [main/DEBUG]: Skipping Lnet/minecraft/world/entity/animal/Bee$1;
[22:05:57] [main/DEBUG]: Skipping Lnet/minecraft/world/entity/animal/Animal;
[22:05:57] [main/DEBUG]: Skipping Lnet/minecraft/world/entity/ambient/package-info;
[22:05:57] [main/DEBUG]: Skipping Lnet/minecraft/world/entity/ambient/Bat;
[22:05:57] [main/DEBUG]: Skipping Lnet/minecraft/world/entity/ambient/AmbientCreature;
[22:05:57] [main/DEBUG]: Skipping Lnet/minecraft/world/entity/ai/village/poi/package-info;
[22:05:57] [main/DEBUG]: Skipping Lnet/minecraft/world/entity/ai/village/poi/PoiType;
[22:05:57] [main/DEBUG]: Skipping Lnet/minecraft/world/entity/ai/village/poi/PoiSection;
[22:05:57] [main/DEBUG]: Skipping Lnet/minecraft/world/entity/ai/village/poi/PoiRecord;
[22:05:57] [main/DEBUG]: Skipping Lnet/minecraft/world/entity/ai/village/poi/PoiManager;
[22:05:57] [main/DEBUG]: Skipping Lnet/minecraft/world/entity/ai/village/poi/PoiManager$Occupancy;
[22:05:57] [main/DEBUG]: Skipping Lnet/minecraft/world/entity/ai/village/poi/PoiManager$DistanceTracker;
[22:05:57] [main/DEBUG]: Skipping Lnet/minecraft/world/entity/ai/village/poi/PoiTypes;
[22:05:57] [main/DEBUG]: Skipping Lnet/minecraft/world/entity/ai/village/package-info;
[22:05:57] [main/DEBUG]: Skipping Lnet/minecraft/world/entity/ai/village/ReputationEventType;
[22:05:57] [main/DEBUG]: Skipping Lnet/minecraft/world/entity/ai/village/ReputationEventType$1;
[22:05:57] [main/DEBUG]: Skipping Lnet/minecraft/world/entity/ai/village/VillageSiege;
[22:05:57] [main/DEBUG]: Skipping Lnet/minecraft/world/entity/ai/village/VillageSiege$State;
[22:05:57] [main/DEBUG]: Skipping Lnet/minecraft/world/entity/ai/util/package-info;
[22:05:57] [main/DEBUG]: Skipping Lnet/minecraft/world/entity/ai/util/RandomPos;
[22:05:57] [main/DEBUG]: Skipping Lnet/minecraft/world/entity/ai/util/LandRandomPos;
[22:05:57] [main/DEBUG]: Skipping Lnet/minecraft/world/entity/ai/util/HoverRandomPos;
[22:05:57] [main/DEBUG]: Skipping Lnet/minecraft/world/entity/ai/util/GoalUtils;
[22:05:57] [main/DEBUG]: Skipping Lnet/minecraft/world/entity/ai/util/DefaultRandomPos;
[22:05:57] [main/DEBUG]: Skipping Lnet/minecraft/world/entity/ai/util/AirRandomPos;
[22:05:57] [main/DEBUG]: Skipping Lnet/minecraft/world/entity/ai/util/AirAndWaterRandomPos;
[22:05:57] [main/DEBUG]: Skipping Lnet/minecraft/world/entity/ai/targeting/package-info;
[22:05:57] [main/DEBUG]: Skipping Lnet/minecraft/world/entity/ai/targeting/TargetingConditions;
[22:05:57] [main/DEBUG]: Skipping Lnet/minecraft/world/entity/ai/sensing/package-info;
[22:05:57] [main/DEBUG]: Skipping Lnet/minecraft/world/entity/ai/sensing/WardenEntitySensor;
[22:05:57] [main/DEBUG]: Skipping Lnet/minecraft/world/entity/ai/sensing/VillagerHostilesSensor;
[22:05:57] [main/DEBUG]: Skipping Lnet/minecraft/world/entity/ai/sensing/VillagerBabiesSensor;
[22:05:57] [main/DEBUG]: Skipping Lnet/minecraft/world/entity/ai/sensing/TemptingSensor;
[22:05:57] [main/DEBUG]: Transforming class Lnet/minecraft/world/entity/ai/sensing/SensorType;
[22:05:57] [main/DEBUG]: Transforming net/minecraft/world/entity/ai/sensing/SensorType METHOD <init>(Ljava/util/function/Supplier;)V to access PUBLIC and LEAVE
[22:05:57] [main/DEBUG]: Skipping Lnet/minecraft/world/entity/ai/sensing/Sensor;
[22:05:57] [main/DEBUG]: Skipping Lnet/minecraft/world/entity/ai/sensing/Sensing;
[22:05:57] [main/DEBUG]: Skipping Lnet/minecraft/world/entity/ai/sensing/SecondaryPoiSensor;
[22:05:57] [main/DEBUG]: Skipping Lnet/minecraft/world/entity/ai/sensing/PlayerSensor;
[22:05:57] [main/DEBUG]: Skipping Lnet/minecraft/world/entity/ai/sensing/PiglinSpecificSensor;
[22:05:57] [main/DEBUG]: Skipping Lnet/minecraft/world/entity/ai/sensing/PiglinBruteSpecificSensor;
[22:05:57] [main/DEBUG]: Skipping Lnet/minecraft/world/entity/ai/sensing/NearestVisibleLivingEntitySensor;
[22:05:57] [main/DEBUG]: Skipping Lnet/minecraft/world/entity/ai/sensing/NearestLivingEntitySensor;
[22:05:57] [main/DEBUG]: Skipping Lnet/minecraft/world/entity/ai/sensing/NearestItemSensor;
[22:05:57] [main/DEBUG]: Skipping Lnet/minecraft/world/entity/ai/sensing/NearestBedSensor;
[22:05:57] [main/DEBUG]: Skipping Lnet/minecraft/world/entity/ai/sensing/IsInWaterSensor;
[22:05:57] [main/DEBUG]: Skipping Lnet/minecraft/world/entity/ai/sensing/HurtBySensor;
[22:05:57] [main/DEBUG]: Skipping Lnet/minecraft/world/entity/ai/sensing/HoglinSpecificSensor;
[22:05:57] [main/DEBUG]: Skipping Lnet/minecraft/world/entity/ai/sensing/GolemSensor;
[22:05:57] [main/DEBUG]: Skipping Lnet/minecraft/world/entity/ai/sensing/FrogAttackablesSensor;
[22:05:57] [main/DEBUG]: Skipping Lnet/minecraft/world/entity/ai/sensing/DummySensor;
[22:05:57] [main/DEBUG]: Skipping Lnet/minecraft/world/entity/ai/sensing/AxolotlAttackablesSensor;
[22:05:57] [main/DEBUG]: Skipping Lnet/minecraft/world/entity/ai/sensing/AdultSensor;
[22:05:57] [main/DEBUG]: Skipping Lnet/minecraft/world/entity/ai/package-info;
[22:05:57] [main/DEBUG]: Skipping Lnet/minecraft/world/entity/ai/navigation/package-info;
[22:05:57] [main/DEBUG]: Skipping Lnet/minecraft/world/entity/ai/navigation/WaterBoundPathNavigation;
[22:05:57] [main/DEBUG]: Skipping Lnet/minecraft/world/entity/ai/navigation/GroundPathNavigation;
[22:05:57] [main/DEBUG]: Skipping Lnet/minecraft/world/entity/ai/navigation/FlyingPathNavigation;
[22:05:57] [main/DEBUG]: Skipping Lnet/minecraft/world/entity/ai/navigation/AmphibiousPathNavigation;
[22:05:57] [main/DEBUG]: Skipping Lnet/minecraft/world/entity/ai/navigation/WallClimberNavigation;
[22:05:57] [main/DEBUG]: Skipping Lnet/minecraft/world/entity/ai/navigation/PathNavigation;
[22:05:57] [main/DEBUG]: Skipping Lnet/minecraft/world/entity/ai/memory/package-info;
[22:05:57] [main/DEBUG]: Skipping Lnet/minecraft/world/entity/ai/memory/WalkTarget;
[22:05:57] [main/DEBUG]: Skipping Lnet/minecraft/world/entity/ai/memory/NearestVisibleLivingEntities;
[22:05:57] [main/DEBUG]: Skipping Lnet/minecraft/world/entity/ai/memory/MemoryStatus;
[22:05:57] [main/DEBUG]: Transforming class Lnet/minecraft/world/entity/ai/memory/MemoryModuleType;
[22:05:57] [main/DEBUG]: Transforming net/minecraft/world/entity/ai/memory/MemoryModuleType METHOD <init>(Ljava/util/Optional;)V to access PUBLIC and LEAVE
[22:05:57] [main/DEBUG]: Skipping Lnet/minecraft/world/entity/ai/memory/ExpirableValue;
[22:05:57] [main/DEBUG]: Skipping Lnet/minecraft/world/entity/ai/gossip/package-info;
[22:05:57] [main/DEBUG]: Skipping Lnet/minecraft/world/entity/ai/gossip/GossipType;
[22:05:57] [main/DEBUG]: Skipping Lnet/minecraft/world/entity/ai/gossip/GossipContainer;
[22:05:57] [main/DEBUG]: Skipping Lnet/minecraft/world/entity/ai/gossip/GossipContainer$GossipEntry;
[22:05:57] [main/DEBUG]: Skipping Lnet/minecraft/world/entity/ai/gossip/GossipContainer$EntityGossips;
[22:05:57] [main/DEBUG]: Skipping Lnet/minecraft/world/entity/ai/goal/target/package-info;
[22:05:57] [main/DEBUG]: Skipping Lnet/minecraft/world/entity/ai/goal/target/TargetGoal;
[22:05:57] [main/DEBUG]: Skipping Lnet/minecraft/world/entity/ai/goal/target/ResetUniversalAngerTargetGoal;
[22:05:57] [main/DEBUG]: Skipping Lnet/minecraft/world/entity/ai/goal/target/OwnerHurtTargetGoal;
[22:05:57] [main/DEBUG]: Skipping Lnet/minecraft/world/entity/ai/goal/target/OwnerHurtByTargetGoal;
[22:05:57] [main/DEBUG]: Skipping Lnet/minecraft/world/entity/ai/goal/target/NonTameRandomTargetGoal;
[22:05:57] [main/DEBUG]: Skipping Lnet/minecraft/world/entity/ai/goal/target/NearestHealableRaiderTargetGoal;
[22:05:57] [main/DEBUG]: Skipping Lnet/minecraft/world/entity/ai/goal/target/NearestAttackableWitchTargetGoal;
[22:05:57] [main/DEBUG]: Skipping Lnet/minecraft/world/entity/ai/goal/target/NearestAttackableTargetGoal;
[22:05:57] [main/DEBUG]: Skipping Lnet/minecraft/world/entity/ai/goal/target/HurtByTargetGoal;
[22:05:57] [main/DEBUG]: Skipping Lnet/minecraft/world/entity/ai/goal/target/DefendVillageTargetGoal;
[22:05:57] [main/DEBUG]: Skipping Lnet/minecraft/world/entity/ai/goal/package-info;
[22:05:57] [main/DEBUG]: Skipping Lnet/minecraft/world/entity/ai/goal/ZombieAttackGoal;
[22:05:57] [main/DEBUG]: Skipping Lnet/minecraft/world/entity/ai/goal/WrappedGoal;
[22:05:57] [main/DEBUG]: Skipping Lnet/minecraft/world/entity/ai/goal/WaterAvoidingRandomStrollGoal;
[22:05:57] [main/DEBUG]: Skipping Lnet/minecraft/world/entity/ai/goal/WaterAvoidingRandomFlyingGoal;
[22:05:57] [main/DEBUG]: Skipping Lnet/minecraft/world/entity/ai/goal/UseItemGoal;
[22:05:57] [main/DEBUG]: Skipping Lnet/minecraft/world/entity/ai/goal/TryFindWaterGoal;
[22:05:57] [main/DEBUG]: Skipping Lnet/minecraft/world/entity/ai/goal/TradeWithPlayerGoal;
[22:05:57] [main/DEBUG]: Skipping Lnet/minecraft/world/entity/ai/goal/TemptGoal;
[22:05:57] [main/DEBUG]: Skipping Lnet/minecraft/world/entity/ai/goal/SwellGoal;
[22:05:57] [main/DEBUG]: Skipping Lnet/minecraft/world/entity/ai/goal/StrollThroughVillageGoal;
[22:05:57] [main/DEBUG]: Skipping Lnet/minecraft/world/entity/ai/goal/SitWhenOrderedToGoal;
[22:05:57] [main/DEBUG]: Skipping Lnet/minecraft/world/entity/ai/goal/RestrictSunGoal;
[22:05:57] [main/DEBUG]: Skipping Lnet/minecraft/world/entity/ai/goal/RangedAttackGoal;
[22:05:57] [main/DEBUG]: Skipping Lnet/minecraft/world/entity/ai/goal/RandomSwimmingGoal;
[22:05:57] [main/DEBUG]: Skipping Lnet/minecraft/world/entity/ai/goal/RandomStrollGoal;
[22:05:57] [main/DEBUG]: Skipping Lnet/minecraft/world/entity/ai/goal/RandomStandGoal;
[22:05:57] [main/DEBUG]: Skipping Lnet/minecraft/world/entity/ai/goal/RandomLookAroundGoal;
[22:05:57] [main/DEBUG]: Skipping Lnet/minecraft/world/entity/ai/goal/PathfindToRaidGoal;
[22:05:57] [main/DEBUG]: Skipping Lnet/minecraft/world/entity/ai/goal/PanicGoal;
[22:05:57] [main/DEBUG]: Skipping Lnet/minecraft/world/entity/ai/goal/OpenDoorGoal;
[22:05:57] [main/DEBUG]: Skipping Lnet/minecraft/world/entity/ai/goal/OfferFlowerGoal;
[22:05:57] [main/DEBUG]: Skipping Lnet/minecraft/world/entity/ai/goal/OcelotAttackGoal;
[22:05:57] [main/DEBUG]: Skipping Lnet/minecraft/world/entity/ai/goal/MoveTowardsTargetGoal;
[22:05:57] [main/DEBUG]: Skipping Lnet/minecraft/world/entity/ai/goal/MoveTowardsRestrictionGoal;
[22:05:57] [main/DEBUG]: Skipping Lnet/minecraft/world/entity/ai/goal/MoveToBlockGoal;
[22:05:57] [main/DEBUG]: Skipping Lnet/minecraft/world/entity/ai/goal/MoveThroughVillageGoal;
[22:05:57] [main/DEBUG]: Skipping Lnet/minecraft/world/entity/ai/goal/MoveBackToVillageGoal;
[22:05:57] [main/DEBUG]: Skipping Lnet/minecraft/world/entity/ai/goal/LookAtTradingPlayerGoal;
[22:05:57] [main/DEBUG]: Skipping Lnet/minecraft/world/entity/ai/goal/LookAtPlayerGoal;
[22:05:57] [main/DEBUG]: Skipping Lnet/minecraft/world/entity/ai/goal/LlamaFollowCaravanGoal;
[22:05:57] [main/DEBUG]: Skipping Lnet/minecraft/world/entity/ai/goal/LeapAtTargetGoal;
[22:05:57] [main/DEBUG]: Skipping Lnet/minecraft/world/entity/ai/goal/LandOnOwnersShoulderGoal;
[22:05:57] [main/DEBUG]: Skipping Lnet/minecraft/world/entity/ai/goal/JumpGoal;
[22:05:57] [main/DEBUG]: Skipping Lnet/minecraft/world/entity/ai/goal/InteractGoal;
[22:05:57] [main/DEBUG]: Skipping Lnet/minecraft/world/entity/ai/goal/GolemRandomStrollInVillageGoal;
[22:05:57] [main/DEBUG]: Skipping Lnet/minecraft/world/entity/ai/goal/GoalSelector;
[22:05:57] [main/DEBUG]: Skipping Lnet/minecraft/world/entity/ai/goal/GoalSelector$2;
[22:05:57] [main/DEBUG]: Skipping Lnet/minecraft/world/entity/ai/goal/GoalSelector$1;
[22:05:57] [main/DEBUG]: Skipping Lnet/minecraft/world/entity/ai/goal/Goal;
[22:05:57] [main/DEBUG]: Skipping Lnet/minecraft/world/entity/ai/goal/Goal$Flag;
[22:05:57] [main/DEBUG]: Skipping Lnet/minecraft/world/entity/ai/goal/FollowParentGoal;
[22:05:57] [main/DEBUG]: Skipping Lnet/minecraft/world/entity/ai/goal/FollowOwnerGoal;
[22:05:57] [main/DEBUG]: Skipping Lnet/minecraft/world/entity/ai/goal/FollowMobGoal;
[22:05:57] [main/DEBUG]: Skipping Lnet/minecraft/world/entity/ai/goal/FollowFlockLeaderGoal;
[22:05:57] [main/DEBUG]: Skipping Lnet/minecraft/world/entity/ai/goal/FollowBoatGoal;
[22:05:57] [main/DEBUG]: Skipping Lnet/minecraft/world/entity/ai/goal/FleeSunGoal;
[22:05:57] [main/DEBUG]: Skipping Lnet/minecraft/world/entity/ai/goal/DoorInteractGoal;
[22:05:57] [main/DEBUG]: Skipping Lnet/minecraft/world/entity/ai/goal/DolphinJumpGoal;
[22:05:57] [main/DEBUG]: Skipping Lnet/minecraft/world/entity/ai/goal/ClimbOnTopOfPowderSnowGoal;
[22:05:57] [main/DEBUG]: Skipping Lnet/minecraft/world/entity/ai/goal/CatSitOnBlockGoal;
[22:05:57] [main/DEBUG]: Skipping Lnet/minecraft/world/entity/ai/goal/CatLieOnBedGoal;
[22:05:57] [main/DEBUG]: Skipping Lnet/minecraft/world/entity/ai/goal/BreedGoal;
[22:05:57] [main/DEBUG]: Skipping Lnet/minecraft/world/entity/ai/goal/BreathAirGoal;
[22:05:57] [main/DEBUG]: Skipping Lnet/minecraft/world/entity/ai/goal/BoatGoals;
[22:05:57] [main/DEBUG]: Skipping Lnet/minecraft/world/entity/ai/goal/BegGoal;
[22:05:57] [main/DEBUG]: Skipping Lnet/minecraft/world/entity/ai/goal/AvoidEntityGoal;
[22:05:57] [main/DEBUG]: Skipping Lnet/minecraft/world/entity/ai/goal/RunAroundLikeCrazyGoal;
[22:05:57] [main/DEBUG]: Skipping Lnet/minecraft/world/entity/ai/goal/RemoveBlockGoal;
[22:05:57] [main/DEBUG]: Skipping Lnet/minecraft/world/entity/ai/goal/RangedCrossbowAttackGoal;
[22:05:57] [main/DEBUG]: Skipping Lnet/minecraft/world/entity/ai/goal/RangedCrossbowAttackGoal$CrossbowState;
[22:05:57] [main/DEBUG]: Skipping Lnet/minecraft/world/entity/ai/goal/RangedBowAttackGoal;
[22:05:57] [main/DEBUG]: Skipping Lnet/minecraft/world/entity/ai/goal/MeleeAttackGoal;
[22:05:57] [main/DEBUG]: Skipping Lnet/minecraft/world/entity/ai/goal/FloatGoal;
[22:05:57] [main/DEBUG]: Skipping Lnet/minecraft/world/entity/ai/goal/EatBlockGoal;
[22:05:57] [main/DEBUG]: Skipping Lnet/minecraft/world/entity/ai/goal/BreakDoorGoal;
[22:05:57] [main/DEBUG]: Skipping Lnet/minecraft/world/entity/ai/control/package-info;
[22:05:57] [main/DEBUG]: Skipping Lnet/minecraft/world/entity/ai/control/SmoothSwimmingMoveControl;
[22:05:57] [main/DEBUG]: Skipping Lnet/minecraft/world/entity/ai/control/SmoothSwimmingLookControl;
[22:05:57] [main/DEBUG]: Skipping Lnet/minecraft/world/entity/ai/control/LookControl;
[22:05:57] [main/DEBUG]: Skipping Lnet/minecraft/world/entity/ai/control/JumpControl;
[22:05:57] [main/DEBUG]: Skipping Lnet/minecraft/world/entity/ai/control/FlyingMoveControl;
[22:05:57] [main/DEBUG]: Skipping Lnet/minecraft/world/entity/ai/control/Control;
[22:05:57] [main/DEBUG]: Skipping Lnet/minecraft/world/entity/ai/control/BodyRotationControl;
[22:05:57] [main/DEBUG]: Skipping Lnet/minecraft/world/entity/ai/control/MoveControl;
[22:05:57] [main/DEBUG]: Skipping Lnet/minecraft/world/entity/ai/control/MoveControl$Operation;
[22:05:57] [main/DEBUG]: Skipping Lnet/minecraft/world/entity/ai/behavior/warden/package-info;
[22:05:57] [main/DEBUG]: Skipping Lnet/minecraft/world/entity/ai/behavior/warden/TryToSniff;
[22:05:57] [main/DEBUG]: Skipping Lnet/minecraft/world/entity/ai/behavior/warden/SonicBoom;
[22:05:57] [main/DEBUG]: Skipping Lnet/minecraft/world/entity/ai/behavior/warden/Sniffing;
[22:05:57] [main/DEBUG]: Skipping Lnet/minecraft/world/entity/ai/behavior/warden/SetWardenLookTarget;
[22:05:57] [main/DEBUG]: Skipping Lnet/minecraft/world/entity/ai/behavior/warden/SetRoarTarget;
[22:05:57] [main/DEBUG]: Skipping Lnet/minecraft/world/entity/ai/behavior/warden/Roar;
[22:05:57] [main/DEBUG]: Skipping Lnet/minecraft/world/entity/ai/behavior/warden/ForceUnmount;
[22:05:57] [main/DEBUG]: Skipping Lnet/minecraft/world/entity/ai/behavior/warden/Emerging;
[22:05:57] [main/DEBUG]: Skipping Lnet/minecraft/world/entity/ai/behavior/warden/Digging;
[22:05:57] [main/DEBUG]: Skipping Lnet/minecraft/world/entity/ai/behavior/package-info;
[22:05:57] [main/DEBUG]: Skipping Lnet/minecraft/world/entity/ai/behavior/declarative/package-info;
[22:05:57] [main/DEBUG]: Skipping Lnet/minecraft/world/entity/ai/behavior/declarative/Trigger;
[22:05:57] [main/DEBUG]: Skipping Lnet/minecraft/world/entity/ai/behavior/declarative/MemoryCondition;
[22:05:57] [main/DEBUG]: Skipping Lnet/minecraft/world/entity/ai/behavior/declarative/MemoryCondition$Registered;
[22:05:57] [main/DEBUG]: Skipping Lnet/minecraft/world/entity/ai/behavior/declarative/MemoryCondition$Present;
[22:05:57] [main/DEBUG]: Skipping Lnet/minecraft/world/entity/ai/behavior/declarative/MemoryCondition$Absent;
[22:05:57] [main/DEBUG]: Skipping Lnet/minecraft/world/entity/ai/behavior/declarative/MemoryAccessor;
[22:05:57] [main/DEBUG]: Skipping Lnet/minecraft/world/entity/ai/behavior/declarative/BehaviorBuilder;
[22:05:57] [main/DEBUG]: Skipping Lnet/minecraft/world/entity/ai/behavior/declarative/BehaviorBuilder$TriggerWrapper;
[22:05:57] [main/DEBUG]: Skipping Lnet/minecraft/world/entity/ai/behavior/declarative/BehaviorBuilder$TriggerWrapper$1;
[22:05:57] [main/DEBUG]: Skipping Lnet/minecraft/world/entity/ai/behavior/declarative/BehaviorBuilder$TriggerWithResult;
[22:05:57] [main/DEBUG]: Skipping Lnet/minecraft/world/entity/ai/behavior/declarative/BehaviorBuilder$PureMemory;
[22:05:57] [main/DEBUG]: Skipping Lnet/minecraft/world/entity/ai/behavior/declarative/BehaviorBuilder$PureMemory$1;
[22:05:57] [main/DEBUG]: Skipping Lnet/minecraft/world/entity/ai/behavior/declarative/BehaviorBuilder$Mu;
[22:05:57] [main/DEBUG]: Skipping Lnet/minecraft/world/entity/ai/behavior/declarative/BehaviorBuilder$Instance;
[22:05:57] [main/DEBUG]: Skipping Lnet/minecraft/world/entity/ai/behavior/declarative/BehaviorBuilder$Instance$Mu;
[22:05:57] [main/DEBUG]: Skipping Lnet/minecraft/world/entity/ai/behavior/declarative/BehaviorBuilder$Instance$5;
[22:05:57] [main/DEBUG]: Skipping Lnet/minecraft/world/entity/ai/behavior/declarative/BehaviorBuilder$Instance$4;
[22:05:57] [main/DEBUG]: Skipping Lnet/minecraft/world/entity/ai/behavior/declarative/BehaviorBuilder$Instance$3;
[22:05:57] [main/DEBUG]: Skipping Lnet/minecraft/world/entity/ai/behavior/declarative/BehaviorBuilder$Instance$2;
[22:05:57] [main/DEBUG]: Skipping Lnet/minecraft/world/entity/ai/behavior/declarative/BehaviorBuilder$Instance$1;
[22:05:57] [main/DEBUG]: Skipping Lnet/minecraft/world/entity/ai/behavior/declarative/BehaviorBuilder$Constant;
[22:05:57] [main/DEBUG]: Skipping Lnet/minecraft/world/entity/ai/behavior/declarative/BehaviorBuilder$Constant$1;
[22:05:57] [main/DEBUG]: Skipping Lnet/minecraft/world/entity/ai/behavior/declarative/BehaviorBuilder$1;
[22:05:57] [main/DEBUG]: Skipping Lnet/minecraft/world/entity/ai/behavior/YieldJobSite;
[22:05:57] [main/DEBUG]: Skipping Lnet/minecraft/world/entity/ai/behavior/WorkAtPoi;
[22:05:57] [main/DEBUG]: Skipping Lnet/minecraft/world/entity/ai/behavior/WorkAtComposter;
[22:05:57] [main/DEBUG]: Skipping Lnet/minecraft/world/entity/ai/behavior/WakeUp;
[22:05:57] [main/DEBUG]: Skipping Lnet/minecraft/world/entity/ai/behavior/VillagerPanicTrigger;
[22:05:57] [main/DEBUG]: Skipping Lnet/minecraft/world/entity/ai/behavior/VillagerMakeLove;
[22:05:57] [main/DEBUG]: Skipping Lnet/minecraft/world/entity/ai/behavior/VillagerGoalPackages;
[22:05:57] [main/DEBUG]: Skipping Lnet/minecraft/world/entity/ai/behavior/VillagerCalmDown;
[22:05:57] [main/DEBUG]: Skipping Lnet/minecraft/world/entity/ai/behavior/VillageBoundRandomStroll;
[22:05:57] [main/DEBUG]: Skipping Lnet/minecraft/world/entity/ai/behavior/ValidateNearbyPoi;
[22:05:57] [main/DEBUG]: Skipping Lnet/minecraft/world/entity/ai/behavior/UseBonemeal;
[22:05:57] [main/DEBUG]: Skipping Lnet/minecraft/world/entity/ai/behavior/UpdateActivityFromSchedule;
[22:05:57] [main/DEBUG]: Skipping Lnet/minecraft/world/entity/ai/behavior/TryLaySpawnOnWaterNearLand;
[22:05:57] [main/DEBUG]: Skipping Lnet/minecraft/world/entity/ai/behavior/TryFindWater;
[22:05:57] [main/DEBUG]: Skipping Lnet/minecraft/world/entity/ai/behavior/TryFindLandNearWater;
[22:05:57] [main/DEBUG]: Skipping Lnet/minecraft/world/entity/ai/behavior/TryFindLand;
[22:05:57] [main/DEBUG]: Skipping Lnet/minecraft/world/entity/ai/behavior/TriggerGate;
[22:05:57] [main/DEBUG]: Skipping Lnet/minecraft/world/entity/ai/behavior/TradeWithVillager;
[22:05:57] [main/DEBUG]: Skipping Lnet/minecraft/world/entity/ai/behavior/StrollToPoiList;
[22:05:57] [main/DEBUG]: Skipping Lnet/minecraft/world/entity/ai/behavior/StrollToPoi;
[22:05:57] [main/DEBUG]: Skipping Lnet/minecraft/world/entity/ai/behavior/StrollAroundPoi;
[22:05:57] [main/DEBUG]: Skipping Lnet/minecraft/world/entity/ai/behavior/StopBeingAngryIfTargetDead;
[22:05:57] [main/DEBUG]: Skipping Lnet/minecraft/world/entity/ai/behavior/StopAttackingIfTargetInvalid;
[22:05:57] [main/DEBUG]: Skipping Lnet/minecraft/world/entity/ai/behavior/StayCloseToTarget;
[22:05:57] [main/DEBUG]: Skipping Lnet/minecraft/world/entity/ai/behavior/StartCelebratingIfTargetDead;
[22:05:57] [main/DEBUG]: Skipping Lnet/minecraft/world/entity/ai/behavior/SocializeAtBell;
[22:05:57] [main/DEBUG]: Skipping Lnet/minecraft/world/entity/ai/behavior/SleepInBed;
[22:05:57] [main/DEBUG]: Skipping Lnet/minecraft/world/entity/ai/behavior/ShufflingList;
[22:05:57] [main/DEBUG]: Skipping Lnet/minecraft/world/entity/ai/behavior/ShufflingList$WeightedEntry;
[22:05:57] [main/DEBUG]: Skipping Lnet/minecraft/world/entity/ai/behavior/ShufflingList$WeightedEntry$1;
[22:05:57] [main/DEBUG]: Skipping Lnet/minecraft/world/entity/ai/behavior/ShowTradesToPlayer;
[22:05:57] [main/DEBUG]: Skipping Lnet/minecraft/world/entity/ai/behavior/SetWalkTargetFromLookTarget;
[22:05:57] [main/DEBUG]: Skipping Lnet/minecraft/world/entity/ai/behavior/SetWalkTargetFromBlockMemory;
[22:05:57] [main/DEBUG]: Skipping Lnet/minecraft/world/entity/ai/behavior/SetWalkTargetFromAttackTargetIfTargetOutOfReach;
[22:05:57] [main/DEBUG]: Skipping Lnet/minecraft/world/entity/ai/behavior/SetWalkTargetAwayFrom;
[22:05:57] [main/DEBUG]: Skipping Lnet/minecraft/world/entity/ai/behavior/SetRaidStatus;
[22:05:57] [main/DEBUG]: Skipping Lnet/minecraft/world/entity/ai/behavior/SetLookAndInteract;
[22:05:57] [main/DEBUG]: Skipping Lnet/minecraft/world/entity/ai/behavior/SetHiddenState;
[22:05:57] [main/DEBUG]: Skipping Lnet/minecraft/world/entity/ai/behavior/SetEntityLookTargetSometimes;
[22:05:57] [main/DEBUG]: Skipping Lnet/minecraft/world/entity/ai/behavior/SetEntityLookTargetSometimes$Ticker;
[22:05:57] [main/DEBUG]: Skipping Lnet/minecraft/world/entity/ai/behavior/SetEntityLookTarget;
[22:05:57] [main/DEBUG]: Skipping Lnet/minecraft/world/entity/ai/behavior/SetClosestHomeAsWalkTarget;
[22:05:57] [main/DEBUG]: Skipping Lnet/minecraft/world/entity/ai/behavior/RunOne;
[22:05:57] [main/DEBUG]: Skipping Lnet/minecraft/world/entity/ai/behavior/RingBell;
[22:05:57] [main/DEBUG]: Skipping Lnet/minecraft/world/entity/ai/behavior/ResetRaidStatus;
[22:05:57] [main/DEBUG]: Skipping Lnet/minecraft/world/entity/ai/behavior/ResetProfession;
[22:05:57] [main/DEBUG]: Skipping Lnet/minecraft/world/entity/ai/behavior/ReactToBell;
[22:05:57] [main/DEBUG]: Skipping Lnet/minecraft/world/entity/ai/behavior/RandomStroll;
[22:05:57] [main/DEBUG]: Skipping Lnet/minecraft/world/entity/ai/behavior/RandomLookAround;
[22:05:57] [main/DEBUG]: Skipping Lnet/minecraft/world/entity/ai/behavior/RamTarget;
[22:05:57] [main/DEBUG]: Skipping Lnet/minecraft/world/entity/ai/behavior/PrepareRamNearestTarget;
[22:05:57] [main/DEBUG]: Skipping Lnet/minecraft/world/entity/ai/behavior/PrepareRamNearestTarget$RamCandidate;
[22:05:57] [main/DEBUG]: Skipping Lnet/minecraft/world/entity/ai/behavior/PositionTracker;
[22:05:57] [main/DEBUG]: Skipping Lnet/minecraft/world/entity/ai/behavior/PoiCompetitorScan;
[22:05:57] [main/DEBUG]: Skipping Lnet/minecraft/world/entity/ai/behavior/PlayTagWithOtherKids;
[22:05:57] [main/DEBUG]: Skipping Lnet/minecraft/world/entity/ai/behavior/OneShot;
[22:05:57] [main/DEBUG]: Skipping Lnet/minecraft/world/entity/ai/behavior/MoveToTargetSink;
[22:05:57] [main/DEBUG]: Skipping Lnet/minecraft/world/entity/ai/behavior/MoveToSkySeeingSpot;
[22:05:57] [main/DEBUG]: Skipping Lnet/minecraft/world/entity/ai/behavior/Mount;
[22:05:57] [main/DEBUG]: Skipping Lnet/minecraft/world/entity/ai/behavior/MeleeAttack;
[22:05:57] [main/DEBUG]: Skipping Lnet/minecraft/world/entity/ai/behavior/LookAtTargetSink;
[22:05:57] [main/DEBUG]: Skipping Lnet/minecraft/world/entity/ai/behavior/LookAndFollowTradingPlayerSink;
[22:05:57] [main/DEBUG]: Skipping Lnet/minecraft/world/entity/ai/behavior/LongJumpToRandomPos;
[22:05:57] [main/DEBUG]: Skipping Lnet/minecraft/world/entity/ai/behavior/LongJumpToRandomPos$PossibleJump;
[22:05:57] [main/DEBUG]: Skipping Lnet/minecraft/world/entity/ai/behavior/LongJumpToPreferredBlock;
[22:05:57] [main/DEBUG]: Skipping Lnet/minecraft/world/entity/ai/behavior/LongJumpMidJump;
[22:05:57] [main/DEBUG]: Skipping Lnet/minecraft/world/entity/ai/behavior/LocateHidingPlace;
[22:05:57] [main/DEBUG]: Skipping Lnet/minecraft/world/entity/ai/behavior/JumpOnBed;
[22:05:57] [main/DEBUG]: Skipping Lnet/minecraft/world/entity/ai/behavior/InteractWithDoor;
[22:05:57] [main/DEBUG]: Skipping Lnet/minecraft/world/entity/ai/behavior/InteractWith;
[22:05:57] [main/DEBUG]: Skipping Lnet/minecraft/world/entity/ai/behavior/InsideBrownianWalk;
[22:05:57] [main/DEBUG]: Skipping Lnet/minecraft/world/entity/ai/behavior/GoToWantedItem;
[22:05:57] [main/DEBUG]: Skipping Lnet/minecraft/world/entity/ai/behavior/GoToTargetLocation;
[22:05:57] [main/DEBUG]: Skipping Lnet/minecraft/world/entity/ai/behavior/GoToPotentialJobSite;
[22:05:57] [main/DEBUG]: Skipping Lnet/minecraft/world/entity/ai/behavior/GoToClosestVillage;
[22:05:57] [main/DEBUG]: Skipping Lnet/minecraft/world/entity/ai/behavior/GoAndGiveItemsToTarget;
[22:05:57] [main/DEBUG]: Skipping Lnet/minecraft/world/entity/ai/behavior/GiveGiftToHero;
[22:05:57] [main/DEBUG]: Skipping Lnet/minecraft/world/entity/ai/behavior/GateBehavior;
[22:05:57] [main/DEBUG]: Skipping Lnet/minecraft/world/entity/ai/behavior/GateBehavior$RunningPolicy;
[22:05:57] [main/DEBUG]: Skipping Lnet/minecraft/world/entity/ai/behavior/GateBehavior$RunningPolicy$2;
[22:05:57] [main/DEBUG]: Skipping Lnet/minecraft/world/entity/ai/behavior/GateBehavior$RunningPolicy$1;
[22:05:57] [main/DEBUG]: Skipping Lnet/minecraft/world/entity/ai/behavior/GateBehavior$OrderPolicy;
[22:05:57] [main/DEBUG]: Skipping Lnet/minecraft/world/entity/ai/behavior/FollowTemptation;
[22:05:57] [main/DEBUG]: Skipping Lnet/minecraft/world/entity/ai/behavior/EraseMemoryIf;
[22:05:57] [main/DEBUG]: Skipping Lnet/minecraft/world/entity/ai/behavior/EntityTracker;
[22:05:57] [main/DEBUG]: Skipping Lnet/minecraft/world/entity/ai/behavior/DoNothing;
[22:05:57] [main/DEBUG]: Skipping Lnet/minecraft/world/entity/ai/behavior/DismountOrSkipMounting;
[22:05:57] [main/DEBUG]: Skipping Lnet/minecraft/world/entity/ai/behavior/Croak;
[22:05:57] [main/DEBUG]: Skipping Lnet/minecraft/world/entity/ai/behavior/CountDownCooldownTicks;
[22:05:57] [main/DEBUG]: Skipping Lnet/minecraft/world/entity/ai/behavior/CopyMemoryWithExpiry;
[22:05:57] [main/DEBUG]: Skipping Lnet/minecraft/world/entity/ai/behavior/CelebrateVillagersSurvivedRaid;
[22:05:57] [main/DEBUG]: Skipping Lnet/minecraft/world/entity/ai/behavior/BlockPosTracker;
[22:05:57] [main/DEBUG]: Skipping Lnet/minecraft/world/entity/ai/behavior/BehaviorUtils;
[22:05:57] [main/DEBUG]: Skipping Lnet/minecraft/world/entity/ai/behavior/BehaviorControl;
[22:05:57] [main/DEBUG]: Skipping Lnet/minecraft/world/entity/ai/behavior/Behavior;
[22:05:57] [main/DEBUG]: Skipping Lnet/minecraft/world/entity/ai/behavior/Behavior$Status;
[22:05:57] [main/DEBUG]: Skipping Lnet/minecraft/world/entity/ai/behavior/BecomePassiveIfMemoryPresent;
[22:05:57] [main/DEBUG]: Skipping Lnet/minecraft/world/entity/ai/behavior/BackUpIfTooClose;
[22:05:57] [main/DEBUG]: Skipping Lnet/minecraft/world/entity/ai/behavior/BabyFollowAdult;
[22:05:57] [main/DEBUG]: Skipping Lnet/minecraft/world/entity/ai/behavior/AssignProfessionFromJobSite;
[22:05:57] [main/DEBUG]: Skipping Lnet/minecraft/world/entity/ai/behavior/AnimalPanic;
[22:05:57] [main/DEBUG]: Skipping Lnet/minecraft/world/entity/ai/behavior/AnimalMakeLove;
[22:05:57] [main/DEBUG]: Skipping Lnet/minecraft/world/entity/ai/behavior/AcquirePoi;
[22:05:57] [main/DEBUG]: Skipping Lnet/minecraft/world/entity/ai/behavior/AcquirePoi$JitteredLinearRetry;
[22:05:57] [main/DEBUG]: Skipping Lnet/minecraft/world/entity/ai/behavior/Swim;
[22:05:57] [main/DEBUG]: Skipping Lnet/minecraft/world/entity/ai/behavior/StartAttacking;
[22:05:57] [main/DEBUG]: Skipping Lnet/minecraft/world/entity/ai/behavior/HarvestFarmland;
[22:05:57] [main/DEBUG]: Skipping Lnet/minecraft/world/entity/ai/behavior/CrossbowAttack;
[22:05:57] [main/DEBUG]: Skipping Lnet/minecraft/world/entity/ai/behavior/CrossbowAttack$CrossbowState;
[22:05:57] [main/DEBUG]: Skipping Lnet/minecraft/world/entity/ai/attributes/package-info;
[22:05:57] [main/DEBUG]: Skipping Lnet/minecraft/world/entity/ai/attributes/RangedAttribute;
[22:05:57] [main/DEBUG]: Skipping Lnet/minecraft/world/entity/ai/attributes/Attributes;
[22:05:57] [main/DEBUG]: Skipping Lnet/minecraft/world/entity/ai/attributes/AttributeModifier;
[22:05:57] [main/DEBUG]: Skipping Lnet/minecraft/world/entity/ai/attributes/AttributeModifier$Operation;
[22:05:57] [main/DEBUG]: Skipping Lnet/minecraft/world/entity/ai/attributes/AttributeMap;
[22:05:57] [main/DEBUG]: Skipping Lnet/minecraft/world/entity/ai/attributes/AttributeInstance;
[22:05:57] [main/DEBUG]: Skipping Lnet/minecraft/world/entity/ai/attributes/Attribute;
[22:05:57] [main/DEBUG]: Skipping Lnet/minecraft/world/entity/ai/attributes/DefaultAttributes;
[22:05:57] [main/DEBUG]: Skipping Lnet/minecraft/world/entity/ai/attributes/AttributeSupplier;
[22:05:57] [main/DEBUG]: Skipping Lnet/minecraft/world/entity/ai/attributes/AttributeSupplier$Builder;
[22:05:57] [main/DEBUG]: Skipping Lnet/minecraft/world/entity/ai/Brain;
[22:05:57] [main/DEBUG]: Skipping Lnet/minecraft/world/entity/ai/Brain$Provider;
[22:05:57] [main/DEBUG]: Skipping Lnet/minecraft/world/entity/ai/Brain$MemoryValue;
[22:05:57] [main/DEBUG]: Skipping Lnet/minecraft/world/entity/ai/Brain$1;
[22:05:57] [main/DEBUG]: Skipping Lnet/minecraft/world/entity/WalkAnimationState;
[22:05:57] [main/DEBUG]: Skipping Lnet/minecraft/world/entity/VariantHolder;
[22:05:57] [main/DEBUG]: Skipping Lnet/minecraft/world/entity/TraceableEntity;
[22:05:57] [main/DEBUG]: Skipping Lnet/minecraft/world/entity/Targeting;
[22:05:57] [main/DEBUG]: Skipping Lnet/minecraft/world/entity/SpawnGroupData;
[22:05:57] [main/DEBUG]: Skipping Lnet/minecraft/world/entity/SlotAccess;
[22:05:57] [main/DEBUG]: Skipping Lnet/minecraft/world/entity/SlotAccess$3;
[22:05:57] [main/DEBUG]: Skipping Lnet/minecraft/world/entity/SlotAccess$2;
[22:05:57] [main/DEBUG]: Skipping Lnet/minecraft/world/entity/SlotAccess$1;
[22:05:57] [main/DEBUG]: Skipping Lnet/minecraft/world/entity/Saddleable;
[22:05:57] [main/DEBUG]: Skipping Lnet/minecraft/world/entity/RiderShieldingMount;
[22:05:57] [main/DEBUG]: Skipping Lnet/minecraft/world/entity/ReputationEventHandler;
[22:05:57] [main/DEBUG]: Skipping Lnet/minecraft/world/entity/RelativeMovement;
[22:05:57] [main/DEBUG]: Skipping Lnet/minecraft/world/entity/PowerableMob;
[22:05:57] [main/DEBUG]: Skipping Lnet/minecraft/world/entity/Pose;
[22:05:57] [main/DEBUG]: Skipping Lnet/minecraft/world/entity/PlayerRideableJumping;
[22:05:57] [main/DEBUG]: Skipping Lnet/minecraft/world/entity/PlayerRideable;
[22:05:57] [main/DEBUG]: Skipping Lnet/minecraft/world/entity/PathfinderMob;
[22:05:57] [main/DEBUG]: Skipping Lnet/minecraft/world/entity/OwnableEntity;
[22:05:57] [main/DEBUG]: Skipping Lnet/minecraft/world/entity/NeutralMob;
[22:05:57] [main/DEBUG]: Skipping Lnet/minecraft/world/entity/MoverType;
[22:05:57] [main/DEBUG]: Skipping Lnet/minecraft/world/entity/MobType;
[22:05:57] [main/DEBUG]: Skipping Lnet/minecraft/world/entity/MobSpawnType;
[22:05:57] [main/DEBUG]: Skipping Lnet/minecraft/world/entity/Marker;
[22:05:57] [main/DEBUG]: Skipping Lnet/minecraft/world/entity/LerpingModel;
[22:05:57] [main/DEBUG]: Skipping Lnet/minecraft/world/entity/ItemSteerable;
[22:05:57] [main/DEBUG]: Skipping Lnet/minecraft/world/entity/ItemBasedSteering;
[22:05:57] [main/DEBUG]: Skipping Lnet/minecraft/world/entity/Interaction;
[22:05:57] [main/DEBUG]: Skipping Lnet/minecraft/world/entity/Interaction$PlayerAction;
[22:05:57] [main/DEBUG]: Skipping Lnet/minecraft/world/entity/HumanoidArm;
[22:05:57] [main/DEBUG]: Skipping Lnet/minecraft/world/entity/HasCustomInventoryScreen;
[22:05:57] [main/DEBUG]: Skipping Lnet/minecraft/world/entity/GlowSquid;
[22:05:57] [main/DEBUG]: Skipping Lnet/minecraft/world/entity/EquipmentSlot;
[22:05:57] [main/DEBUG]: Skipping Lnet/minecraft/world/entity/EquipmentSlot$Type;
[22:05:57] [main/DEBUG]: Skipping Lnet/minecraft/world/entity/EntitySelector;
[22:05:57] [main/DEBUG]: Skipping Lnet/minecraft/world/entity/EntitySelector$MobCanWearArmorEntitySelector;
[22:05:57] [main/DEBUG]: Skipping Lnet/minecraft/world/entity/EntityEvent;
[22:05:57] [main/DEBUG]: Skipping Lnet/minecraft/world/entity/EntityDimensions;
[22:05:57] [main/DEBUG]: Skipping Lnet/minecraft/world/entity/Display;
[22:05:57] [main/DEBUG]: Skipping Lnet/minecraft/world/entity/Display$TransformationInterpolator;
[22:05:57] [main/DEBUG]: Skipping Lnet/minecraft/world/entity/Display$TextDisplay;
[22:05:57] [main/DEBUG]: Skipping Lnet/minecraft/world/entity/Display$TextDisplay$TextRenderState;
[22:05:57] [main/DEBUG]: Skipping Lnet/minecraft/world/entity/Display$TextDisplay$LineSplitter;
[22:05:57] [main/DEBUG]: Skipping Lnet/minecraft/world/entity/Display$TextDisplay$CachedLine;
[22:05:57] [main/DEBUG]: Skipping Lnet/minecraft/world/entity/Display$TextDisplay$CachedInfo;
[22:05:57] [main/DEBUG]: Skipping Lnet/minecraft/world/entity/Display$TextDisplay$Align;
[22:05:57] [main/DEBUG]: Skipping Lnet/minecraft/world/entity/Display$RenderState;
[22:05:57] [main/DEBUG]: Skipping Lnet/minecraft/world/entity/Display$LinearIntInterpolator;
[22:05:57] [main/DEBUG]: Skipping Lnet/minecraft/world/entity/Display$LinearFloatInterpolator;
[22:05:57] [main/DEBUG]: Skipping Lnet/minecraft/world/entity/Display$ItemDisplay;
[22:05:57] [main/DEBUG]: Skipping Lnet/minecraft/world/entity/Display$ItemDisplay$ItemRenderState;
[22:05:57] [main/DEBUG]: Skipping Lnet/minecraft/world/entity/Display$ItemDisplay$1;
[22:05:57] [main/DEBUG]: Skipping Lnet/minecraft/world/entity/Display$IntInterpolator;
[22:05:57] [main/DEBUG]: Skipping Lnet/minecraft/world/entity/Display$GenericInterpolator;
[22:05:57] [main/DEBUG]: Skipping Lnet/minecraft/world/entity/Display$FloatInterpolator;
[22:05:57] [main/DEBUG]: Skipping Lnet/minecraft/world/entity/Display$ColorInterpolator;
[22:05:57] [main/DEBUG]: Skipping Lnet/minecraft/world/entity/Display$BlockDisplay;
[22:05:57] [main/DEBUG]: Skipping Lnet/minecraft/world/entity/Display$BlockDisplay$BlockRenderState;
[22:05:57] [main/DEBUG]: Skipping Lnet/minecraft/world/entity/Display$BillboardConstraints;
[22:05:57] [main/DEBUG]: Skipping Lnet/minecraft/world/entity/Display$1;
[22:05:57] [main/DEBUG]: Skipping Lnet/minecraft/world/entity/Attackable;
[22:05:57] [main/DEBUG]: Skipping Lnet/minecraft/world/entity/AreaEffectCloud;
[22:05:57] [main/DEBUG]: Skipping Lnet/minecraft/world/entity/AnimationState;
[22:05:57] [main/DEBUG]: Skipping Lnet/minecraft/world/entity/AgeableMob;
[22:05:57] [main/DEBUG]: Skipping Lnet/minecraft/world/entity/AgeableMob$AgeableMobGroupData;
[22:05:57] [main/DEBUG]: Skipping Lnet/minecraft/world/entity/Entity$FluidCalcs;
[22:05:57] [main/DEBUG]: Skipping Lnet/minecraft/world/entity/TamableAnimal;
[22:05:57] [main/DEBUG]: Transforming class Lnet/minecraft/world/entity/SpawnPlacements;
[22:05:57] [main/DEBUG]: Transforming net/minecraft/world/entity/SpawnPlacements METHOD m_21754_(Lnet/minecraft/world/entity/EntityType;Lnet/minecraft/world/entity/SpawnPlacements$Type;Lnet/minecraft/world/level/levelgen/Heightmap$Types;Lnet/minecraft/world/entity/SpawnPlacements$SpawnPredicate;)V to access PUBLIC and LEAVE
[22:05:57] [main/DEBUG]: Skipping Lnet/minecraft/world/entity/SpawnPlacements$Type;
[22:05:57] [main/DEBUG]: Skipping Lnet/minecraft/world/entity/SpawnPlacements$SpawnPredicate;
[22:05:57] [main/DEBUG]: Skipping Lnet/minecraft/world/entity/SpawnPlacements$Data;
[22:05:57] [main/DEBUG]: Skipping Lnet/minecraft/world/entity/Shearable;
[22:05:57] [main/DEBUG]: Skipping Lnet/minecraft/world/entity/MobCategory;
[22:05:57] [main/DEBUG]: Transforming class Lnet/minecraft/world/entity/Mob;
[22:05:57] [main/DEBUG]: Transforming net/minecraft/world/entity/Mob FIELD f_21345_ to access PUBLIC and LEAVE
[22:05:57] [main/DEBUG]: Transforming net/minecraft/world/entity/Mob FIELD f_21346_ to access PUBLIC and LEAVE
[22:05:57] [main/DEBUG]: Skipping Lnet/minecraft/world/entity/Mob$1;
[22:05:57] [main/DEBUG]: Skipping Lnet/minecraft/world/entity/LivingEntity;
[22:05:57] [main/DEBUG]: Skipping Lnet/minecraft/world/entity/LivingEntity$Fallsounds;
[22:05:57] [main/DEBUG]: Skipping Lnet/minecraft/world/entity/LivingEntity$1;
[22:05:57] [main/DEBUG]: Skipping Lnet/minecraft/world/entity/LightningBolt;
[22:05:57] [main/DEBUG]: Skipping Lnet/minecraft/world/entity/FlyingMob;
[22:05:57] [main/DEBUG]: Transforming class Lnet/minecraft/world/entity/ExperienceOrb;
[22:05:57] [main/DEBUG]: Transforming net/minecraft/world/entity/ExperienceOrb FIELD f_20770_ to access PUBLIC and LEAVE
[22:05:57] [main/DEBUG]: Skipping Lnet/minecraft/world/entity/EntityType;
[22:05:57] [main/DEBUG]: Skipping Lnet/minecraft/world/entity/EntityType$EntityFactory;
[22:05:57] [main/DEBUG]: Skipping Lnet/minecraft/world/entity/EntityType$Builder;
[22:05:57] [main/DEBUG]: Skipping Lnet/minecraft/world/entity/EntityType$1;
[22:05:57] [main/DEBUG]: Transforming class Lnet/minecraft/world/entity/Entity;
[22:05:57] [main/DEBUG]: Transforming net/minecraft/world/entity/Entity FIELD f_19843_ to access PROTECTED and LEAVE
[22:05:57] [main/DEBUG]: Transforming net/minecraft/world/entity/Entity METHOD m_20078_()Ljava/lang/String; to access PUBLIC and LEAVE
[22:05:57] [main/DEBUG]: Skipping Lnet/minecraft/world/entity/Entity$RemovalReason;
[22:05:57] [main/DEBUG]: Skipping Lnet/minecraft/world/entity/Entity$MovementEmission;
[22:05:57] [main/DEBUG]: Skipping Lnet/minecraft/world/entity/Entity$MoveFunction;
[22:05:57] [main/DEBUG]: Skipping Lnet/minecraft/world/entity/Entity$1;
[22:05:57] [main/DEBUG]: Skipping Lnet/minecraft/world/effect/package-info;
[22:05:57] [main/DEBUG]: Skipping Lnet/minecraft/world/effect/MobEffects;
[22:05:57] [main/DEBUG]: Skipping Lnet/minecraft/world/effect/MobEffects$1;
[22:05:57] [main/DEBUG]: Skipping Lnet/minecraft/world/effect/MobEffectUtil;
[22:05:57] [main/DEBUG]: Skipping Lnet/minecraft/world/effect/MobEffectCategory;
[22:05:57] [main/DEBUG]: Skipping Lnet/minecraft/world/effect/InstantenousMobEffect;
[22:05:57] [main/DEBUG]: Skipping Lnet/minecraft/world/effect/HealthBoostMobEffect;
[22:05:57] [main/DEBUG]: Skipping Lnet/minecraft/world/effect/AttackDamageMobEffect;
[22:05:57] [main/DEBUG]: Skipping Lnet/minecraft/world/effect/AbsoptionMobEffect;
[22:05:57] [main/DEBUG]: Skipping Lnet/minecraft/world/effect/MobEffectInstance;
[22:05:57] [main/DEBUG]: Skipping Lnet/minecraft/world/effect/MobEffectInstance$FactorData;
[22:05:57] [main/DEBUG]: Skipping Lnet/minecraft/world/effect/MobEffect;
[22:05:57] [main/DEBUG]: Skipping Lnet/minecraft/world/damagesource/package-info;
[22:05:57] [main/DEBUG]: Skipping Lnet/minecraft/world/damagesource/FallLocation;
[22:05:57] [main/DEBUG]: Skipping Lnet/minecraft/world/damagesource/DeathMessageType;
[22:05:57] [main/DEBUG]: Skipping Lnet/minecraft/world/damagesource/DamageTypes;
[22:05:57] [main/DEBUG]: Skipping Lnet/minecraft/world/damagesource/DamageType;
[22:05:57] [main/DEBUG]: Skipping Lnet/minecraft/world/damagesource/DamageSources;
[22:05:57] [main/DEBUG]: Transforming class Lnet/minecraft/world/damagesource/DamageSource;
[22:05:57] [main/DEBUG]: Transforming net/minecraft/world/damagesource/DamageSource METHOD <init>(Lnet/minecraft/core/Holder;Lnet/minecraft/world/entity/Entity;Lnet/minecraft/world/entity/Entity;Lnet/minecraft/world/phys/Vec3;)V to access PUBLIC and LEAVE
[22:05:57] [main/DEBUG]: Skipping Lnet/minecraft/world/damagesource/DamageSource$1;
[22:05:57] [main/DEBUG]: Skipping Lnet/minecraft/world/damagesource/DamageScaling;
[22:05:57] [main/DEBUG]: Skipping Lnet/minecraft/world/damagesource/DamageEffects;
[22:05:57] [main/DEBUG]: Skipping Lnet/minecraft/world/damagesource/CombatTracker;
[22:05:57] [main/DEBUG]: Skipping Lnet/minecraft/world/damagesource/CombatRules;
[22:05:57] [main/DEBUG]: Skipping Lnet/minecraft/world/damagesource/CombatEntry;
[22:05:57] [main/DEBUG]: Skipping Lnet/minecraft/world/WorldlyContainerHolder;
[22:05:57] [main/DEBUG]: Skipping Lnet/minecraft/world/WorldlyContainer;
[22:05:57] [main/DEBUG]: Skipping Lnet/minecraft/world/SimpleMenuProvider;
[22:05:57] [main/DEBUG]: Skipping Lnet/minecraft/world/SimpleContainer;
[22:05:57] [main/DEBUG]: Skipping Lnet/minecraft/world/RandomSequences;
[22:05:57] [main/DEBUG]: Skipping Lnet/minecraft/world/RandomSequences$1;
[22:05:57] [main/DEBUG]: Skipping Lnet/minecraft/world/RandomSequence;
[22:05:57] [main/DEBUG]: Skipping Lnet/minecraft/world/Nameable;
[22:05:57] [main/DEBUG]: Skipping Lnet/minecraft/world/MenuProvider;
[22:05:57] [main/DEBUG]: Skipping Lnet/minecraft/world/LockCode;
[22:05:57] [main/DEBUG]: Skipping Lnet/minecraft/world/InteractionResultHolder;
[22:05:57] [main/DEBUG]: Skipping Lnet/minecraft/world/InteractionResult;
[22:05:57] [main/DEBUG]: Skipping Lnet/minecraft/world/InteractionHand;
[22:05:57] [main/DEBUG]: Skipping Lnet/minecraft/world/DifficultyInstance;
[22:05:57] [main/DEBUG]: Skipping Lnet/minecraft/world/Difficulty;
[22:05:57] [main/DEBUG]: Skipping Lnet/minecraft/world/Containers;
[22:05:57] [main/DEBUG]: Skipping Lnet/minecraft/world/ContainerListener;
[22:05:57] [main/DEBUG]: Skipping Lnet/minecraft/world/ContainerHelper;
[22:05:57] [main/DEBUG]: Skipping Lnet/minecraft/world/CompoundContainer;
[22:05:57] [main/DEBUG]: Skipping Lnet/minecraft/world/Clearable;
[22:05:57] [main/DEBUG]: Skipping Lnet/minecraft/world/BossEvent;
[22:05:57] [main/DEBUG]: Skipping Lnet/minecraft/world/BossEvent$BossBarOverlay;
[22:05:57] [main/DEBUG]: Skipping Lnet/minecraft/world/BossEvent$BossBarColor;
[22:05:57] [main/DEBUG]: Skipping Lnet/minecraft/world/Container;
[22:05:57] [main/DEBUG]: Skipping Lnet/minecraft/util/worldupdate/package-info;
[22:05:57] [main/DEBUG]: Skipping Lnet/minecraft/util/worldupdate/WorldUpgrader;
[22:05:57] [main/DEBUG]: Skipping Lnet/minecraft/util/valueproviders/package-info;
[22:05:57] [main/DEBUG]: Skipping Lnet/minecraft/util/valueproviders/WeightedListInt;
[22:05:57] [main/DEBUG]: Skipping Lnet/minecraft/util/valueproviders/UniformInt;
[22:05:57] [main/DEBUG]: Skipping Lnet/minecraft/util/valueproviders/UniformFloat;
[22:05:57] [main/DEBUG]: Skipping Lnet/minecraft/util/valueproviders/TrapezoidFloat;
[22:05:57] [main/DEBUG]: Skipping Lnet/minecraft/util/valueproviders/SampledFloat;
[22:05:57] [main/DEBUG]: Skipping Lnet/minecraft/util/valueproviders/MultipliedFloats;
[22:05:57] [main/DEBUG]: Skipping Lnet/minecraft/util/valueproviders/IntProviderType;
[22:05:57] [main/DEBUG]: Skipping Lnet/minecraft/util/valueproviders/IntProvider;
[22:05:57] [main/DEBUG]: Skipping Lnet/minecraft/util/valueproviders/FloatProviderType;
[22:05:57] [main/DEBUG]: Skipping Lnet/minecraft/util/valueproviders/FloatProvider;
[22:05:57] [main/DEBUG]: Skipping Lnet/minecraft/util/valueproviders/ConstantInt;
[22:05:57] [main/DEBUG]: Skipping Lnet/minecraft/util/valueproviders/ConstantFloat;
[22:05:57] [main/DEBUG]: Skipping Lnet/minecraft/util/valueproviders/ClampedNormalInt;
[22:05:57] [main/DEBUG]: Skipping Lnet/minecraft/util/valueproviders/ClampedNormalFloat;
[22:05:57] [main/DEBUG]: Skipping Lnet/minecraft/util/valueproviders/ClampedInt;
[22:05:57] [main/DEBUG]: Skipping Lnet/minecraft/util/valueproviders/BiasedToBottomInt;
[22:05:57] [main/DEBUG]: Skipping Lnet/minecraft/util/thread/package-info;
[22:05:57] [main/DEBUG]: Skipping Lnet/minecraft/util/thread/StrictQueue;
[22:05:57] [main/DEBUG]: Skipping Lnet/minecraft/util/thread/StrictQueue$QueueStrictQueue;
[22:05:57] [main/DEBUG]: Skipping Lnet/minecraft/util/thread/StrictQueue$IntRunnable;
[22:05:57] [main/DEBUG]: Skipping Lnet/minecraft/util/thread/StrictQueue$FixedPriorityQueue;
[22:05:57] [main/DEBUG]: Skipping Lnet/minecraft/util/thread/ReentrantBlockableEventLoop;
[22:05:57] [main/DEBUG]: Skipping Lnet/minecraft/util/thread/ProcessorMailbox;
[22:05:57] [main/DEBUG]: Skipping Lnet/minecraft/util/thread/ProcessorHandle;
[22:05:57] [main/DEBUG]: Skipping Lnet/minecraft/util/thread/ProcessorHandle$1;
[22:05:57] [main/DEBUG]: Skipping Lnet/minecraft/util/thread/NamedThreadFactory;
[22:05:57] [main/DEBUG]: Transforming class Lnet/minecraft/util/thread/BlockableEventLoop;
[22:05:57] [main/DEBUG]: Transforming net/minecraft/util/thread/BlockableEventLoop METHOD m_18689_(Ljava/lang/Runnable;)Ljava/util/concurrent/CompletableFuture; to access PUBLIC and LEAVE
[22:05:57] [main/DEBUG]: Skipping Lnet/minecraft/util/random/package-info;
[22:05:57] [main/DEBUG]: Skipping Lnet/minecraft/util/random/WeightedRandomList;
[22:05:57] [main/DEBUG]: Skipping Lnet/minecraft/util/random/WeightedRandom;
[22:05:57] [main/DEBUG]: Skipping Lnet/minecraft/util/random/WeightedEntry;
[22:05:57] [main/DEBUG]: Skipping Lnet/minecraft/util/random/WeightedEntry$Wrapper;
[22:05:57] [main/DEBUG]: Skipping Lnet/minecraft/util/random/WeightedEntry$IntrusiveBase;
[22:05:57] [main/DEBUG]: Skipping Lnet/minecraft/util/random/Weight;
[22:05:57] [main/DEBUG]: Skipping Lnet/minecraft/util/random/SimpleWeightedRandomList;
[22:05:57] [main/DEBUG]: Skipping Lnet/minecraft/util/random/SimpleWeightedRandomList$Builder;
[22:05:57] [main/DEBUG]: Skipping Lnet/minecraft/util/profiling/package-info;
[22:05:57] [main/DEBUG]: Skipping Lnet/minecraft/util/profiling/metrics/storage/package-info;
[22:05:57] [main/DEBUG]: Skipping Lnet/minecraft/util/profiling/metrics/storage/RecordedDeviation;
[22:05:57] [main/DEBUG]: Skipping Lnet/minecraft/util/profiling/metrics/storage/MetricsPersister;
[22:05:57] [main/DEBUG]: Skipping Lnet/minecraft/util/profiling/metrics/profiling/package-info;
[22:05:57] [main/DEBUG]: Skipping Lnet/minecraft/util/profiling/metrics/profiling/ServerMetricsSamplersProvider;
[22:05:57] [main/DEBUG]: Skipping Lnet/minecraft/util/profiling/metrics/profiling/ServerMetricsSamplersProvider$CpuStats;
[22:05:57] [main/DEBUG]: Skipping Lnet/minecraft/util/profiling/metrics/profiling/ServerMetricsSamplersProvider$1;
[22:05:57] [main/DEBUG]: Skipping Lnet/minecraft/util/profiling/metrics/profiling/ProfilerSamplerAdapter;
[22:05:57] [main/DEBUG]: Skipping Lnet/minecraft/util/profiling/metrics/profiling/MetricsRecorder;
[22:05:57] [main/DEBUG]: Skipping Lnet/minecraft/util/profiling/metrics/profiling/InactiveMetricsRecorder;
[22:05:57] [main/DEBUG]: Skipping Lnet/minecraft/util/profiling/metrics/profiling/ActiveMetricsRecorder;
[22:05:57] [main/DEBUG]: Skipping Lnet/minecraft/util/profiling/metrics/package-info;
[22:05:57] [main/DEBUG]: Skipping Lnet/minecraft/util/profiling/metrics/ProfilerMeasured;
[22:05:57] [main/DEBUG]: Skipping Lnet/minecraft/util/profiling/metrics/MetricsSamplerProvider;
[22:05:57] [main/DEBUG]: Skipping Lnet/minecraft/util/profiling/metrics/MetricsRegistry;
[22:05:57] [main/DEBUG]: Skipping Lnet/minecraft/util/profiling/metrics/MetricsRegistry$AggregatedMetricSampler;
[22:05:57] [main/DEBUG]: Skipping Lnet/minecraft/util/profiling/metrics/MetricSampler;
[22:05:57] [main/DEBUG]: Skipping Lnet/minecraft/util/profiling/metrics/MetricSampler$ValueIncreasedByPercentage;
[22:05:57] [main/DEBUG]: Skipping Lnet/minecraft/util/profiling/metrics/MetricSampler$ThresholdTest;
[22:05:57] [main/DEBUG]: Skipping Lnet/minecraft/util/profiling/metrics/MetricSampler$SamplerResult;
[22:05:57] [main/DEBUG]: Skipping Lnet/minecraft/util/profiling/metrics/MetricSampler$MetricSamplerBuilder;
[22:05:57] [main/DEBUG]: Skipping Lnet/minecraft/util/profiling/metrics/MetricCategory;
[22:05:57] [main/DEBUG]: Skipping Lnet/minecraft/util/profiling/jfr/stats/package-info;
[22:05:57] [main/DEBUG]: Skipping Lnet/minecraft/util/profiling/jfr/stats/TimedStatSummary;
[22:05:57] [main/DEBUG]: Skipping Lnet/minecraft/util/profiling/jfr/stats/TimedStat;
[22:05:57] [main/DEBUG]: Skipping Lnet/minecraft/util/profiling/jfr/stats/TimeStamped;
[22:05:57] [main/DEBUG]: Skipping Lnet/minecraft/util/profiling/jfr/stats/TickTimeStat;
[22:05:57] [main/DEBUG]: Skipping Lnet/minecraft/util/profiling/jfr/stats/ThreadAllocationStat;
[22:05:57] [main/DEBUG]: Skipping Lnet/minecraft/util/profiling/jfr/stats/ThreadAllocationStat$Summary;
[22:05:57] [main/DEBUG]: Skipping Lnet/minecraft/util/profiling/jfr/stats/NetworkPacketSummary;
[22:05:57] [main/DEBUG]: Skipping Lnet/minecraft/util/profiling/jfr/stats/NetworkPacketSummary$PacketIdentification;
[22:05:57] [main/DEBUG]: Skipping Lnet/minecraft/util/profiling/jfr/stats/NetworkPacketSummary$PacketCountAndSize;
[22:05:57] [main/DEBUG]: Skipping Lnet/minecraft/util/profiling/jfr/stats/GcHeapStat;
[22:05:57] [main/DEBUG]: Skipping Lnet/minecraft/util/profiling/jfr/stats/GcHeapStat$Timing;
[22:05:57] [main/DEBUG]: Skipping Lnet/minecraft/util/profiling/jfr/stats/GcHeapStat$Summary;
[22:05:57] [main/DEBUG]: Skipping Lnet/minecraft/util/profiling/jfr/stats/FileIOStat;
[22:05:57] [main/DEBUG]: Skipping Lnet/minecraft/util/profiling/jfr/stats/FileIOStat$Summary;
[22:05:57] [main/DEBUG]: Skipping Lnet/minecraft/util/profiling/jfr/stats/CpuLoadStat;
[22:05:57] [main/DEBUG]: Skipping Lnet/minecraft/util/profiling/jfr/stats/ChunkGenStat;
[22:05:57] [main/DEBUG]: Skipping Lnet/minecraft/util/profiling/jfr/serialize/package-info;
[22:05:57] [main/DEBUG]: Skipping Lnet/minecraft/util/profiling/jfr/serialize/JfrResultJsonSerializer;
[22:05:57] [main/DEBUG]: Skipping Lnet/minecraft/util/profiling/jfr/parse/package-info;
[22:05:57] [main/DEBUG]: Skipping Lnet/minecraft/util/profiling/jfr/parse/JfrStatsResult;
[22:05:57] [main/DEBUG]: Skipping Lnet/minecraft/util/profiling/jfr/parse/JfrStatsParser;
[22:05:57] [main/DEBUG]: Skipping Lnet/minecraft/util/profiling/jfr/parse/JfrStatsParser$MutableCountAndSize;
[22:05:57] [main/DEBUG]: Skipping Lnet/minecraft/util/profiling/jfr/parse/JfrStatsParser$1;
[22:05:57] [main/DEBUG]: Skipping Lnet/minecraft/util/profiling/jfr/package-info;
[22:05:57] [main/DEBUG]: Skipping Lnet/minecraft/util/profiling/jfr/event/package-info;
[22:05:57] [main/DEBUG]: Skipping Lnet/minecraft/util/profiling/jfr/event/WorldLoadFinishedEvent;
[22:05:57] [main/DEBUG]: Skipping Lnet/minecraft/util/profiling/jfr/event/ServerTickTimeEvent;
[22:05:57] [main/DEBUG]: Skipping Lnet/minecraft/util/profiling/jfr/event/ServerTickTimeEvent$Fields;
[22:05:57] [main/DEBUG]: Skipping Lnet/minecraft/util/profiling/jfr/event/PacketSentEvent;
[22:05:57] [main/DEBUG]: Skipping Lnet/minecraft/util/profiling/jfr/event/PacketReceivedEvent;
[22:05:57] [main/DEBUG]: Skipping Lnet/minecraft/util/profiling/jfr/event/PacketEvent;
[22:05:57] [main/DEBUG]: Skipping Lnet/minecraft/util/profiling/jfr/event/PacketEvent$Fields;
[22:05:57] [main/DEBUG]: Skipping Lnet/minecraft/util/profiling/jfr/event/NetworkSummaryEvent;
[22:05:57] [main/DEBUG]: Skipping Lnet/minecraft/util/profiling/jfr/event/NetworkSummaryEvent$SumAggregation;
[22:05:57] [main/DEBUG]: Skipping Lnet/minecraft/util/profiling/jfr/event/NetworkSummaryEvent$Fields;
[22:05:57] [main/DEBUG]: Skipping Lnet/minecraft/util/profiling/jfr/event/ChunkGenerationEvent;
[22:05:57] [main/DEBUG]: Skipping Lnet/minecraft/util/profiling/jfr/event/ChunkGenerationEvent$Fields;
[22:05:57] [main/DEBUG]: Skipping Lnet/minecraft/util/profiling/jfr/callback/package-info;
[22:05:57] [main/DEBUG]: Skipping Lnet/minecraft/util/profiling/jfr/callback/ProfiledDuration;
[22:05:57] [main/DEBUG]: Skipping Lnet/minecraft/util/profiling/jfr/SummaryReporter;
[22:05:57] [main/DEBUG]: Skipping Lnet/minecraft/util/profiling/jfr/Percentiles;
[22:05:57] [main/DEBUG]: Skipping Lnet/minecraft/util/profiling/jfr/JvmProfiler;
[22:05:57] [main/DEBUG]: Skipping Lnet/minecraft/util/profiling/jfr/JvmProfiler$NoOpProfiler;
[22:05:57] [main/DEBUG]: Skipping Lnet/minecraft/util/profiling/jfr/JfrProfiler;
[22:05:57] [main/DEBUG]: Skipping Lnet/minecraft/util/profiling/jfr/JfrProfiler$1;
[22:05:57] [main/DEBUG]: Skipping Lnet/minecraft/util/profiling/jfr/Environment;
[22:05:57] [main/DEBUG]: Skipping Lnet/minecraft/util/profiling/SingleTickProfiler;
[22:05:57] [main/DEBUG]: Skipping Lnet/minecraft/util/profiling/ResultField;
[22:05:57] [main/DEBUG]: Skipping Lnet/minecraft/util/profiling/ProfilerPathEntry;
[22:05:57] [main/DEBUG]: Skipping Lnet/minecraft/util/profiling/ProfilerFiller;
[22:05:57] [main/DEBUG]: Skipping Lnet/minecraft/util/profiling/ProfilerFiller$1;
[22:05:57] [main/DEBUG]: Skipping Lnet/minecraft/util/profiling/ProfileResults;
[22:05:57] [main/DEBUG]: Skipping Lnet/minecraft/util/profiling/ProfileCollector;
[22:05:57] [main/DEBUG]: Skipping Lnet/minecraft/util/profiling/InactiveProfiler;
[22:05:57] [main/DEBUG]: Skipping Lnet/minecraft/util/profiling/FilledProfileResults;
[22:05:57] [main/DEBUG]: Skipping Lnet/minecraft/util/profiling/FilledProfileResults$CounterCollector;
[22:05:57] [main/DEBUG]: Skipping Lnet/minecraft/util/profiling/FilledProfileResults$1;
[22:05:57] [main/DEBUG]: Skipping Lnet/minecraft/util/profiling/EmptyProfileResults;
[22:05:57] [main/DEBUG]: Skipping Lnet/minecraft/util/profiling/ContinuousProfiler;
[22:05:57] [main/DEBUG]: Skipping Lnet/minecraft/util/profiling/ActiveProfiler;
[22:05:57] [main/DEBUG]: Skipping Lnet/minecraft/util/profiling/ActiveProfiler$PathEntry;
[22:05:57] [main/DEBUG]: Skipping Lnet/minecraft/util/package-info;
[22:05:57] [main/DEBUG]: Skipping Lnet/minecraft/util/monitoring/jmx/package-info;
[22:05:57] [main/DEBUG]: Skipping Lnet/minecraft/util/monitoring/jmx/MinecraftServerStatistics;
[22:05:57] [main/DEBUG]: Skipping Lnet/minecraft/util/monitoring/jmx/MinecraftServerStatistics$AttributeDescription;
[22:05:57] [main/DEBUG]: Skipping Lnet/minecraft/util/eventlog/package-info;
[22:05:57] [main/DEBUG]: Skipping Lnet/minecraft/util/eventlog/JsonEventLogReader;
[22:05:57] [main/DEBUG]: Skipping Lnet/minecraft/util/eventlog/JsonEventLogReader$1;
[22:05:57] [main/DEBUG]: Skipping Lnet/minecraft/util/eventlog/JsonEventLog;
[22:05:57] [main/DEBUG]: Skipping Lnet/minecraft/util/eventlog/JsonEventLog$1;
[22:05:57] [main/DEBUG]: Skipping Lnet/minecraft/util/eventlog/EventLogDirectory;
[22:05:57] [main/DEBUG]: Skipping Lnet/minecraft/util/eventlog/EventLogDirectory$RawFile;
[22:05:57] [main/DEBUG]: Skipping Lnet/minecraft/util/eventlog/EventLogDirectory$FileList;
[22:05:57] [main/DEBUG]: Skipping Lnet/minecraft/util/eventlog/EventLogDirectory$FileId;
[22:05:57] [main/DEBUG]: Skipping Lnet/minecraft/util/eventlog/EventLogDirectory$File;
[22:05:57] [main/DEBUG]: Skipping Lnet/minecraft/util/eventlog/EventLogDirectory$CompressedFile;
[22:05:57] [main/DEBUG]: Skipping Lnet/minecraft/util/datafix/schemas/package-info;
[22:05:57] [main/DEBUG]: Skipping Lnet/minecraft/util/datafix/schemas/V99;
[22:05:57] [main/DEBUG]: Skipping Lnet/minecraft/util/datafix/schemas/V99$1;
[22:05:57] [main/DEBUG]: Skipping Lnet/minecraft/util/datafix/schemas/V808;
[22:05:57] [main/DEBUG]: Skipping Lnet/minecraft/util/datafix/schemas/V705;
[22:05:57] [main/DEBUG]: Skipping Lnet/minecraft/util/datafix/schemas/V705$1;
[22:05:57] [main/DEBUG]: Skipping Lnet/minecraft/util/datafix/schemas/V704;
[22:05:57] [main/DEBUG]: Skipping Lnet/minecraft/util/datafix/schemas/V704$1;
[22:05:57] [main/DEBUG]: Skipping Lnet/minecraft/util/datafix/schemas/V703;
[22:05:57] [main/DEBUG]: Skipping Lnet/minecraft/util/datafix/schemas/V702;
[22:05:57] [main/DEBUG]: Skipping Lnet/minecraft/util/datafix/schemas/V701;
[22:05:57] [main/DEBUG]: Skipping Lnet/minecraft/util/datafix/schemas/V700;
[22:05:57] [main/DEBUG]: Skipping Lnet/minecraft/util/datafix/schemas/V501;
[22:05:57] [main/DEBUG]: Skipping Lnet/minecraft/util/datafix/schemas/V3448;
[22:05:57] [main/DEBUG]: Skipping Lnet/minecraft/util/datafix/schemas/V3438;
[22:05:57] [main/DEBUG]: Skipping Lnet/minecraft/util/datafix/schemas/V3328;
[22:05:57] [main/DEBUG]: Skipping Lnet/minecraft/util/datafix/schemas/V3327;
[22:05:57] [main/DEBUG]: Skipping Lnet/minecraft/util/datafix/schemas/V3326;
[22:05:57] [main/DEBUG]: Skipping Lnet/minecraft/util/datafix/schemas/V3325;
[22:05:57] [main/DEBUG]: Skipping Lnet/minecraft/util/datafix/schemas/V3204;
[22:05:57] [main/DEBUG]: Skipping Lnet/minecraft/util/datafix/schemas/V3203;
[22:05:57] [main/DEBUG]: Skipping Lnet/minecraft/util/datafix/schemas/V3202;
[22:05:57] [main/DEBUG]: Skipping Lnet/minecraft/util/datafix/schemas/V3083;
[22:05:57] [main/DEBUG]: Skipping Lnet/minecraft/util/datafix/schemas/V3082;
[22:05:57] [main/DEBUG]: Skipping Lnet/minecraft/util/datafix/schemas/V3081;
[22:05:57] [main/DEBUG]: Skipping Lnet/minecraft/util/datafix/schemas/V3078;
[22:05:57] [main/DEBUG]: Skipping Lnet/minecraft/util/datafix/schemas/V3076;
[22:05:57] [main/DEBUG]: Skipping Lnet/minecraft/util/datafix/schemas/V2842;
[22:05:57] [main/DEBUG]: Skipping Lnet/minecraft/util/datafix/schemas/V2831;
[22:05:57] [main/DEBUG]: Skipping Lnet/minecraft/util/datafix/schemas/V2707;
[22:05:57] [main/DEBUG]: Skipping Lnet/minecraft/util/datafix/schemas/V2704;
[22:05:57] [main/DEBUG]: Skipping Lnet/minecraft/util/datafix/schemas/V2688;
[22:05:57] [main/DEBUG]: Skipping Lnet/minecraft/util/datafix/schemas/V2686;
[22:05:57] [main/DEBUG]: Skipping Lnet/minecraft/util/datafix/schemas/V2684;
[22:05:57] [main/DEBUG]: Skipping Lnet/minecraft/util/datafix/schemas/V2571;
[22:05:57] [main/DEBUG]: Skipping Lnet/minecraft/util/datafix/schemas/V2568;
[22:05:57] [main/DEBUG]: Skipping Lnet/minecraft/util/datafix/schemas/V2551;
[22:05:57] [main/DEBUG]: Skipping Lnet/minecraft/util/datafix/schemas/V2522;
[22:05:57] [main/DEBUG]: Skipping Lnet/minecraft/util/datafix/schemas/V2519;
[22:05:57] [main/DEBUG]: Skipping Lnet/minecraft/util/datafix/schemas/V2509;
[22:05:57] [main/DEBUG]: Skipping Lnet/minecraft/util/datafix/schemas/V2505;
[22:05:57] [main/DEBUG]: Skipping Lnet/minecraft/util/datafix/schemas/V2502;
[22:05:57] [main/DEBUG]: Skipping Lnet/minecraft/util/datafix/schemas/V2501;
[22:05:57] [main/DEBUG]: Skipping Lnet/minecraft/util/datafix/schemas/V2100;
[22:05:57] [main/DEBUG]: Skipping Lnet/minecraft/util/datafix/schemas/V1931;
[22:05:57] [main/DEBUG]: Skipping Lnet/minecraft/util/datafix/schemas/V1929;
[22:05:57] [main/DEBUG]: Skipping Lnet/minecraft/util/datafix/schemas/V1928;
[22:05:57] [main/DEBUG]: Skipping Lnet/minecraft/util/datafix/schemas/V1920;
[22:05:57] [main/DEBUG]: Skipping Lnet/minecraft/util/datafix/schemas/V1909;
[22:05:57] [main/DEBUG]: Skipping Lnet/minecraft/util/datafix/schemas/V1906;
[22:05:57] [main/DEBUG]: Skipping Lnet/minecraft/util/datafix/schemas/V1904;
[22:05:57] [main/DEBUG]: Skipping Lnet/minecraft/util/datafix/schemas/V1801;
[22:05:57] [main/DEBUG]: Skipping Lnet/minecraft/util/datafix/schemas/V1800;
[22:05:57] [main/DEBUG]: Skipping Lnet/minecraft/util/datafix/schemas/V1510;
[22:05:57] [main/DEBUG]: Skipping Lnet/minecraft/util/datafix/schemas/V1486;
[22:05:57] [main/DEBUG]: Skipping Lnet/minecraft/util/datafix/schemas/V1483;
[22:05:57] [main/DEBUG]: Skipping Lnet/minecraft/util/datafix/schemas/V1481;
[22:05:57] [main/DEBUG]: Skipping Lnet/minecraft/util/datafix/schemas/V1470;
[22:05:57] [main/DEBUG]: Skipping Lnet/minecraft/util/datafix/schemas/V1466;
[22:05:57] [main/DEBUG]: Skipping Lnet/minecraft/util/datafix/schemas/V1460;
[22:05:57] [main/DEBUG]: Skipping Lnet/minecraft/util/datafix/schemas/V1451_6;
[22:05:57] [main/DEBUG]: Skipping Lnet/minecraft/util/datafix/schemas/V1451_6$2;
[22:05:57] [main/DEBUG]: Skipping Lnet/minecraft/util/datafix/schemas/V1451_6$1;
[22:05:57] [main/DEBUG]: Skipping Lnet/minecraft/util/datafix/schemas/V1451_5;
[22:05:57] [main/DEBUG]: Skipping Lnet/minecraft/util/datafix/schemas/V1451_4;
[22:05:57] [main/DEBUG]: Skipping Lnet/minecraft/util/datafix/schemas/V1451_3;
[22:05:57] [main/DEBUG]: Skipping Lnet/minecraft/util/datafix/schemas/V1451_2;
[22:05:57] [main/DEBUG]: Skipping Lnet/minecraft/util/datafix/schemas/V1451_1;
[22:05:57] [main/DEBUG]: Skipping Lnet/minecraft/util/datafix/schemas/V1451;
[22:05:57] [main/DEBUG]: Skipping Lnet/minecraft/util/datafix/schemas/V143;
[22:05:57] [main/DEBUG]: Skipping Lnet/minecraft/util/datafix/schemas/V135;
[22:05:57] [main/DEBUG]: Skipping Lnet/minecraft/util/datafix/schemas/V1125;
[22:05:57] [main/DEBUG]: Skipping Lnet/minecraft/util/datafix/schemas/V107;
[22:05:57] [main/DEBUG]: Skipping Lnet/minecraft/util/datafix/schemas/V106;
[22:05:57] [main/DEBUG]: Skipping Lnet/minecraft/util/datafix/schemas/V1022;
[22:05:57] [main/DEBUG]: Skipping Lnet/minecraft/util/datafix/schemas/V102;
[22:05:57] [main/DEBUG]: Skipping Lnet/minecraft/util/datafix/schemas/V100;
[22:05:57] [main/DEBUG]: Skipping Lnet/minecraft/util/datafix/schemas/NamespacedSchema;
[22:05:57] [main/DEBUG]: Skipping Lnet/minecraft/util/datafix/schemas/NamespacedSchema$1;
[22:05:57] [main/DEBUG]: Skipping Lnet/minecraft/util/datafix/schemas/V2832;
[22:05:57] [main/DEBUG]: Skipping Lnet/minecraft/util/datafix/package-info;
[22:05:57] [main/DEBUG]: Skipping Lnet/minecraft/util/datafix/fixes/package-info;
[22:05:57] [main/DEBUG]: Skipping Lnet/minecraft/util/datafix/fixes/ZombieVillagerRebuildXpFix;
[22:05:57] [main/DEBUG]: Skipping Lnet/minecraft/util/datafix/fixes/WriteAndReadFix;
[22:05:57] [main/DEBUG]: Skipping Lnet/minecraft/util/datafix/fixes/WorldGenSettingsHeightAndBiomeFix;
[22:05:57] [main/DEBUG]: Skipping Lnet/minecraft/util/datafix/fixes/WorldGenSettingsFix;
[22:05:57] [main/DEBUG]: Skipping Lnet/minecraft/util/datafix/fixes/WorldGenSettingsFix$StructureFeatureConfiguration;
[22:05:57] [main/DEBUG]: Skipping Lnet/minecraft/util/datafix/fixes/WorldGenSettingsDisallowOldCustomWorldsFix;
[22:05:57] [main/DEBUG]: Skipping Lnet/minecraft/util/datafix/fixes/WeaponSmithChestLootTableFix;
[22:05:57] [main/DEBUG]: Skipping Lnet/minecraft/util/datafix/fixes/WallPropertyFix;
[22:05:57] [main/DEBUG]: Skipping Lnet/minecraft/util/datafix/fixes/VillagerTradeFix;
[22:05:57] [main/DEBUG]: Skipping Lnet/minecraft/util/datafix/fixes/VillagerRebuildLevelAndXpFix;
[22:05:57] [main/DEBUG]: Skipping Lnet/minecraft/util/datafix/fixes/VillagerFollowRangeFix;
[22:05:57] [main/DEBUG]: Skipping Lnet/minecraft/util/datafix/fixes/VillagerDataFix;
[22:05:57] [main/DEBUG]: Skipping Lnet/minecraft/util/datafix/fixes/VariantRenameFix;
[22:05:57] [main/DEBUG]: Skipping Lnet/minecraft/util/datafix/fixes/TrappedChestBlockEntityFix;
[22:05:57] [main/DEBUG]: Skipping Lnet/minecraft/util/datafix/fixes/TrappedChestBlockEntityFix$TrappedChestSection;
[22:05:57] [main/DEBUG]: Skipping Lnet/minecraft/util/datafix/fixes/TeamDisplayNameFix;
[22:05:57] [main/DEBUG]: Skipping Lnet/minecraft/util/datafix/fixes/StructureSettingsFlattenFix;
[22:05:57] [main/DEBUG]: Skipping Lnet/minecraft/util/datafix/fixes/StructureReferenceCountFix;
[22:05:57] [main/DEBUG]: Skipping Lnet/minecraft/util/datafix/fixes/StriderGravityFix;
[22:05:57] [main/DEBUG]: Skipping Lnet/minecraft/util/datafix/fixes/StatsRenameFix;
[22:05:57] [main/DEBUG]: Skipping Lnet/minecraft/util/datafix/fixes/StatsCounterFix;
[22:05:57] [main/DEBUG]: Skipping Lnet/minecraft/util/datafix/fixes/SpawnerDataFix;
[22:05:57] [main/DEBUG]: Skipping Lnet/minecraft/util/datafix/fixes/SimplestEntityRenameFix;
[22:05:57] [main/DEBUG]: Skipping Lnet/minecraft/util/datafix/fixes/SimpleEntityRenameFix;
[22:05:57] [main/DEBUG]: Skipping Lnet/minecraft/util/datafix/fixes/SavedDataUUIDFix;
[22:05:57] [main/DEBUG]: Skipping Lnet/minecraft/util/datafix/fixes/SavedDataFeaturePoolElementFix;
[22:05:57] [main/DEBUG]: Skipping Lnet/minecraft/util/datafix/fixes/ReorganizePoi;
[22:05:57] [main/DEBUG]: Skipping Lnet/minecraft/util/datafix/fixes/RenamedCoralFix;
[22:05:57] [main/DEBUG]: Skipping Lnet/minecraft/util/datafix/fixes/RenamedCoralFansFix;
[22:05:57] [main/DEBUG]: Skipping Lnet/minecraft/util/datafix/fixes/RemoveGolemGossipFix;
[22:05:57] [main/DEBUG]: Skipping Lnet/minecraft/util/datafix/fixes/RemapChunkStatusFix;
[22:05:57] [main/DEBUG]: Skipping Lnet/minecraft/util/datafix/fixes/References;
[22:05:57] [main/DEBUG]: Skipping Lnet/minecraft/util/datafix/fixes/RedstoneWireConnectionsFix;
[22:05:57] [main/DEBUG]: Skipping Lnet/minecraft/util/datafix/fixes/RecipesRenameningFix;
[22:05:57] [main/DEBUG]: Skipping Lnet/minecraft/util/datafix/fixes/RecipesFix;
[22:05:57] [main/DEBUG]: Skipping Lnet/minecraft/util/datafix/fixes/PoiTypeRenameFix;
[22:05:57] [main/DEBUG]: Skipping Lnet/minecraft/util/datafix/fixes/PoiTypeRemoveFix;
[22:05:57] [main/DEBUG]: Skipping Lnet/minecraft/util/datafix/fixes/PlayerUUIDFix;
[22:05:57] [main/DEBUG]: Skipping Lnet/minecraft/util/datafix/fixes/OverreachingTickFix;
[22:05:57] [main/DEBUG]: Skipping Lnet/minecraft/util/datafix/fixes/OptionsRenameFieldFix;
[22:05:57] [main/DEBUG]: Skipping Lnet/minecraft/util/datafix/fixes/OptionsProgrammerArtFix;
[22:05:57] [main/DEBUG]: Skipping Lnet/minecraft/util/datafix/fixes/OptionsLowerCaseLanguageFix;
[22:05:57] [main/DEBUG]: Skipping Lnet/minecraft/util/datafix/fixes/OptionsKeyTranslationFix;
[22:05:57] [main/DEBUG]: Skipping Lnet/minecraft/util/datafix/fixes/OptionsKeyLwjgl3Fix;
[22:05:57] [main/DEBUG]: Skipping Lnet/minecraft/util/datafix/fixes/OptionsForceVBOFix;
[22:05:57] [main/DEBUG]: Skipping Lnet/minecraft/util/datafix/fixes/OptionsAmbientOcclusionFix;
[22:05:57] [main/DEBUG]: Skipping Lnet/minecraft/util/datafix/fixes/OptionsAddTextBackgroundFix;
[22:05:57] [main/DEBUG]: Skipping Lnet/minecraft/util/datafix/fixes/OptionsAccessibilityOnboardFix;
[22:05:57] [main/DEBUG]: Skipping Lnet/minecraft/util/datafix/fixes/OminousBannerRenameFix;
[22:05:57] [main/DEBUG]: Skipping Lnet/minecraft/util/datafix/fixes/OminousBannerBlockEntityRenameFix;
[22:05:57] [main/DEBUG]: Skipping Lnet/minecraft/util/datafix/fixes/ObjectiveRenderTypeFix;
[22:05:57] [main/DEBUG]: Skipping Lnet/minecraft/util/datafix/fixes/ObjectiveDisplayNameFix;
[22:05:57] [main/DEBUG]: Skipping Lnet/minecraft/util/datafix/fixes/NewVillageFix;
[22:05:57] [main/DEBUG]: Skipping Lnet/minecraft/util/datafix/fixes/NamespacedTypeRenameFix;
[22:05:57] [main/DEBUG]: Skipping Lnet/minecraft/util/datafix/fixes/NamedEntityFix;
[22:05:57] [main/DEBUG]: Skipping Lnet/minecraft/util/datafix/fixes/MobSpawnerEntityIdentifiersFix;
[22:05:57] [main/DEBUG]: Skipping Lnet/minecraft/util/datafix/fixes/MissingDimensionFix;
[22:05:57] [main/DEBUG]: Skipping Lnet/minecraft/util/datafix/fixes/MemoryExpiryDataFix;
[22:05:57] [main/DEBUG]: Skipping Lnet/minecraft/util/datafix/fixes/MapIdFix;
[22:05:57] [main/DEBUG]: Skipping Lnet/minecraft/util/datafix/fixes/LevelUUIDFix;
[22:05:57] [main/DEBUG]: Skipping Lnet/minecraft/util/datafix/fixes/LevelFlatGeneratorInfoFix;
[22:05:57] [main/DEBUG]: Skipping Lnet/minecraft/util/datafix/fixes/LevelDataGeneratorOptionsFix;
[22:05:57] [main/DEBUG]: Skipping Lnet/minecraft/util/datafix/fixes/LegacyDragonFightFix;
[22:05:57] [main/DEBUG]: Skipping Lnet/minecraft/util/datafix/fixes/LeavesFix;
[22:05:57] [main/DEBUG]: Skipping Lnet/minecraft/util/datafix/fixes/LeavesFix$Section;
[22:05:57] [main/DEBUG]: Skipping Lnet/minecraft/util/datafix/fixes/LeavesFix$LeavesSection;
[22:05:57] [main/DEBUG]: Skipping Lnet/minecraft/util/datafix/fixes/JigsawRotationFix;
[22:05:57] [main/DEBUG]: Skipping Lnet/minecraft/util/datafix/fixes/JigsawPropertiesFix;
[22:05:57] [main/DEBUG]: Skipping Lnet/minecraft/util/datafix/fixes/ItemWrittenBookPagesStrictJsonFix;
[22:05:57] [main/DEBUG]: Skipping Lnet/minecraft/util/datafix/fixes/ItemWaterPotionFix;
[22:05:57] [main/DEBUG]: Skipping Lnet/minecraft/util/datafix/fixes/ItemStackUUIDFix;
[22:05:57] [main/DEBUG]: Skipping Lnet/minecraft/util/datafix/fixes/ItemStackTheFlatteningFix;
[22:05:57] [main/DEBUG]: Skipping Lnet/minecraft/util/datafix/fixes/ItemStackTagFix;
[22:05:57] [main/DEBUG]: Skipping Lnet/minecraft/util/datafix/fixes/ItemStackSpawnEggFix;
[22:05:57] [main/DEBUG]: Skipping Lnet/minecraft/util/datafix/fixes/ItemStackMapIdFix;
[22:05:57] [main/DEBUG]: Skipping Lnet/minecraft/util/datafix/fixes/ItemStackEnchantmentNamesFix;
[22:05:57] [main/DEBUG]: Skipping Lnet/minecraft/util/datafix/fixes/ItemSpawnEggFix;
[22:05:57] [main/DEBUG]: Skipping Lnet/minecraft/util/datafix/fixes/ItemShulkerBoxColorFix;
[22:05:57] [main/DEBUG]: Skipping Lnet/minecraft/util/datafix/fixes/ItemRenameFix;
[22:05:57] [main/DEBUG]: Skipping Lnet/minecraft/util/datafix/fixes/ItemRenameFix$1;
[22:05:57] [main/DEBUG]: Skipping Lnet/minecraft/util/datafix/fixes/ItemRemoveBlockEntityTagFix;
[22:05:57] [main/DEBUG]: Skipping Lnet/minecraft/util/datafix/fixes/ItemPotionFix;
[22:05:57] [main/DEBUG]: Skipping Lnet/minecraft/util/datafix/fixes/ItemLoreFix;
[22:05:57] [main/DEBUG]: Skipping Lnet/minecraft/util/datafix/fixes/ItemIdFix;
[22:05:57] [main/DEBUG]: Skipping Lnet/minecraft/util/datafix/fixes/ItemCustomNameToComponentFix;
[22:05:57] [main/DEBUG]: Skipping Lnet/minecraft/util/datafix/fixes/ItemBannerColorFix;
[22:05:57] [main/DEBUG]: Skipping Lnet/minecraft/util/datafix/fixes/IglooMetadataRemovalFix;
[22:05:57] [main/DEBUG]: Skipping Lnet/minecraft/util/datafix/fixes/HeightmapRenamingFix;
[22:05:57] [main/DEBUG]: Skipping Lnet/minecraft/util/datafix/fixes/GossipUUIDFix;
[22:05:57] [main/DEBUG]: Skipping Lnet/minecraft/util/datafix/fixes/GoatHornIdFix;
[22:05:57] [main/DEBUG]: Skipping Lnet/minecraft/util/datafix/fixes/FurnaceRecipeFix;
[22:05:57] [main/DEBUG]: Skipping Lnet/minecraft/util/datafix/fixes/ForcePoiRebuild;
[22:05:57] [main/DEBUG]: Skipping Lnet/minecraft/util/datafix/fixes/FilteredSignsFix;
[22:05:57] [main/DEBUG]: Skipping Lnet/minecraft/util/datafix/fixes/FilteredBooksFix;
[22:05:57] [main/DEBUG]: Skipping Lnet/minecraft/util/datafix/fixes/FeatureFlagRemoveFix;
[22:05:57] [main/DEBUG]: Skipping Lnet/minecraft/util/datafix/fixes/EntityZombifiedPiglinRenameFix;
[22:05:57] [main/DEBUG]: Skipping Lnet/minecraft/util/datafix/fixes/EntityZombieVillagerTypeFix;
[22:05:57] [main/DEBUG]: Skipping Lnet/minecraft/util/datafix/fixes/EntityZombieSplitFix;
[22:05:57] [main/DEBUG]: Skipping Lnet/minecraft/util/datafix/fixes/EntityWolfColorFix;
[22:05:57] [main/DEBUG]: Skipping Lnet/minecraft/util/datafix/fixes/EntityVariantFix;
[22:05:57] [main/DEBUG]: Skipping Lnet/minecraft/util/datafix/fixes/EntityUUIDFix;
[22:05:57] [main/DEBUG]: Skipping Lnet/minecraft/util/datafix/fixes/EntityTippedArrowFix;
[22:05:57] [main/DEBUG]: Skipping Lnet/minecraft/util/datafix/fixes/EntityTheRenameningFix;
[22:05:57] [main/DEBUG]: Skipping Lnet/minecraft/util/datafix/fixes/EntityStringUuidFix;
[22:05:57] [main/DEBUG]: Skipping Lnet/minecraft/util/datafix/fixes/EntitySkeletonSplitFix;
[22:05:57] [main/DEBUG]: Skipping Lnet/minecraft/util/datafix/fixes/EntityShulkerRotationFix;
[22:05:57] [main/DEBUG]: Skipping Lnet/minecraft/util/datafix/fixes/EntityShulkerColorFix;
[22:05:57] [main/DEBUG]: Skipping Lnet/minecraft/util/datafix/fixes/EntityRidingToPassengersFix;
[22:05:57] [main/DEBUG]: Skipping Lnet/minecraft/util/datafix/fixes/EntityRenameFix;
[22:05:57] [main/DEBUG]: Skipping Lnet/minecraft/util/datafix/fixes/EntityRedundantChanceTagsFix;
[22:05:57] [main/DEBUG]: Skipping Lnet/minecraft/util/datafix/fixes/EntityRavagerRenameFix;
[22:05:57] [main/DEBUG]: Skipping Lnet/minecraft/util/datafix/fixes/EntityPufferfishRenameFix;
[22:05:57] [main/DEBUG]: Skipping Lnet/minecraft/util/datafix/fixes/EntityProjectileOwnerFix;
[22:05:57] [main/DEBUG]: Skipping Lnet/minecraft/util/datafix/fixes/EntityPaintingMotiveFix;
[22:05:57] [main/DEBUG]: Skipping Lnet/minecraft/util/datafix/fixes/EntityPaintingItemFrameDirectionFix;
[22:05:57] [main/DEBUG]: Skipping Lnet/minecraft/util/datafix/fixes/EntityPaintingFieldsRenameFix;
[22:05:57] [main/DEBUG]: Skipping Lnet/minecraft/util/datafix/fixes/EntityMinecartIdentifiersFix;
[22:05:57] [main/DEBUG]: Skipping Lnet/minecraft/util/datafix/fixes/EntityItemFrameDirectionFix;
[22:05:57] [main/DEBUG]: Skipping Lnet/minecraft/util/datafix/fixes/EntityIdFix;
[22:05:57] [main/DEBUG]: Skipping Lnet/minecraft/util/datafix/fixes/EntityHorseSplitFix;
[22:05:57] [main/DEBUG]: Skipping Lnet/minecraft/util/datafix/fixes/EntityHorseSaddleFix;
[22:05:57] [main/DEBUG]: Skipping Lnet/minecraft/util/datafix/fixes/EntityHealthFix;
[22:05:57] [main/DEBUG]: Skipping Lnet/minecraft/util/datafix/fixes/EntityGoatMissingStateFix;
[22:05:57] [main/DEBUG]: Skipping Lnet/minecraft/util/datafix/fixes/EntityEquipmentToArmorAndHandFix;
[22:05:57] [main/DEBUG]: Skipping Lnet/minecraft/util/datafix/fixes/EntityElderGuardianSplitFix;
[22:05:57] [main/DEBUG]: Skipping Lnet/minecraft/util/datafix/fixes/EntityCustomNameToComponentFix;
[22:05:57] [main/DEBUG]: Skipping Lnet/minecraft/util/datafix/fixes/EntityCodSalmonFix;
[22:05:57] [main/DEBUG]: Skipping Lnet/minecraft/util/datafix/fixes/EntityCatSplitFix;
[22:05:57] [main/DEBUG]: Skipping Lnet/minecraft/util/datafix/fixes/EntityBrushableBlockFieldsRenameFix;
[22:05:57] [main/DEBUG]: Skipping Lnet/minecraft/util/datafix/fixes/EntityBlockStateFix;
[22:05:57] [main/DEBUG]: Skipping Lnet/minecraft/util/datafix/fixes/EntityArmorStandSilentFix;
[22:05:57] [main/DEBUG]: Skipping Lnet/minecraft/util/datafix/fixes/EffectDurationFix;
[22:05:57] [main/DEBUG]: Skipping Lnet/minecraft/util/datafix/fixes/DyeItemRenameFix;
[22:05:57] [main/DEBUG]: Skipping Lnet/minecraft/util/datafix/fixes/DecoratedPotFieldRenameFix;
[22:05:57] [main/DEBUG]: Skipping Lnet/minecraft/util/datafix/fixes/CriteriaRenameFix;
[22:05:57] [main/DEBUG]: Skipping Lnet/minecraft/util/datafix/fixes/ColorlessShulkerEntityFix;
[22:05:57] [main/DEBUG]: Skipping Lnet/minecraft/util/datafix/fixes/ChunkToProtochunkFix;
[22:05:57] [main/DEBUG]: Skipping Lnet/minecraft/util/datafix/fixes/ChunkStructuresTemplateRenameFix;
[22:05:57] [main/DEBUG]: Skipping Lnet/minecraft/util/datafix/fixes/ChunkStatusFix2;
[22:05:57] [main/DEBUG]: Skipping Lnet/minecraft/util/datafix/fixes/ChunkStatusFix;
[22:05:57] [main/DEBUG]: Skipping Lnet/minecraft/util/datafix/fixes/ChunkRenamesFix;
[22:05:57] [main/DEBUG]: Skipping Lnet/minecraft/util/datafix/fixes/ChunkProtoTickListFix;
[22:05:57] [main/DEBUG]: Skipping Lnet/minecraft/util/datafix/fixes/ChunkProtoTickListFix$PoorMansPalettedContainer;
[22:05:57] [main/DEBUG]: Skipping Lnet/minecraft/util/datafix/fixes/ChunkPalettedStorageFix;
[22:05:57] [main/DEBUG]: Skipping Lnet/minecraft/util/datafix/fixes/ChunkPalettedStorageFix$UpgradeChunk;
[22:05:57] [main/DEBUG]: Skipping Lnet/minecraft/util/datafix/fixes/ChunkPalettedStorageFix$Section;
[22:05:57] [main/DEBUG]: Skipping Lnet/minecraft/util/datafix/fixes/ChunkPalettedStorageFix$Direction;
[22:05:57] [main/DEBUG]: Skipping Lnet/minecraft/util/datafix/fixes/ChunkPalettedStorageFix$Direction$AxisDirection;
[22:05:57] [main/DEBUG]: Skipping Lnet/minecraft/util/datafix/fixes/ChunkPalettedStorageFix$Direction$Axis;
[22:05:57] [main/DEBUG]: Skipping Lnet/minecraft/util/datafix/fixes/ChunkPalettedStorageFix$DataLayer;
[22:05:57] [main/DEBUG]: Skipping Lnet/minecraft/util/datafix/fixes/ChunkPalettedStorageFix$1;
[22:05:57] [main/DEBUG]: Skipping Lnet/minecraft/util/datafix/fixes/ChunkLightRemoveFix;
[22:05:57] [main/DEBUG]: Skipping Lnet/minecraft/util/datafix/fixes/ChunkHeightAndBiomeFix;
[22:05:57] [main/DEBUG]: Skipping Lnet/minecraft/util/datafix/fixes/ChunkDeleteLightFix;
[22:05:57] [main/DEBUG]: Skipping Lnet/minecraft/util/datafix/fixes/ChunkDeleteIgnoredLightDataFix;
[22:05:57] [main/DEBUG]: Skipping Lnet/minecraft/util/datafix/fixes/ChunkBiomeFix;
[22:05:57] [main/DEBUG]: Skipping Lnet/minecraft/util/datafix/fixes/ChunkBedBlockEntityInjecterFix;
[22:05:57] [main/DEBUG]: Skipping Lnet/minecraft/util/datafix/fixes/CavesAndCliffsRenames;
[22:05:57] [main/DEBUG]: Skipping Lnet/minecraft/util/datafix/fixes/CauldronRenameFix;
[22:05:57] [main/DEBUG]: Skipping Lnet/minecraft/util/datafix/fixes/CatTypeFix;
[22:05:57] [main/DEBUG]: Skipping Lnet/minecraft/util/datafix/fixes/BlockStateStructureTemplateFix;
[22:05:57] [main/DEBUG]: Skipping Lnet/minecraft/util/datafix/fixes/BlockStateData;
[22:05:57] [main/DEBUG]: Skipping Lnet/minecraft/util/datafix/fixes/BlockRenameFixWithJigsaw;
[22:05:57] [main/DEBUG]: Skipping Lnet/minecraft/util/datafix/fixes/BlockRenameFixWithJigsaw$1;
[22:05:57] [main/DEBUG]: Skipping Lnet/minecraft/util/datafix/fixes/BlockRenameFix;
[22:05:57] [main/DEBUG]: Skipping Lnet/minecraft/util/datafix/fixes/BlockRenameFix$1;
[22:05:57] [main/DEBUG]: Skipping Lnet/minecraft/util/datafix/fixes/BlockNameFlatteningFix;
[22:05:57] [main/DEBUG]: Skipping Lnet/minecraft/util/datafix/fixes/BlockEntityUUIDFix;
[22:05:57] [main/DEBUG]: Skipping Lnet/minecraft/util/datafix/fixes/BlockEntitySignTextStrictJsonFix;
[22:05:57] [main/DEBUG]: Skipping Lnet/minecraft/util/datafix/fixes/BlockEntitySignTextStrictJsonFix$1;
[22:05:57] [main/DEBUG]: Skipping Lnet/minecraft/util/datafix/fixes/BlockEntitySignDoubleSidedEditableTextFix;
[22:05:57] [main/DEBUG]: Skipping Lnet/minecraft/util/datafix/fixes/BlockEntityShulkerBoxColorFix;
[22:05:57] [main/DEBUG]: Skipping Lnet/minecraft/util/datafix/fixes/BlockEntityRenameFix;
[22:05:57] [main/DEBUG]: Skipping Lnet/minecraft/util/datafix/fixes/BlockEntityKeepPacked;
[22:05:57] [main/DEBUG]: Skipping Lnet/minecraft/util/datafix/fixes/BlockEntityJukeboxFix;
[22:05:57] [main/DEBUG]: Skipping Lnet/minecraft/util/datafix/fixes/BlockEntityIdFix;
[22:05:57] [main/DEBUG]: Skipping Lnet/minecraft/util/datafix/fixes/BlockEntityCustomNameToComponentFix;
[22:05:57] [main/DEBUG]: Skipping Lnet/minecraft/util/datafix/fixes/BlockEntityBlockStateFix;
[22:05:57] [main/DEBUG]: Skipping Lnet/minecraft/util/datafix/fixes/BlockEntityBannerColorFix;
[22:05:57] [main/DEBUG]: Skipping Lnet/minecraft/util/datafix/fixes/BlendingDataRemoveFromNetherEndFix;
[22:05:57] [main/DEBUG]: Skipping Lnet/minecraft/util/datafix/fixes/BlendingDataFix;
[22:05:57] [main/DEBUG]: Skipping Lnet/minecraft/util/datafix/fixes/BitStorageAlignFix;
[22:05:57] [main/DEBUG]: Skipping Lnet/minecraft/util/datafix/fixes/BiomeFix;
[22:05:57] [main/DEBUG]: Skipping Lnet/minecraft/util/datafix/fixes/BedItemColorFix;
[22:05:57] [main/DEBUG]: Skipping Lnet/minecraft/util/datafix/fixes/AttributesRename;
[22:05:57] [main/DEBUG]: Skipping Lnet/minecraft/util/datafix/fixes/AdvancementsRenameFix;
[22:05:57] [main/DEBUG]: Skipping Lnet/minecraft/util/datafix/fixes/AdvancementsFix;
[22:05:57] [main/DEBUG]: Skipping Lnet/minecraft/util/datafix/fixes/AddNewChoices;
[22:05:57] [main/DEBUG]: Skipping Lnet/minecraft/util/datafix/fixes/AddFlagIfNotPresentFix;
[22:05:57] [main/DEBUG]: Skipping Lnet/minecraft/util/datafix/fixes/AbstractUUIDFix;
[22:05:57] [main/DEBUG]: Skipping Lnet/minecraft/util/datafix/fixes/AbstractPoiSectionFix;
[22:05:57] [main/DEBUG]: Skipping Lnet/minecraft/util/datafix/fixes/AbstractArrowPickupFix;
[22:05:57] [main/DEBUG]: Transforming class Lnet/minecraft/util/datafix/fixes/StructuresBecomeConfiguredFix;
[22:05:57] [main/DEBUG]: Transforming net/minecraft/util/datafix/fixes/StructuresBecomeConfiguredFix INNERCLASS Conversion to access PUBLIC and LEAVE
[22:05:57] [main/DEBUG]: Transforming class Lnet/minecraft/util/datafix/fixes/StructuresBecomeConfiguredFix$Conversion;
[22:05:57] [main/DEBUG]: Transforming net/minecraft/util/datafix/fixes/StructuresBecomeConfiguredFix$Conversion CLASS to access PUBLIC and LEAVE
[22:05:57] [main/DEBUG]: Skipping Lnet/minecraft/util/datafix/PackedBitStorage;
[22:05:57] [main/DEBUG]: Skipping Lnet/minecraft/util/datafix/DataFixers;
[22:05:57] [main/DEBUG]: Skipping Lnet/minecraft/util/datafix/DataFixers$2;
[22:05:57] [main/DEBUG]: Skipping Lnet/minecraft/util/datafix/DataFixers$1;
[22:05:57] [main/DEBUG]: Skipping Lnet/minecraft/util/datafix/DataFixTypes;
[22:05:57] [main/DEBUG]: Skipping Lnet/minecraft/util/ZeroBitStorage;
[22:05:57] [main/DEBUG]: Skipping Lnet/minecraft/util/VisibleForDebug;
[22:05:57] [main/DEBUG]: Skipping Lnet/minecraft/util/Unit;
[22:05:57] [main/DEBUG]: Skipping Lnet/minecraft/util/Tuple;
[22:05:57] [main/DEBUG]: Skipping Lnet/minecraft/util/ToFloatFunction;
[22:05:57] [main/DEBUG]: Skipping Lnet/minecraft/util/ToFloatFunction$2;
[22:05:57] [main/DEBUG]: Skipping Lnet/minecraft/util/ToFloatFunction$1;
[22:05:57] [main/DEBUG]: Skipping Lnet/minecraft/util/TimeUtil;
[22:05:57] [main/DEBUG]: Skipping Lnet/minecraft/util/TimeSource;
[22:05:57] [main/DEBUG]: Skipping Lnet/minecraft/util/TimeSource$NanoTimeSource;
[22:05:57] [main/DEBUG]: Skipping Lnet/minecraft/util/ThreadingDetector;
[22:05:57] [main/DEBUG]: Skipping Lnet/minecraft/util/TaskChainer;
[22:05:57] [main/DEBUG]: Skipping Lnet/minecraft/util/TaskChainer$DelayedTask;
[22:05:57] [main/DEBUG]: Skipping Lnet/minecraft/util/StringUtil;
[22:05:57] [main/DEBUG]: Skipping Lnet/minecraft/util/StringRepresentable;
[22:05:57] [main/DEBUG]: Skipping Lnet/minecraft/util/StringRepresentable$EnumCodec;
[22:05:57] [main/DEBUG]: Skipping Lnet/minecraft/util/StringRepresentable$1;
[22:05:57] [main/DEBUG]: Skipping Lnet/minecraft/util/StringDecomposer;
[22:05:57] [main/DEBUG]: Skipping Lnet/minecraft/util/SortedArraySet;
[22:05:57] [main/DEBUG]: Skipping Lnet/minecraft/util/SortedArraySet$ArrayIterator;
[22:05:57] [main/DEBUG]: Skipping Lnet/minecraft/util/SmoothDouble;
[22:05:57] [main/DEBUG]: Skipping Lnet/minecraft/util/SingleKeyCache;
[22:05:57] [main/DEBUG]: Skipping Lnet/minecraft/util/SimpleBitStorage;
[22:05:57] [main/DEBUG]: Skipping Lnet/minecraft/util/SimpleBitStorage$InitializationException;
[22:05:57] [main/DEBUG]: Skipping Lnet/minecraft/util/Signer;
[22:05:57] [main/DEBUG]: Skipping Lnet/minecraft/util/SignatureValidator;
[22:05:57] [main/DEBUG]: Skipping Lnet/minecraft/util/SignatureUpdater;
[22:05:57] [main/DEBUG]: Skipping Lnet/minecraft/util/SignatureUpdater$Output;
[22:05:57] [main/DEBUG]: Skipping Lnet/minecraft/util/SegmentedAnglePrecision;
[22:05:57] [main/DEBUG]: Skipping Lnet/minecraft/util/ResourceLocationPattern;
[22:05:57] [main/DEBUG]: Skipping Lnet/minecraft/util/RandomSource;
[22:05:57] [main/DEBUG]: Skipping Lnet/minecraft/util/ProgressListener;
[22:05:57] [main/DEBUG]: Skipping Lnet/minecraft/util/ParticleUtils;
[22:05:57] [main/DEBUG]: Skipping Lnet/minecraft/util/OptionEnum;
[22:05:57] [main/DEBUG]: Skipping Lnet/minecraft/util/NativeModuleLister;
[22:05:57] [main/DEBUG]: Skipping Lnet/minecraft/util/NativeModuleLister$NativeModuleVersion;
[22:05:57] [main/DEBUG]: Skipping Lnet/minecraft/util/NativeModuleLister$NativeModuleInfo;
[22:05:57] [main/DEBUG]: Skipping Lnet/minecraft/util/Mth;
[22:05:57] [main/DEBUG]: Skipping Lnet/minecraft/util/ModCheck;
[22:05:57] [main/DEBUG]: Skipping Lnet/minecraft/util/ModCheck$Confidence;
[22:05:57] [main/DEBUG]: Skipping Lnet/minecraft/util/MemoryReserve;
[22:05:57] [main/DEBUG]: Skipping Lnet/minecraft/util/LowerCaseEnumTypeAdapterFactory;
[22:05:57] [main/DEBUG]: Skipping Lnet/minecraft/util/LowerCaseEnumTypeAdapterFactory$1;
[22:05:57] [main/DEBUG]: Skipping Lnet/minecraft/util/LinearCongruentialGenerator;
[22:05:57] [main/DEBUG]: Skipping Lnet/minecraft/util/LazyLoadedValue;
[22:05:57] [main/DEBUG]: Skipping Lnet/minecraft/util/KeyDispatchDataCodec;
[22:05:57] [main/DEBUG]: Skipping Lnet/minecraft/util/InclusiveRange;
[22:05:57] [main/DEBUG]: Skipping Lnet/minecraft/util/HttpUtil;
[22:05:57] [main/DEBUG]: Skipping Lnet/minecraft/util/GsonHelper;
[22:05:57] [main/DEBUG]: Skipping Lnet/minecraft/util/Graph;
[22:05:57] [main/DEBUG]: Skipping Lnet/minecraft/util/FutureChain;
[22:05:57] [main/DEBUG]: Skipping Lnet/minecraft/util/FrameTimer;
[22:05:57] [main/DEBUG]: Skipping Lnet/minecraft/util/FormattedCharSink;
[22:05:57] [main/DEBUG]: Skipping Lnet/minecraft/util/FormattedCharSequence;
[22:05:57] [main/DEBUG]: Skipping Lnet/minecraft/util/FileZipper;
[22:05:57] [main/DEBUG]: Skipping Lnet/minecraft/util/FastColor;
[22:05:57] [main/DEBUG]: Skipping Lnet/minecraft/util/FastColor$ARGB32;
[22:05:57] [main/DEBUG]: Skipping Lnet/minecraft/util/FastColor$ABGR32;
[22:05:57] [main/DEBUG]: Skipping Lnet/minecraft/util/FastBufferedInputStream;
[22:05:57] [main/DEBUG]: Transforming class Lnet/minecraft/util/ExtraCodecs;
[22:05:57] [main/DEBUG]: Transforming net/minecraft/util/ExtraCodecs INNERCLASS EitherCodec to access PUBLIC and LEAVE
[22:05:57] [main/DEBUG]: Skipping Lnet/minecraft/util/ExtraCodecs$XorCodec;
[22:05:57] [main/DEBUG]: Skipping Lnet/minecraft/util/ExtraCodecs$TagOrElementLocation;
[22:05:57] [main/DEBUG]: Skipping Lnet/minecraft/util/ExtraCodecs$LazyInitializedCodec;
[22:05:57] [main/DEBUG]: Transforming class Lnet/minecraft/util/ExtraCodecs$EitherCodec;
[22:05:57] [main/DEBUG]: Transforming net/minecraft/util/ExtraCodecs$EitherCodec CLASS to access PUBLIC and LEAVE
[22:05:57] [main/DEBUG]: Skipping Lnet/minecraft/util/ExtraCodecs$4;
[22:05:57] [main/DEBUG]: Skipping Lnet/minecraft/util/ExtraCodecs$3;
[22:05:57] [main/DEBUG]: Skipping Lnet/minecraft/util/ExtraCodecs$2;
[22:05:57] [main/DEBUG]: Skipping Lnet/minecraft/util/ExtraCodecs$1ContextRetrievalCodec;
[22:05:57] [main/DEBUG]: Skipping Lnet/minecraft/util/ExtraCodecs$1;
[22:05:57] [main/DEBUG]: Skipping Lnet/minecraft/util/ExceptionCollector;
[22:05:57] [main/DEBUG]: Skipping Lnet/minecraft/util/DirectoryLock;
[22:05:57] [main/DEBUG]: Skipping Lnet/minecraft/util/DirectoryLock$LockException;
[22:05:57] [main/DEBUG]: Skipping Lnet/minecraft/util/DependencySorter;
[22:05:57] [main/DEBUG]: Skipping Lnet/minecraft/util/DependencySorter$Entry;
[22:05:57] [main/DEBUG]: Skipping Lnet/minecraft/util/DebugBuffer;
[22:05:57] [main/DEBUG]: Skipping Lnet/minecraft/util/CubicSpline;
[22:05:57] [main/DEBUG]: Skipping Lnet/minecraft/util/CubicSpline$Multipoint;
[22:05:57] [main/DEBUG]: Skipping Lnet/minecraft/util/CubicSpline$CoordinateVisitor;
[22:05:57] [main/DEBUG]: Skipping Lnet/minecraft/util/CubicSpline$Constant;
[22:05:57] [main/DEBUG]: Skipping Lnet/minecraft/util/CubicSpline$Builder;
[22:05:57] [main/DEBUG]: Skipping Lnet/minecraft/util/CubicSpline$1Point;
[22:05:57] [main/DEBUG]: Skipping Lnet/minecraft/util/CubicSampler;
[22:05:57] [main/DEBUG]: Skipping Lnet/minecraft/util/CubicSampler$Vec3Fetcher;
[22:05:57] [main/DEBUG]: Skipping Lnet/minecraft/util/CsvOutput;
[22:05:57] [main/DEBUG]: Skipping Lnet/minecraft/util/CsvOutput$Builder;
[22:05:57] [main/DEBUG]: Skipping Lnet/minecraft/util/CryptException;
[22:05:57] [main/DEBUG]: Skipping Lnet/minecraft/util/Crypt;
[22:05:57] [main/DEBUG]: Skipping Lnet/minecraft/util/Crypt$SaltSupplier;
[22:05:57] [main/DEBUG]: Skipping Lnet/minecraft/util/Crypt$SaltSignaturePair;
[22:05:57] [main/DEBUG]: Skipping Lnet/minecraft/util/Crypt$ByteArrayToKeyFunction;
[22:05:57] [main/DEBUG]: Skipping Lnet/minecraft/util/CrudeIncrementalIntIdentityHashBiMap;
[22:05:57] [main/DEBUG]: Skipping Lnet/minecraft/util/CommonLinks;
[22:05:57] [main/DEBUG]: Skipping Lnet/minecraft/util/CommonColors;
[22:05:57] [main/DEBUG]: Skipping Lnet/minecraft/util/ClassInstanceMultiMap;
[22:05:57] [main/DEBUG]: Skipping Lnet/minecraft/util/ByIdMap;
[22:05:57] [main/DEBUG]: Skipping Lnet/minecraft/util/ByIdMap$OutOfBoundsStrategy;
[22:05:57] [main/DEBUG]: Skipping Lnet/minecraft/util/ByIdMap$1;
[22:05:57] [main/DEBUG]: Skipping Lnet/minecraft/util/Brightness;
[22:05:57] [main/DEBUG]: Skipping Lnet/minecraft/util/BitStorage;
[22:05:57] [main/DEBUG]: Skipping Lnet/minecraft/util/AbortableIterationConsumer;
[22:05:57] [main/DEBUG]: Skipping Lnet/minecraft/util/AbortableIterationConsumer$Continuation;
[22:05:57] [main/DEBUG]: Skipping Lnet/minecraft/util/SpawnUtil;
[22:05:57] [main/DEBUG]: Skipping Lnet/minecraft/util/SpawnUtil$Strategy;
[22:05:57] [main/DEBUG]: Skipping Lnet/minecraft/tags/package-info;
[22:05:57] [main/DEBUG]: Skipping Lnet/minecraft/tags/WorldPresetTags;
[22:05:57] [main/DEBUG]: Skipping Lnet/minecraft/tags/TagNetworkSerialization;
[22:05:57] [main/DEBUG]: Skipping Lnet/minecraft/tags/TagNetworkSerialization$TagOutput;
[22:05:57] [main/DEBUG]: Skipping Lnet/minecraft/tags/TagNetworkSerialization$NetworkPayload;
[22:05:57] [main/DEBUG]: Skipping Lnet/minecraft/tags/TagKey;
[22:05:57] [main/DEBUG]: Skipping Lnet/minecraft/tags/StructureTags;
[22:05:57] [main/DEBUG]: Skipping Lnet/minecraft/tags/PoiTypeTags;
[22:05:57] [main/DEBUG]: Skipping Lnet/minecraft/tags/PaintingVariantTags;
[22:05:57] [main/DEBUG]: Skipping Lnet/minecraft/tags/InstrumentTags;
[22:05:57] [main/DEBUG]: Skipping Lnet/minecraft/tags/GameEventTags;
[22:05:57] [main/DEBUG]: Skipping Lnet/minecraft/tags/FlatLevelGeneratorPresetTags;
[22:05:57] [main/DEBUG]: Skipping Lnet/minecraft/tags/EntityTypeTags;
[22:05:57] [main/DEBUG]: Skipping Lnet/minecraft/tags/DamageTypeTags;
[22:05:57] [main/DEBUG]: Skipping Lnet/minecraft/tags/CatVariantTags;
[22:05:57] [main/DEBUG]: Skipping Lnet/minecraft/tags/BiomeTags;
[22:05:57] [main/DEBUG]: Skipping Lnet/minecraft/tags/BannerPatternTags;
[22:05:57] [main/DEBUG]: Skipping Lnet/minecraft/tags/TagManager;
[22:05:57] [main/DEBUG]: Skipping Lnet/minecraft/tags/TagManager$LoadResult;
[22:05:57] [main/DEBUG]: Skipping Lnet/minecraft/tags/TagLoader;
[22:05:57] [main/DEBUG]: Skipping Lnet/minecraft/tags/TagLoader$SortingEntry;
[22:05:57] [main/DEBUG]: Skipping Lnet/minecraft/tags/TagLoader$EntryWithSource;
[22:05:57] [main/DEBUG]: Skipping Lnet/minecraft/tags/TagLoader$1;
[22:05:57] [main/DEBUG]: Skipping Lnet/minecraft/tags/TagFile;
[22:05:57] [main/DEBUG]: Skipping Lnet/minecraft/tags/TagEntry;
[22:05:57] [main/DEBUG]: Skipping Lnet/minecraft/tags/TagEntry$Lookup;
[22:05:57] [main/DEBUG]: Skipping Lnet/minecraft/tags/TagBuilder;
[22:05:57] [main/DEBUG]: Skipping Lnet/minecraft/tags/ItemTags;
[22:05:57] [main/DEBUG]: Skipping Lnet/minecraft/tags/FluidTags;
[22:05:57] [main/DEBUG]: Skipping Lnet/minecraft/tags/BlockTags;
[22:05:57] [main/DEBUG]: Skipping Lnet/minecraft/stats/package-info;
[22:05:57] [main/DEBUG]: Skipping Lnet/minecraft/stats/StatsCounter;
[22:05:57] [main/DEBUG]: Skipping Lnet/minecraft/stats/Stats;
[22:05:57] [main/DEBUG]: Skipping Lnet/minecraft/stats/StatType;
[22:05:57] [main/DEBUG]: Skipping Lnet/minecraft/stats/StatFormatter;
[22:05:57] [main/DEBUG]: Skipping Lnet/minecraft/stats/Stat;
[22:05:57] [main/DEBUG]: Skipping Lnet/minecraft/stats/ServerStatsCounter;
[22:05:57] [main/DEBUG]: Skipping Lnet/minecraft/stats/ServerRecipeBook;
[22:05:57] [main/DEBUG]: Skipping Lnet/minecraft/stats/RecipeBook;
[22:05:57] [main/DEBUG]: Skipping Lnet/minecraft/stats/RecipeBookSettings;
[22:05:57] [main/DEBUG]: Skipping Lnet/minecraft/stats/RecipeBookSettings$TypeSettings;
[22:05:57] [main/DEBUG]: Skipping Lnet/minecraft/sounds/package-info;
[22:05:57] [main/DEBUG]: Skipping Lnet/minecraft/sounds/SoundSource;
[22:05:57] [main/DEBUG]: Skipping Lnet/minecraft/sounds/SoundEvents;
[22:05:57] [main/DEBUG]: Skipping Lnet/minecraft/sounds/SoundEvent;
[22:05:57] [main/DEBUG]: Skipping Lnet/minecraft/sounds/Musics;
[22:05:57] [main/DEBUG]: Skipping Lnet/minecraft/sounds/Music;
[22:05:57] [main/DEBUG]: Skipping Lnet/minecraft/server/rcon/thread/package-info;
[22:05:57] [main/DEBUG]: Skipping Lnet/minecraft/server/rcon/thread/RconThread;
[22:05:57] [main/DEBUG]: Skipping Lnet/minecraft/server/rcon/thread/QueryThreadGs4;
[22:05:57] [main/DEBUG]: Skipping Lnet/minecraft/server/rcon/thread/QueryThreadGs4$RequestChallenge;
[22:05:57] [main/DEBUG]: Skipping Lnet/minecraft/server/rcon/thread/GenericThread;
[22:05:57] [main/DEBUG]: Skipping Lnet/minecraft/server/rcon/thread/RconClient;
[22:05:57] [main/DEBUG]: Skipping Lnet/minecraft/server/rcon/package-info;
[22:05:57] [main/DEBUG]: Skipping Lnet/minecraft/server/rcon/PktUtils;
[22:05:57] [main/DEBUG]: Skipping Lnet/minecraft/server/rcon/NetworkDataOutputStream;
[22:05:57] [main/DEBUG]: Skipping Lnet/minecraft/server/rcon/RconConsoleSource;
[22:05:57] [main/DEBUG]: Skipping Lnet/minecraft/server/players/package-info;
[22:05:57] [main/DEBUG]: Skipping Lnet/minecraft/server/players/UserWhiteListEntry;
[22:05:57] [main/DEBUG]: Skipping Lnet/minecraft/server/players/UserWhiteList;
[22:05:57] [main/DEBUG]: Skipping Lnet/minecraft/server/players/UserBanListEntry;
[22:05:57] [main/DEBUG]: Skipping Lnet/minecraft/server/players/UserBanList;
[22:05:57] [main/DEBUG]: Skipping Lnet/minecraft/server/players/StoredUserList;
[22:05:57] [main/DEBUG]: Skipping Lnet/minecraft/server/players/StoredUserEntry;
[22:05:57] [main/DEBUG]: Skipping Lnet/minecraft/server/players/SleepStatus;
[22:05:57] [main/DEBUG]: Skipping Lnet/minecraft/server/players/ServerOpListEntry;
[22:05:57] [main/DEBUG]: Skipping Lnet/minecraft/server/players/ServerOpList;
[22:05:57] [main/DEBUG]: Skipping Lnet/minecraft/server/players/OldUsersConverter;
[22:05:57] [main/DEBUG]: Skipping Lnet/minecraft/server/players/OldUsersConverter$ConversionError;
[22:05:57] [main/DEBUG]: Skipping Lnet/minecraft/server/players/OldUsersConverter$5;
[22:05:57] [main/DEBUG]: Skipping Lnet/minecraft/server/players/OldUsersConverter$4;
[22:05:57] [main/DEBUG]: Skipping Lnet/minecraft/server/players/OldUsersConverter$3;
[22:05:57] [main/DEBUG]: Skipping Lnet/minecraft/server/players/OldUsersConverter$2;
[22:05:57] [main/DEBUG]: Skipping Lnet/minecraft/server/players/OldUsersConverter$1;
[22:05:57] [main/DEBUG]: Skipping Lnet/minecraft/server/players/IpBanListEntry;
[22:05:57] [main/DEBUG]: Skipping Lnet/minecraft/server/players/IpBanList;
[22:05:57] [main/DEBUG]: Skipping Lnet/minecraft/server/players/GameProfileCache;
[22:05:57] [main/DEBUG]: Skipping Lnet/minecraft/server/players/GameProfileCache$GameProfileInfo;
[22:05:57] [main/DEBUG]: Skipping Lnet/minecraft/server/players/GameProfileCache$1;
[22:05:57] [main/DEBUG]: Skipping Lnet/minecraft/server/players/BanListEntry;
[22:05:57] [main/DEBUG]: Skipping Lnet/minecraft/server/players/PlayerList;
[22:05:57] [main/DEBUG]: Skipping Lnet/minecraft/server/players/PlayerList$1;
[22:05:57] [main/DEBUG]: Skipping Lnet/minecraft/server/packs/resources/package-info;
[22:05:57] [main/DEBUG]: Skipping Lnet/minecraft/server/packs/resources/SimpleReloadInstance;
[22:05:57] [main/DEBUG]: Skipping Lnet/minecraft/server/packs/resources/SimpleReloadInstance$StateFactory;
[22:05:57] [main/DEBUG]: Skipping Lnet/minecraft/server/packs/resources/SimpleReloadInstance$1;
[22:05:57] [main/DEBUG]: Skipping Lnet/minecraft/server/packs/resources/SimplePreparableReloadListener;
[22:05:57] [main/DEBUG]: Skipping Lnet/minecraft/server/packs/resources/ResourceProvider;
[22:05:57] [main/DEBUG]: Skipping Lnet/minecraft/server/packs/resources/ResourceMetadata;
[22:05:57] [main/DEBUG]: Skipping Lnet/minecraft/server/packs/resources/ResourceMetadata$2;
[22:05:57] [main/DEBUG]: Skipping Lnet/minecraft/server/packs/resources/ResourceMetadata$1;
[22:05:57] [main/DEBUG]: Skipping Lnet/minecraft/server/packs/resources/ResourceManagerReloadListener;
[22:05:57] [main/DEBUG]: Skipping Lnet/minecraft/server/packs/resources/ResourceManager;
[22:05:57] [main/DEBUG]: Skipping Lnet/minecraft/server/packs/resources/ResourceManager$Empty;
[22:05:57] [main/DEBUG]: Skipping Lnet/minecraft/server/packs/resources/ResourceFilterSection;
[22:05:57] [main/DEBUG]: Skipping Lnet/minecraft/server/packs/resources/Resource;
[22:05:57] [main/DEBUG]: Skipping Lnet/minecraft/server/packs/resources/ReloadInstance;
[22:05:57] [main/DEBUG]: Skipping Lnet/minecraft/server/packs/resources/ProfiledReloadInstance;
[22:05:57] [main/DEBUG]: Skipping Lnet/minecraft/server/packs/resources/ProfiledReloadInstance$State;
[22:05:57] [main/DEBUG]: Skipping Lnet/minecraft/server/packs/resources/PreparableReloadListener;
[22:05:57] [main/DEBUG]: Skipping Lnet/minecraft/server/packs/resources/PreparableReloadListener$PreparationBarrier;
[22:05:57] [main/DEBUG]: Skipping Lnet/minecraft/server/packs/resources/MultiPackResourceManager;
[22:05:57] [main/DEBUG]: Skipping Lnet/minecraft/server/packs/resources/IoSupplier;
[22:05:57] [main/DEBUG]: Skipping Lnet/minecraft/server/packs/resources/CloseableResourceManager;
[22:05:57] [main/DEBUG]: Skipping Lnet/minecraft/server/packs/resources/SimpleJsonResourceReloadListener;
[22:05:57] [main/DEBUG]: Skipping Lnet/minecraft/server/packs/resources/ReloadableResourceManager;
[22:05:57] [main/DEBUG]: Transforming class Lnet/minecraft/server/packs/resources/FallbackResourceManager;
[22:05:57] [main/DEBUG]: Transforming net/minecraft/server/packs/resources/FallbackResourceManager FIELD f_10599_ to access PUBLIC and LEAVE
[22:05:57] [main/DEBUG]: Skipping Lnet/minecraft/server/packs/resources/FallbackResourceManager$ResourceWithSource;
[22:05:57] [main/DEBUG]: Skipping Lnet/minecraft/server/packs/resources/FallbackResourceManager$PackEntry;
[22:05:57] [main/DEBUG]: Skipping Lnet/minecraft/server/packs/resources/FallbackResourceManager$LeakedResourceWarningInputStream;
[22:05:57] [main/DEBUG]: Skipping Lnet/minecraft/server/packs/resources/FallbackResourceManager$EntryStack;
[22:05:57] [main/DEBUG]: Skipping Lnet/minecraft/server/packs/resources/FallbackResourceManager$1ResourceWithSourceAndIndex;
[22:05:57] [main/DEBUG]: Skipping Lnet/minecraft/server/packs/repository/package-info;
[22:05:57] [main/DEBUG]: Skipping Lnet/minecraft/server/packs/repository/RepositorySource;
[22:05:57] [main/DEBUG]: Skipping Lnet/minecraft/server/packs/repository/PackSource;
[22:05:57] [main/DEBUG]: Skipping Lnet/minecraft/server/packs/repository/PackSource$1;
[22:05:57] [main/DEBUG]: Skipping Lnet/minecraft/server/packs/repository/PackCompatibility;
[22:05:57] [main/DEBUG]: Skipping Lnet/minecraft/server/packs/repository/FolderRepositorySource;
[22:05:57] [main/DEBUG]: Skipping Lnet/minecraft/server/packs/repository/BuiltInPackSource;
[22:05:57] [main/DEBUG]: Transforming class Lnet/minecraft/server/packs/repository/ServerPacksSource;
[22:05:57] [main/DEBUG]: Transforming net/minecraft/server/packs/repository/ServerPacksSource METHOD m_246173_()Lnet/minecraft/server/packs/VanillaPackResources; to access PUBLIC and LEAVE
[22:05:57] [main/DEBUG]: Skipping Lnet/minecraft/server/packs/repository/PackRepository;
[22:05:57] [main/DEBUG]: Skipping Lnet/minecraft/server/packs/repository/Pack;
[22:05:57] [main/DEBUG]: Skipping Lnet/minecraft/server/packs/repository/Pack$ResourcesSupplier;
[22:05:57] [main/DEBUG]: Skipping Lnet/minecraft/server/packs/repository/Pack$Position;
[22:05:57] [main/DEBUG]: Skipping Lnet/minecraft/server/packs/repository/Pack$Info;
[22:05:57] [main/DEBUG]: Skipping Lnet/minecraft/server/packs/package-info;
[22:05:57] [main/DEBUG]: Skipping Lnet/minecraft/server/packs/metadata/package-info;
[22:05:57] [main/DEBUG]: Skipping Lnet/minecraft/server/packs/metadata/pack/package-info;
[22:05:57] [main/DEBUG]: Skipping Lnet/minecraft/server/packs/metadata/pack/PackMetadataSectionSerializer;
[22:05:57] [main/DEBUG]: Skipping Lnet/minecraft/server/packs/metadata/pack/PackMetadataSection;
[22:05:57] [main/DEBUG]: Skipping Lnet/minecraft/server/packs/metadata/MetadataSectionType;
[22:05:57] [main/DEBUG]: Skipping Lnet/minecraft/server/packs/metadata/MetadataSectionType$1;
[22:05:57] [main/DEBUG]: Skipping Lnet/minecraft/server/packs/metadata/MetadataSectionSerializer;
[22:05:57] [main/DEBUG]: Skipping Lnet/minecraft/server/packs/linkfs/package-info;
[22:05:57] [main/DEBUG]: Skipping Lnet/minecraft/server/packs/linkfs/PathContents;
[22:05:57] [main/DEBUG]: Skipping Lnet/minecraft/server/packs/linkfs/PathContents$FileContents;
[22:05:57] [main/DEBUG]: Skipping Lnet/minecraft/server/packs/linkfs/PathContents$DirectoryContents;
[22:05:57] [main/DEBUG]: Skipping Lnet/minecraft/server/packs/linkfs/PathContents$2;
[22:05:57] [main/DEBUG]: Skipping Lnet/minecraft/server/packs/linkfs/PathContents$1;
[22:05:57] [main/DEBUG]: Skipping Lnet/minecraft/server/packs/linkfs/LinkFileSystem;
[22:05:57] [main/DEBUG]: Skipping Lnet/minecraft/server/packs/linkfs/LinkFileSystem$DirectoryEntry;
[22:05:57] [main/DEBUG]: Skipping Lnet/minecraft/server/packs/linkfs/LinkFileSystem$Builder;
[22:05:57] [main/DEBUG]: Skipping Lnet/minecraft/server/packs/linkfs/LinkFSProvider;
[22:05:57] [main/DEBUG]: Skipping Lnet/minecraft/server/packs/linkfs/LinkFSProvider$2;
[22:05:57] [main/DEBUG]: Skipping Lnet/minecraft/server/packs/linkfs/LinkFSProvider$1;
[22:05:57] [main/DEBUG]: Skipping Lnet/minecraft/server/packs/linkfs/LinkFSPath;
[22:05:57] [main/DEBUG]: Skipping Lnet/minecraft/server/packs/linkfs/LinkFSPath$3;
[22:05:57] [main/DEBUG]: Skipping Lnet/minecraft/server/packs/linkfs/LinkFSPath$2;
[22:05:57] [main/DEBUG]: Skipping Lnet/minecraft/server/packs/linkfs/LinkFSPath$1;
[22:05:57] [main/DEBUG]: Skipping Lnet/minecraft/server/packs/linkfs/LinkFSFileStore;
[22:05:57] [main/DEBUG]: Skipping Lnet/minecraft/server/packs/linkfs/DummyFileAttributes;
[22:05:57] [main/DEBUG]: Skipping Lnet/minecraft/server/packs/VanillaPackResourcesBuilder;
[22:05:57] [main/DEBUG]: Skipping Lnet/minecraft/server/packs/VanillaPackResources;
[22:05:57] [main/DEBUG]: Skipping Lnet/minecraft/server/packs/PathPackResources;
[22:05:57] [main/DEBUG]: Skipping Lnet/minecraft/server/packs/PackType;
[22:05:57] [main/DEBUG]: Skipping Lnet/minecraft/server/packs/FilePackResources;
[22:05:57] [main/DEBUG]: Skipping Lnet/minecraft/server/packs/FeatureFlagsMetadataSection;
[22:05:57] [main/DEBUG]: Skipping Lnet/minecraft/server/packs/BuiltInMetadata;
[22:05:57] [main/DEBUG]: Skipping Lnet/minecraft/server/packs/PackResources;
[22:05:57] [main/DEBUG]: Skipping Lnet/minecraft/server/packs/PackResources$ResourceOutput;
[22:05:57] [main/DEBUG]: Skipping Lnet/minecraft/server/packs/AbstractPackResources;
[22:05:57] [main/DEBUG]: Skipping Lnet/minecraft/server/package-info;
[22:05:57] [main/DEBUG]: Skipping Lnet/minecraft/server/network/package-info;
[22:05:57] [main/DEBUG]: Skipping Lnet/minecraft/server/network/TextFilterClient;
[22:05:57] [main/DEBUG]: Skipping Lnet/minecraft/server/network/TextFilterClient$RequestFailedException;
[22:05:57] [main/DEBUG]: Skipping Lnet/minecraft/server/network/TextFilterClient$PlayerContext;
[22:05:57] [main/DEBUG]: Skipping Lnet/minecraft/server/network/TextFilterClient$MessageEncoder;
[22:05:57] [main/DEBUG]: Skipping Lnet/minecraft/server/network/TextFilterClient$JoinOrLeaveEncoder;
[22:05:57] [main/DEBUG]: Skipping Lnet/minecraft/server/network/TextFilterClient$IgnoreStrategy;
[22:05:57] [main/DEBUG]: Skipping Lnet/minecraft/server/network/TextFilter;
[22:05:57] [main/DEBUG]: Skipping Lnet/minecraft/server/network/TextFilter$1;
[22:05:57] [main/DEBUG]: Skipping Lnet/minecraft/server/network/ServerPlayerConnection;
[22:05:57] [main/DEBUG]: Skipping Lnet/minecraft/server/network/LegacyQueryHandler;
[22:05:57] [main/DEBUG]: Skipping Lnet/minecraft/server/network/FilteredText;
[22:05:57] [main/DEBUG]: Skipping Lnet/minecraft/server/network/ServerStatusPacketListenerImpl;
[22:05:57] [main/DEBUG]: Transforming class Lnet/minecraft/server/network/ServerLoginPacketListenerImpl;
[22:05:57] [main/DEBUG]: Transforming net/minecraft/server/network/ServerLoginPacketListenerImpl FIELD f_10021_ to access PUBLIC and LEAVE
[22:05:57] [main/DEBUG]: Skipping Lnet/minecraft/server/network/ServerLoginPacketListenerImpl$State;
[22:05:57] [main/DEBUG]: Skipping Lnet/minecraft/server/network/ServerLoginPacketListenerImpl$1;
[22:05:57] [main/DEBUG]: Skipping Lnet/minecraft/server/network/ServerHandshakePacketListenerImpl;
[22:05:57] [main/DEBUG]: Skipping Lnet/minecraft/server/network/ServerHandshakePacketListenerImpl$1;
[22:05:57] [main/DEBUG]: Transforming class Lnet/minecraft/server/network/ServerGamePacketListenerImpl;
[22:05:57] [main/DEBUG]: Transforming net/minecraft/server/network/ServerGamePacketListenerImpl FIELD f_9742_ to access PUBLIC and LEAVE
[22:05:57] [main/DEBUG]: Skipping Lnet/minecraft/server/network/ServerGamePacketListenerImpl$EntityInteraction;
[22:05:57] [main/DEBUG]: Skipping Lnet/minecraft/server/network/ServerGamePacketListenerImpl$2;
[22:05:57] [main/DEBUG]: Skipping Lnet/minecraft/server/network/ServerGamePacketListenerImpl$1;
[22:05:57] [main/DEBUG]: Skipping Lnet/minecraft/server/network/ServerConnectionListener;
[22:05:57] [main/DEBUG]: Skipping Lnet/minecraft/server/network/ServerConnectionListener$LatencySimulator;
[22:05:57] [main/DEBUG]: Skipping Lnet/minecraft/server/network/ServerConnectionListener$LatencySimulator$DelayedMessage;
[22:05:57] [main/DEBUG]: Skipping Lnet/minecraft/server/network/ServerConnectionListener$2;
[22:05:57] [main/DEBUG]: Skipping Lnet/minecraft/server/network/ServerConnectionListener$1;
[22:05:57] [main/DEBUG]: Skipping Lnet/minecraft/server/network/MemoryServerHandshakePacketListenerImpl;
[22:05:57] [main/DEBUG]: Skipping Lnet/minecraft/server/level/progress/package-info;
[22:05:57] [main/DEBUG]: Skipping Lnet/minecraft/server/level/progress/StoringChunkProgressListener;
[22:05:57] [main/DEBUG]: Skipping Lnet/minecraft/server/level/progress/ProcessorChunkProgressListener;
[22:05:57] [main/DEBUG]: Skipping Lnet/minecraft/server/level/progress/LoggerChunkProgressListener;
[22:05:57] [main/DEBUG]: Skipping Lnet/minecraft/server/level/progress/ChunkProgressListenerFactory;
[22:05:57] [main/DEBUG]: Skipping Lnet/minecraft/server/level/progress/ChunkProgressListener;
[22:05:57] [main/DEBUG]: Skipping Lnet/minecraft/server/level/package-info;
[22:05:57] [main/DEBUG]: Skipping Lnet/minecraft/server/level/TickingTracker;
[22:05:57] [main/DEBUG]: Skipping Lnet/minecraft/server/level/TicketType;
[22:05:57] [main/DEBUG]: Skipping Lnet/minecraft/server/level/ThreadedLevelLightEngine;
[22:05:57] [main/DEBUG]: Skipping Lnet/minecraft/server/level/ThreadedLevelLightEngine$TaskType;
[22:05:57] [main/DEBUG]: Skipping Lnet/minecraft/server/level/ServerBossEvent;
[22:05:57] [main/DEBUG]: Skipping Lnet/minecraft/server/level/SectionTracker;
[22:05:57] [main/DEBUG]: Skipping Lnet/minecraft/server/level/PlayerRespawnLogic;
[22:05:57] [main/DEBUG]: Skipping Lnet/minecraft/server/level/PlayerMap;
[22:05:57] [main/DEBUG]: Skipping Lnet/minecraft/server/level/FullChunkStatus;
[22:05:57] [main/DEBUG]: Skipping Lnet/minecraft/server/level/DemoMode;
[22:05:57] [main/DEBUG]: Skipping Lnet/minecraft/server/level/ColumnPos;
[22:05:57] [main/DEBUG]: Skipping Lnet/minecraft/server/level/ChunkTracker;
[22:05:57] [main/DEBUG]: Skipping Lnet/minecraft/server/level/ChunkTaskPriorityQueueSorter;
[22:05:57] [main/DEBUG]: Skipping Lnet/minecraft/server/level/ChunkTaskPriorityQueueSorter$Release;
[22:05:57] [main/DEBUG]: Skipping Lnet/minecraft/server/level/ChunkTaskPriorityQueueSorter$Message;
[22:05:57] [main/DEBUG]: Skipping Lnet/minecraft/server/level/ChunkTaskPriorityQueue;
[22:05:57] [main/DEBUG]: Skipping Lnet/minecraft/server/level/ChunkLevel;
[22:05:57] [main/DEBUG]: Skipping Lnet/minecraft/server/level/ChunkLevel$1;
[22:05:57] [main/DEBUG]: Skipping Lnet/minecraft/server/level/BlockDestructionProgress;
[22:05:57] [main/DEBUG]: Skipping Lnet/minecraft/server/level/WorldGenRegion;
[22:05:57] [main/DEBUG]: Skipping Lnet/minecraft/server/level/Ticket;
[22:05:57] [main/DEBUG]: Skipping Lnet/minecraft/server/level/ServerPlayerGameMode;
[22:05:57] [main/DEBUG]: Transforming class Lnet/minecraft/server/level/ServerPlayer;
[22:05:57] [main/DEBUG]: Transforming net/minecraft/server/level/ServerPlayer FIELD f_8940_ to access PUBLIC and LEAVE
[22:05:57] [main/DEBUG]: Transforming net/minecraft/server/level/ServerPlayer METHOD m_143399_(Lnet/minecraft/world/inventory/AbstractContainerMenu;)V to access PUBLIC and LEAVE
[22:05:57] [main/DEBUG]: Transforming net/minecraft/server/level/ServerPlayer METHOD m_9217_()V to access PUBLIC and LEAVE
[22:05:57] [main/DEBUG]: Skipping Lnet/minecraft/server/level/ServerPlayer$2;
[22:05:57] [main/DEBUG]: Skipping Lnet/minecraft/server/level/ServerPlayer$1;
[22:05:57] [main/DEBUG]: Transforming class Lnet/minecraft/server/level/ServerLevel;
[22:05:57] [main/DEBUG]: Transforming net/minecraft/server/level/ServerLevel METHOD m_142646_()Lnet/minecraft/world/level/entity/LevelEntityGetter; to access PUBLIC and LEAVE
[22:05:57] [main/DEBUG]: Skipping Lnet/minecraft/server/level/ServerLevel$EntityCallbacks;
[22:05:57] [main/DEBUG]: Skipping Lnet/minecraft/server/level/ServerEntity;
[22:05:57] [main/DEBUG]: Transforming class Lnet/minecraft/server/level/ServerChunkCache;
[22:05:57] [main/DEBUG]: Transforming net/minecraft/server/level/ServerChunkCache FIELD f_8329_ to access PUBLIC and LEAVE
[22:05:57] [main/DEBUG]: Skipping Lnet/minecraft/server/level/ServerChunkCache$MainThreadExecutor;
[22:05:57] [main/DEBUG]: Skipping Lnet/minecraft/server/level/ServerChunkCache$ChunkAndHolder;
[22:05:57] [main/DEBUG]: Skipping Lnet/minecraft/server/level/DistanceManager;
[22:05:57] [main/DEBUG]: Skipping Lnet/minecraft/server/level/DistanceManager$PlayerTicketTracker;
[22:05:57] [main/DEBUG]: Skipping Lnet/minecraft/server/level/DistanceManager$FixedPlayerDistanceChunkTracker;
[22:05:57] [main/DEBUG]: Skipping Lnet/minecraft/server/level/DistanceManager$ChunkTicketTracker;
[22:05:57] [main/DEBUG]: Skipping Lnet/minecraft/server/level/ChunkMap;
[22:05:57] [main/DEBUG]: Skipping Lnet/minecraft/server/level/ChunkMap$TrackedEntity;
[22:05:57] [main/DEBUG]: Skipping Lnet/minecraft/server/level/ChunkMap$DistanceManager;
[22:05:57] [main/DEBUG]: Skipping Lnet/minecraft/server/level/ChunkMap$2;
[22:05:57] [main/DEBUG]: Skipping Lnet/minecraft/server/level/ChunkMap$1;
[22:05:57] [main/DEBUG]: Skipping Lnet/minecraft/server/level/ChunkHolder;
[22:05:57] [main/DEBUG]: Skipping Lnet/minecraft/server/level/ChunkHolder$PlayerProvider;
[22:05:57] [main/DEBUG]: Skipping Lnet/minecraft/server/level/ChunkHolder$LevelChangeListener;
[22:05:57] [main/DEBUG]: Skipping Lnet/minecraft/server/level/ChunkHolder$ChunkSaveDebug;
[22:05:57] [main/DEBUG]: Skipping Lnet/minecraft/server/level/ChunkHolder$ChunkLoadingFailure;
[22:05:57] [main/DEBUG]: Skipping Lnet/minecraft/server/level/ChunkHolder$ChunkLoadingFailure$1;
[22:05:57] [main/DEBUG]: Skipping Lnet/minecraft/server/level/ChunkHolder$1;
[22:05:57] [main/DEBUG]: Skipping Lnet/minecraft/server/gui/package-info;
[22:05:57] [main/DEBUG]: Skipping Lnet/minecraft/server/gui/StatsComponent;
[22:05:57] [main/DEBUG]: Skipping Lnet/minecraft/server/gui/PlayerListComponent;
[22:05:57] [main/DEBUG]: Skipping Lnet/minecraft/server/gui/MinecraftServerGui;
[22:05:57] [main/DEBUG]: Skipping Lnet/minecraft/server/gui/MinecraftServerGui$2;
[22:05:57] [main/DEBUG]: Skipping Lnet/minecraft/server/gui/MinecraftServerGui$1;
[22:05:57] [main/DEBUG]: Skipping Lnet/minecraft/server/dedicated/package-info;
[22:05:57] [main/DEBUG]: Skipping Lnet/minecraft/server/dedicated/DedicatedServerSettings;
[22:05:57] [main/DEBUG]: Skipping Lnet/minecraft/server/dedicated/DedicatedServerProperties;
[22:05:57] [main/DEBUG]: Skipping Lnet/minecraft/server/dedicated/DedicatedServerProperties$WorldDimensionData;
[22:05:57] [main/DEBUG]: Skipping Lnet/minecraft/server/dedicated/DedicatedPlayerList;
[22:05:57] [main/DEBUG]: Skipping Lnet/minecraft/server/dedicated/Settings;
[22:05:57] [main/DEBUG]: Skipping Lnet/minecraft/server/dedicated/Settings$MutableValue;
[22:05:57] [main/DEBUG]: Skipping Lnet/minecraft/server/dedicated/ServerWatchdog;
[22:05:57] [main/DEBUG]: Skipping Lnet/minecraft/server/dedicated/ServerWatchdog$1;
[22:05:57] [main/DEBUG]: Transforming class Lnet/minecraft/server/dedicated/DedicatedServer;
[22:05:57] [main/DEBUG]: Transforming net/minecraft/server/dedicated/DedicatedServer FIELD f_139600_ to access PUBLIC and LEAVE
[22:05:57] [main/DEBUG]: Skipping Lnet/minecraft/server/dedicated/DedicatedServer$1;
[22:05:57] [main/DEBUG]: Skipping Lnet/minecraft/server/commands/package-info;
[22:05:57] [main/DEBUG]: Skipping Lnet/minecraft/server/commands/data/package-info;
[22:05:57] [main/DEBUG]: Skipping Lnet/minecraft/server/commands/data/StorageDataAccessor;
[22:05:57] [main/DEBUG]: Skipping Lnet/minecraft/server/commands/data/StorageDataAccessor$1;
[22:05:57] [main/DEBUG]: Skipping Lnet/minecraft/server/commands/data/EntityDataAccessor;
[22:05:57] [main/DEBUG]: Skipping Lnet/minecraft/server/commands/data/EntityDataAccessor$1;
[22:05:57] [main/DEBUG]: Skipping Lnet/minecraft/server/commands/data/DataCommands;
[22:05:57] [main/DEBUG]: Skipping Lnet/minecraft/server/commands/data/DataCommands$StringProcessor;
[22:05:57] [main/DEBUG]: Skipping Lnet/minecraft/server/commands/data/DataCommands$DataProvider;
[22:05:57] [main/DEBUG]: Skipping Lnet/minecraft/server/commands/data/DataCommands$DataManipulatorDecorator;
[22:05:57] [main/DEBUG]: Skipping Lnet/minecraft/server/commands/data/DataCommands$DataManipulator;
[22:05:57] [main/DEBUG]: Skipping Lnet/minecraft/server/commands/data/DataAccessor;
[22:05:57] [main/DEBUG]: Skipping Lnet/minecraft/server/commands/data/BlockDataAccessor;
[22:05:57] [main/DEBUG]: Skipping Lnet/minecraft/server/commands/data/BlockDataAccessor$1;
[22:05:57] [main/DEBUG]: Skipping Lnet/minecraft/server/commands/WorldBorderCommand;
[22:05:57] [main/DEBUG]: Skipping Lnet/minecraft/server/commands/WhitelistCommand;
[22:05:57] [main/DEBUG]: Skipping Lnet/minecraft/server/commands/WeatherCommand;
[22:05:57] [main/DEBUG]: Skipping Lnet/minecraft/server/commands/WardenSpawnTrackerCommand;
[22:05:57] [main/DEBUG]: Skipping Lnet/minecraft/server/commands/TriggerCommand;
[22:05:57] [main/DEBUG]: Skipping Lnet/minecraft/server/commands/TitleCommand;
[22:05:57] [main/DEBUG]: Skipping Lnet/minecraft/server/commands/TimeCommand;
[22:05:57] [main/DEBUG]: Skipping Lnet/minecraft/server/commands/TellRawCommand;
[22:05:57] [main/DEBUG]: Skipping Lnet/minecraft/server/commands/TeamMsgCommand;
[22:05:57] [main/DEBUG]: Skipping Lnet/minecraft/server/commands/TeamCommand;
[22:05:57] [main/DEBUG]: Skipping Lnet/minecraft/server/commands/TagCommand;
[22:05:57] [main/DEBUG]: Skipping Lnet/minecraft/server/commands/SummonCommand;
[22:05:57] [main/DEBUG]: Skipping Lnet/minecraft/server/commands/StopSoundCommand;
[22:05:57] [main/DEBUG]: Skipping Lnet/minecraft/server/commands/StopCommand;
[22:05:57] [main/DEBUG]: Skipping Lnet/minecraft/server/commands/SpectateCommand;
[22:05:57] [main/DEBUG]: Skipping Lnet/minecraft/server/commands/SpawnArmorTrimsCommand;
[22:05:57] [main/DEBUG]: Skipping Lnet/minecraft/server/commands/SetWorldSpawnCommand;
[22:05:57] [main/DEBUG]: Skipping Lnet/minecraft/server/commands/SetSpawnCommand;
[22:05:57] [main/DEBUG]: Skipping Lnet/minecraft/server/commands/SetPlayerIdleTimeoutCommand;
[22:05:57] [main/DEBUG]: Skipping Lnet/minecraft/server/commands/SetBlockCommand;
[22:05:57] [main/DEBUG]: Skipping Lnet/minecraft/server/commands/SetBlockCommand$Mode;
[22:05:57] [main/DEBUG]: Skipping Lnet/minecraft/server/commands/SetBlockCommand$Filter;
[22:05:57] [main/DEBUG]: Skipping Lnet/minecraft/server/commands/SeedCommand;
[22:05:57] [main/DEBUG]: Skipping Lnet/minecraft/server/commands/ScoreboardCommand;
[22:05:57] [main/DEBUG]: Skipping Lnet/minecraft/server/commands/ScheduleCommand;
[22:05:57] [main/DEBUG]: Skipping Lnet/minecraft/server/commands/SayCommand;
[22:05:57] [main/DEBUG]: Skipping Lnet/minecraft/server/commands/SaveOnCommand;
[22:05:57] [main/DEBUG]: Skipping Lnet/minecraft/server/commands/SaveOffCommand;
[22:05:57] [main/DEBUG]: Skipping Lnet/minecraft/server/commands/SaveAllCommand;
[22:05:57] [main/DEBUG]: Skipping Lnet/minecraft/server/commands/RideCommand;
[22:05:57] [main/DEBUG]: Skipping Lnet/minecraft/server/commands/ReturnCommand;
[22:05:57] [main/DEBUG]: Skipping Lnet/minecraft/server/commands/ResetChunksCommand;
[22:05:57] [main/DEBUG]: Skipping Lnet/minecraft/server/commands/ReloadCommand;
[22:05:57] [main/DEBUG]: Skipping Lnet/minecraft/server/commands/RecipeCommand;
[22:05:57] [main/DEBUG]: Skipping Lnet/minecraft/server/commands/RaidCommand;
[22:05:57] [main/DEBUG]: Skipping Lnet/minecraft/server/commands/PublishCommand;
[22:05:57] [main/DEBUG]: Skipping Lnet/minecraft/server/commands/PlaySoundCommand;
[22:05:57] [main/DEBUG]: Skipping Lnet/minecraft/server/commands/PlaceCommand;
[22:05:57] [main/DEBUG]: Skipping Lnet/minecraft/server/commands/PerfCommand;
[22:05:57] [main/DEBUG]: Skipping Lnet/minecraft/server/commands/ParticleCommand;
[22:05:57] [main/DEBUG]: Skipping Lnet/minecraft/server/commands/PardonIpCommand;
[22:05:57] [main/DEBUG]: Skipping Lnet/minecraft/server/commands/PardonCommand;
[22:05:57] [main/DEBUG]: Skipping Lnet/minecraft/server/commands/OpCommand;
[22:05:57] [main/DEBUG]: Skipping Lnet/minecraft/server/commands/MsgCommand;
[22:05:57] [main/DEBUG]: Skipping Lnet/minecraft/server/commands/LootCommand;
[22:05:57] [main/DEBUG]: Skipping Lnet/minecraft/server/commands/LootCommand$TailProvider;
[22:05:57] [main/DEBUG]: Skipping Lnet/minecraft/server/commands/LootCommand$DropConsumer;
[22:05:57] [main/DEBUG]: Skipping Lnet/minecraft/server/commands/LootCommand$Callback;
[22:05:57] [main/DEBUG]: Skipping Lnet/minecraft/server/commands/LocateCommand;
[22:05:57] [main/DEBUG]: Skipping Lnet/minecraft/server/commands/ListPlayersCommand;
[22:05:57] [main/DEBUG]: Skipping Lnet/minecraft/server/commands/KillCommand;
[22:05:57] [main/DEBUG]: Skipping Lnet/minecraft/server/commands/KickCommand;
[22:05:57] [main/DEBUG]: Skipping Lnet/minecraft/server/commands/JfrCommand;
[22:05:57] [main/DEBUG]: Skipping Lnet/minecraft/server/commands/ItemCommands;
[22:05:57] [main/DEBUG]: Skipping Lnet/minecraft/server/commands/HelpCommand;
[22:05:57] [main/DEBUG]: Skipping Lnet/minecraft/server/commands/GiveCommand;
[22:05:57] [main/DEBUG]: Skipping Lnet/minecraft/server/commands/GameRuleCommand;
[22:05:57] [main/DEBUG]: Skipping Lnet/minecraft/server/commands/GameRuleCommand$1;
[22:05:57] [main/DEBUG]: Skipping Lnet/minecraft/server/commands/GameModeCommand;
[22:05:57] [main/DEBUG]: Skipping Lnet/minecraft/server/commands/FunctionCommand;
[22:05:57] [main/DEBUG]: Skipping Lnet/minecraft/server/commands/ForceLoadCommand;
[22:05:57] [main/DEBUG]: Skipping Lnet/minecraft/server/commands/FillCommand;
[22:05:57] [main/DEBUG]: Skipping Lnet/minecraft/server/commands/FillCommand$Mode;
[22:05:57] [main/DEBUG]: Skipping Lnet/minecraft/server/commands/FillBiomeCommand;
[22:05:57] [main/DEBUG]: Skipping Lnet/minecraft/server/commands/ExperienceCommand;
[22:05:57] [main/DEBUG]: Skipping Lnet/minecraft/server/commands/ExperienceCommand$Type;
[22:05:57] [main/DEBUG]: Skipping Lnet/minecraft/server/commands/ExecuteCommand;
[22:05:57] [main/DEBUG]: Skipping Lnet/minecraft/server/commands/ExecuteCommand$CommandPredicate;
[22:05:57] [main/DEBUG]: Skipping Lnet/minecraft/server/commands/ExecuteCommand$CommandNumericPredicate;
[22:05:57] [main/DEBUG]: Skipping Lnet/minecraft/server/commands/EnchantCommand;
[22:05:57] [main/DEBUG]: Skipping Lnet/minecraft/server/commands/EmoteCommands;
[22:05:57] [main/DEBUG]: Skipping Lnet/minecraft/server/commands/EffectCommands;
[22:05:57] [main/DEBUG]: Skipping Lnet/minecraft/server/commands/DifficultyCommand;
[22:05:57] [main/DEBUG]: Skipping Lnet/minecraft/server/commands/DefaultGameModeCommands;
[22:05:57] [main/DEBUG]: Skipping Lnet/minecraft/server/commands/DebugPathCommand;
[22:05:57] [main/DEBUG]: Skipping Lnet/minecraft/server/commands/DebugMobSpawningCommand;
[22:05:57] [main/DEBUG]: Skipping Lnet/minecraft/server/commands/DebugCommand;
[22:05:57] [main/DEBUG]: Skipping Lnet/minecraft/server/commands/DebugCommand$Tracer;
[22:05:57] [main/DEBUG]: Skipping Lnet/minecraft/server/commands/DeOpCommands;
[22:05:57] [main/DEBUG]: Skipping Lnet/minecraft/server/commands/DataPackCommand;
[22:05:57] [main/DEBUG]: Skipping Lnet/minecraft/server/commands/DataPackCommand$Inserter;
[22:05:57] [main/DEBUG]: Skipping Lnet/minecraft/server/commands/DamageCommand;
[22:05:57] [main/DEBUG]: Skipping Lnet/minecraft/server/commands/CloneCommands;
[22:05:57] [main/DEBUG]: Skipping Lnet/minecraft/server/commands/CloneCommands$Mode;
[22:05:57] [main/DEBUG]: Skipping Lnet/minecraft/server/commands/CloneCommands$DimensionAndPosition;
[22:05:57] [main/DEBUG]: Skipping Lnet/minecraft/server/commands/CloneCommands$CommandFunction;
[22:05:57] [main/DEBUG]: Skipping Lnet/minecraft/server/commands/CloneCommands$CloneBlockInfo;
[22:05:57] [main/DEBUG]: Skipping Lnet/minecraft/server/commands/ClearInventoryCommands;
[22:05:57] [main/DEBUG]: Skipping Lnet/minecraft/server/commands/ChaseCommand;
[22:05:57] [main/DEBUG]: Skipping Lnet/minecraft/server/commands/BossBarCommands;
[22:05:57] [main/DEBUG]: Skipping Lnet/minecraft/server/commands/BanPlayerCommands;
[22:05:57] [main/DEBUG]: Skipping Lnet/minecraft/server/commands/BanListCommands;
[22:05:57] [main/DEBUG]: Skipping Lnet/minecraft/server/commands/BanIpCommands;
[22:05:57] [main/DEBUG]: Skipping Lnet/minecraft/server/commands/AttributeCommand;
[22:05:57] [main/DEBUG]: Skipping Lnet/minecraft/server/commands/AdvancementCommands;
[22:05:57] [main/DEBUG]: Skipping Lnet/minecraft/server/commands/AdvancementCommands$Mode;
[22:05:57] [main/DEBUG]: Skipping Lnet/minecraft/server/commands/AdvancementCommands$Action;
[22:05:57] [main/DEBUG]: Skipping Lnet/minecraft/server/commands/AdvancementCommands$Action$2;
[22:05:57] [main/DEBUG]: Skipping Lnet/minecraft/server/commands/AdvancementCommands$Action$1;
[22:05:57] [main/DEBUG]: Skipping Lnet/minecraft/server/commands/TeleportCommand;
[22:05:57] [main/DEBUG]: Skipping Lnet/minecraft/server/commands/TeleportCommand$LookAt;
[22:05:57] [main/DEBUG]: Skipping Lnet/minecraft/server/commands/SpreadPlayersCommand;
[22:05:57] [main/DEBUG]: Skipping Lnet/minecraft/server/commands/SpreadPlayersCommand$Position;
[22:05:57] [main/DEBUG]: Skipping Lnet/minecraft/server/chase/package-info;
[22:05:57] [main/DEBUG]: Skipping Lnet/minecraft/server/chase/ChaseServer;
[22:05:57] [main/DEBUG]: Skipping Lnet/minecraft/server/chase/ChaseServer$PlayerPosition;
[22:05:57] [main/DEBUG]: Skipping Lnet/minecraft/server/chase/ChaseClient;
[22:05:57] [main/DEBUG]: Skipping Lnet/minecraft/server/chase/ChaseClient$TeleportTarget;
[22:05:57] [main/DEBUG]: Skipping Lnet/minecraft/server/bossevents/package-info;
[22:05:57] [main/DEBUG]: Skipping Lnet/minecraft/server/bossevents/CustomBossEvents;
[22:05:57] [main/DEBUG]: Skipping Lnet/minecraft/server/bossevents/CustomBossEvent;
[22:05:57] [main/DEBUG]: Skipping Lnet/minecraft/server/advancements/package-info;
[22:05:57] [main/DEBUG]: Skipping Lnet/minecraft/server/advancements/AdvancementVisibilityEvaluator;
[22:05:57] [main/DEBUG]: Skipping Lnet/minecraft/server/advancements/AdvancementVisibilityEvaluator$VisibilityRule;
[22:05:57] [main/DEBUG]: Skipping Lnet/minecraft/server/advancements/AdvancementVisibilityEvaluator$Output;
[22:05:57] [main/DEBUG]: Skipping Lnet/minecraft/server/WorldStem;
[22:05:57] [main/DEBUG]: Skipping Lnet/minecraft/server/TickTask;
[22:05:57] [main/DEBUG]: Skipping Lnet/minecraft/server/Services;
[22:05:57] [main/DEBUG]: Skipping Lnet/minecraft/server/ServerScoreboard;
[22:05:57] [main/DEBUG]: Skipping Lnet/minecraft/server/ServerScoreboard$Method;
[22:05:57] [main/DEBUG]: Skipping Lnet/minecraft/server/ServerInterface;
[22:05:57] [main/DEBUG]: Skipping Lnet/minecraft/server/ServerFunctionManager;
[22:05:57] [main/DEBUG]: Skipping Lnet/minecraft/server/ServerFunctionManager$TraceCallbacks;
[22:05:57] [main/DEBUG]: Skipping Lnet/minecraft/server/ServerFunctionManager$QueuedCommand;
[22:05:57] [main/DEBUG]: Skipping Lnet/minecraft/server/ServerFunctionManager$ExecutionContext;
[22:05:57] [main/DEBUG]: Skipping Lnet/minecraft/server/ServerFunctionManager$ExecutionContext$AbortingReturnValueConsumer;
[22:05:57] [main/DEBUG]: Skipping Lnet/minecraft/server/ServerFunctionLibrary;
[22:05:57] [main/DEBUG]: Skipping Lnet/minecraft/server/RunningOnDifferentThreadException;
[22:05:57] [main/DEBUG]: Skipping Lnet/minecraft/server/RegistryLayer;
[22:05:57] [main/DEBUG]: Skipping Lnet/minecraft/server/LoggedPrintStream;
[22:05:57] [main/DEBUG]: Skipping Lnet/minecraft/server/DebugLoggedPrintStream;
[22:05:57] [main/DEBUG]: Skipping Lnet/minecraft/server/ConsoleInput;
[22:05:57] [main/DEBUG]: Skipping Lnet/minecraft/server/ChainedJsonException;
[22:05:57] [main/DEBUG]: Skipping Lnet/minecraft/server/ChainedJsonException$Entry;
[22:05:57] [main/DEBUG]: Skipping Lnet/minecraft/server/WorldLoader;
[22:05:57] [main/DEBUG]: Skipping Lnet/minecraft/server/WorldLoader$WorldDataSupplier;
[22:05:57] [main/DEBUG]: Skipping Lnet/minecraft/server/WorldLoader$ResultFactory;
[22:05:57] [main/DEBUG]: Skipping Lnet/minecraft/server/WorldLoader$PackConfig;
[22:05:57] [main/DEBUG]: Skipping Lnet/minecraft/server/WorldLoader$InitConfig;
[22:05:57] [main/DEBUG]: Skipping Lnet/minecraft/server/WorldLoader$DataLoadOutput;
[22:05:57] [main/DEBUG]: Skipping Lnet/minecraft/server/WorldLoader$DataLoadContext;
[22:05:57] [main/DEBUG]: Skipping Lnet/minecraft/server/ServerAdvancementManager;
[22:05:57] [main/DEBUG]: Skipping Lnet/minecraft/server/ReloadableServerResources;
[22:05:57] [main/DEBUG]: Skipping Lnet/minecraft/server/PlayerAdvancements;
[22:05:57] [main/DEBUG]: Skipping Lnet/minecraft/server/PlayerAdvancements$1;
[22:05:57] [main/DEBUG]: Transforming class Lnet/minecraft/server/MinecraftServer;
[22:05:57] [main/DEBUG]: Transforming net/minecraft/server/MinecraftServer INNERCLASS ReloadableResources to access PUBLIC and LEAVE
[22:05:57] [main/DEBUG]: Transforming net/minecraft/server/MinecraftServer FIELD f_129726_ to access PROTECTED and LEAVE
[22:05:57] [main/DEBUG]: Skipping Lnet/minecraft/server/MinecraftServer$TimeProfiler;
[22:05:57] [main/DEBUG]: Skipping Lnet/minecraft/server/MinecraftServer$TimeProfiler$1;
[22:05:57] [main/DEBUG]: Skipping Lnet/minecraft/server/MinecraftServer$ServerResourcePackInfo;
[22:05:57] [main/DEBUG]: Transforming class Lnet/minecraft/server/MinecraftServer$ReloadableResources;
[22:05:57] [main/DEBUG]: Transforming net/minecraft/server/MinecraftServer$ReloadableResources CLASS to access PUBLIC and LEAVE
[22:05:57] [main/DEBUG]: Skipping Lnet/minecraft/server/MinecraftServer$1;
[22:05:57] [main/DEBUG]: Skipping Lnet/minecraft/server/Main;
[22:05:57] [main/DEBUG]: Skipping Lnet/minecraft/server/Main$1;
[22:05:57] [main/DEBUG]: Skipping Lnet/minecraft/server/Eula;
[22:05:57] [main/DEBUG]: Skipping Lnet/minecraft/server/Bootstrap;
[22:05:57] [main/DEBUG]: Skipping Lnet/minecraft/server/Bootstrap$1;
[22:05:57] [main/DEBUG]: Skipping Lnet/minecraft/resources/package-info;
[22:05:57] [main/DEBUG]: Skipping Lnet/minecraft/resources/RegistryFixedCodec;
[22:05:57] [main/DEBUG]: Skipping Lnet/minecraft/resources/RegistryFileCodec;
[22:05:57] [main/DEBUG]: Skipping Lnet/minecraft/resources/FileToIdConverter;
[22:05:57] [main/DEBUG]: Skipping Lnet/minecraft/resources/DelegatingOps;
[22:05:57] [main/DEBUG]: Transforming class Lnet/minecraft/resources/ResourceLocation;
[22:05:57] [main/DEBUG]: Transforming net/minecraft/resources/ResourceLocation METHOD m_135841_(Ljava/lang/String;)Z to access PUBLIC and LEAVE
[22:05:57] [main/DEBUG]: Transforming net/minecraft/resources/ResourceLocation METHOD m_135843_(Ljava/lang/String;)Z to access PUBLIC and LEAVE
[22:05:57] [main/DEBUG]: Transforming net/minecraft/resources/ResourceLocation METHOD m_135835_(C)Z to access PUBLIC and LEAVE
[22:05:57] [main/DEBUG]: Skipping Lnet/minecraft/resources/ResourceLocation$Serializer;
[22:05:57] [main/DEBUG]: Skipping Lnet/minecraft/resources/ResourceLocation$Dummy;
[22:05:57] [main/DEBUG]: Skipping Lnet/minecraft/resources/ResourceKey;
[22:05:57] [main/DEBUG]: Skipping Lnet/minecraft/resources/ResourceKey$InternKey;
[22:05:57] [main/DEBUG]: Skipping Lnet/minecraft/resources/RegistryOps;
[22:05:57] [main/DEBUG]: Skipping Lnet/minecraft/resources/RegistryOps$RegistryInfoLookup;
[22:05:57] [main/DEBUG]: Skipping Lnet/minecraft/resources/RegistryOps$RegistryInfo;
[22:05:57] [main/DEBUG]: Skipping Lnet/minecraft/resources/RegistryOps$2;
[22:05:57] [main/DEBUG]: Skipping Lnet/minecraft/resources/RegistryOps$1;
[22:05:57] [main/DEBUG]: Skipping Lnet/minecraft/resources/RegistryDataLoader;
[22:05:57] [main/DEBUG]: Skipping Lnet/minecraft/resources/RegistryDataLoader$RegistryData;
[22:05:57] [main/DEBUG]: Skipping Lnet/minecraft/resources/RegistryDataLoader$Loader;
[22:05:57] [main/DEBUG]: Skipping Lnet/minecraft/resources/RegistryDataLoader$1;
[22:05:57] [main/DEBUG]: Skipping Lnet/minecraft/resources/HolderSetCodec;
[22:05:57] [main/DEBUG]: Skipping Lnet/minecraft/recipebook/package-info;
[22:05:57] [main/DEBUG]: Skipping Lnet/minecraft/recipebook/ServerPlaceRecipe;
[22:05:57] [main/DEBUG]: Skipping Lnet/minecraft/recipebook/PlaceRecipe;
[22:05:57] [main/DEBUG]: Skipping Lnet/minecraft/realms/package-info;
[22:05:57] [main/DEBUG]: Skipping Lnet/minecraft/realms/RepeatedNarrator;
[22:05:57] [main/DEBUG]: Skipping Lnet/minecraft/realms/RepeatedNarrator$Params;
[22:05:57] [main/DEBUG]: Skipping Lnet/minecraft/realms/RealmsScreen;
[22:05:57] [main/DEBUG]: Skipping Lnet/minecraft/realms/RealmsObjectSelectionList;
[22:05:57] [main/DEBUG]: Skipping Lnet/minecraft/realms/RealmsLabel;
[22:05:57] [main/DEBUG]: Skipping Lnet/minecraft/realms/RealmsConnect;
[22:05:57] [main/DEBUG]: Skipping Lnet/minecraft/realms/RealmsConnect$1;
[22:05:57] [main/DEBUG]: Skipping Lnet/minecraft/realms/DisconnectedRealmsScreen;
[22:05:57] [main/DEBUG]: Skipping Lnet/minecraft/package-info;
[22:05:57] [main/DEBUG]: Skipping Lnet/minecraft/obfuscate/package-info;
[22:05:57] [main/DEBUG]: Skipping Lnet/minecraft/obfuscate/DontObfuscate;
[22:05:57] [main/DEBUG]: Skipping Lnet/minecraft/network/syncher/package-info;
[22:05:57] [main/DEBUG]: Skipping Lnet/minecraft/network/syncher/EntityDataSerializer;
[22:05:57] [main/DEBUG]: Skipping Lnet/minecraft/network/syncher/EntityDataSerializer$ForValueType;
[22:05:57] [main/DEBUG]: Skipping Lnet/minecraft/network/syncher/EntityDataSerializer$1;
[22:05:57] [main/DEBUG]: Skipping Lnet/minecraft/network/syncher/EntityDataAccessor;
[22:05:57] [main/DEBUG]: Skipping Lnet/minecraft/network/syncher/SynchedEntityData;
[22:05:57] [main/DEBUG]: Skipping Lnet/minecraft/network/syncher/SynchedEntityData$DataValue;
[22:05:57] [main/DEBUG]: Skipping Lnet/minecraft/network/syncher/SynchedEntityData$DataItem;
[22:05:57] [main/DEBUG]: Skipping Lnet/minecraft/network/syncher/EntityDataSerializers;
[22:05:57] [main/DEBUG]: Skipping Lnet/minecraft/network/syncher/EntityDataSerializers$7;
[22:05:57] [main/DEBUG]: Skipping Lnet/minecraft/network/syncher/EntityDataSerializers$6;
[22:05:57] [main/DEBUG]: Skipping Lnet/minecraft/network/syncher/EntityDataSerializers$5;
[22:05:57] [main/DEBUG]: Skipping Lnet/minecraft/network/syncher/EntityDataSerializers$4;
[22:05:57] [main/DEBUG]: Skipping Lnet/minecraft/network/syncher/EntityDataSerializers$3;
[22:05:57] [main/DEBUG]: Skipping Lnet/minecraft/network/syncher/EntityDataSerializers$2;
[22:05:57] [main/DEBUG]: Skipping Lnet/minecraft/network/syncher/EntityDataSerializers$1;
[22:05:57] [main/DEBUG]: Skipping Lnet/minecraft/network/protocol/status/package-info;
[22:05:57] [main/DEBUG]: Skipping Lnet/minecraft/network/protocol/status/ServerboundStatusRequestPacket;
[22:05:57] [main/DEBUG]: Skipping Lnet/minecraft/network/protocol/status/ServerboundPingRequestPacket;
[22:05:57] [main/DEBUG]: Skipping Lnet/minecraft/network/protocol/status/ServerStatusPacketListener;
[22:05:57] [main/DEBUG]: Skipping Lnet/minecraft/network/protocol/status/ClientboundPongResponsePacket;
[22:05:57] [main/DEBUG]: Skipping Lnet/minecraft/network/protocol/status/ClientStatusPacketListener;
[22:05:57] [main/DEBUG]: Skipping Lnet/minecraft/network/protocol/status/ServerStatus;
[22:05:57] [main/DEBUG]: Skipping Lnet/minecraft/network/protocol/status/ServerStatus$Version;
[22:05:57] [main/DEBUG]: Skipping Lnet/minecraft/network/protocol/status/ServerStatus$Players;
[22:05:57] [main/DEBUG]: Skipping Lnet/minecraft/network/protocol/status/ServerStatus$Favicon;
[22:05:57] [main/DEBUG]: Skipping Lnet/minecraft/network/protocol/status/ClientboundStatusResponsePacket;
[22:05:57] [main/DEBUG]: Skipping Lnet/minecraft/network/protocol/package-info;
[22:05:57] [main/DEBUG]: Skipping Lnet/minecraft/network/protocol/login/package-info;
[22:05:57] [main/DEBUG]: Skipping Lnet/minecraft/network/protocol/login/ServerboundKeyPacket;
[22:05:57] [main/DEBUG]: Skipping Lnet/minecraft/network/protocol/login/ServerboundHelloPacket;
[22:05:57] [main/DEBUG]: Skipping Lnet/minecraft/network/protocol/login/ServerLoginPacketListener;
[22:05:57] [main/DEBUG]: Skipping Lnet/minecraft/network/protocol/login/ClientboundLoginDisconnectPacket;
[22:05:57] [main/DEBUG]: Skipping Lnet/minecraft/network/protocol/login/ClientboundLoginCompressionPacket;
[22:05:57] [main/DEBUG]: Skipping Lnet/minecraft/network/protocol/login/ClientboundHelloPacket;
[22:05:57] [main/DEBUG]: Skipping Lnet/minecraft/network/protocol/login/ClientboundGameProfilePacket;
[22:05:57] [main/DEBUG]: Skipping Lnet/minecraft/network/protocol/login/ClientLoginPacketListener;
[22:05:57] [main/DEBUG]: Skipping Lnet/minecraft/network/protocol/login/ServerboundCustomQueryPacket;
[22:05:57] [main/DEBUG]: Skipping Lnet/minecraft/network/protocol/login/ClientboundCustomQueryPacket;
[22:05:57] [main/DEBUG]: Skipping Lnet/minecraft/network/protocol/handshake/package-info;
[22:05:57] [main/DEBUG]: Skipping Lnet/minecraft/network/protocol/handshake/ServerHandshakePacketListener;
[22:05:57] [main/DEBUG]: Skipping Lnet/minecraft/network/protocol/handshake/ClientIntentionPacket;
[22:05:57] [main/DEBUG]: Skipping Lnet/minecraft/network/protocol/game/package-info;
[22:05:57] [main/DEBUG]: Skipping Lnet/minecraft/network/protocol/game/VecDeltaCodec;
[22:05:57] [main/DEBUG]: Skipping Lnet/minecraft/network/protocol/game/ServerboundUseItemPacket;
[22:05:57] [main/DEBUG]: Skipping Lnet/minecraft/network/protocol/game/ServerboundUseItemOnPacket;
[22:05:57] [main/DEBUG]: Skipping Lnet/minecraft/network/protocol/game/ServerboundTeleportToEntityPacket;
[22:05:57] [main/DEBUG]: Skipping Lnet/minecraft/network/protocol/game/ServerboundSwingPacket;
[22:05:57] [main/DEBUG]: Skipping Lnet/minecraft/network/protocol/game/ServerboundSignUpdatePacket;
[22:05:57] [main/DEBUG]: Skipping Lnet/minecraft/network/protocol/game/ServerboundSetStructureBlockPacket;
[22:05:57] [main/DEBUG]: Skipping Lnet/minecraft/network/protocol/game/ServerboundSetJigsawBlockPacket;
[22:05:57] [main/DEBUG]: Skipping Lnet/minecraft/network/protocol/game/ServerboundSetCommandMinecartPacket;
[22:05:57] [main/DEBUG]: Skipping Lnet/minecraft/network/protocol/game/ServerboundSetCommandBlockPacket;
[22:05:57] [main/DEBUG]: Skipping Lnet/minecraft/network/protocol/game/ServerboundSetCarriedItemPacket;
[22:05:57] [main/DEBUG]: Skipping Lnet/minecraft/network/protocol/game/ServerboundSetBeaconPacket;
[22:05:57] [main/DEBUG]: Skipping Lnet/minecraft/network/protocol/game/ServerboundSelectTradePacket;
[22:05:57] [main/DEBUG]: Skipping Lnet/minecraft/network/protocol/game/ServerboundSeenAdvancementsPacket;
[22:05:57] [main/DEBUG]: Skipping Lnet/minecraft/network/protocol/game/ServerboundSeenAdvancementsPacket$Action;
[22:05:57] [main/DEBUG]: Skipping Lnet/minecraft/network/protocol/game/ServerboundResourcePackPacket;
[22:05:57] [main/DEBUG]: Skipping Lnet/minecraft/network/protocol/game/ServerboundResourcePackPacket$Action;
[22:05:57] [main/DEBUG]: Skipping Lnet/minecraft/network/protocol/game/ServerboundRenameItemPacket;
[22:05:57] [main/DEBUG]: Skipping Lnet/minecraft/network/protocol/game/ServerboundRecipeBookSeenRecipePacket;
[22:05:57] [main/DEBUG]: Skipping Lnet/minecraft/network/protocol/game/ServerboundRecipeBookChangeSettingsPacket;
[22:05:57] [main/DEBUG]: Skipping Lnet/minecraft/network/protocol/game/ServerboundPongPacket;
[22:05:57] [main/DEBUG]: Skipping Lnet/minecraft/network/protocol/game/ServerboundPlayerInputPacket;
[22:05:57] [main/DEBUG]: Skipping Lnet/minecraft/network/protocol/game/ServerboundPlayerCommandPacket;
[22:05:57] [main/DEBUG]: Skipping Lnet/minecraft/network/protocol/game/ServerboundPlayerCommandPacket$Action;
[22:05:57] [main/DEBUG]: Skipping Lnet/minecraft/network/protocol/game/ServerboundPlayerActionPacket;
[22:05:57] [main/DEBUG]: Skipping Lnet/minecraft/network/protocol/game/ServerboundPlayerActionPacket$Action;
[22:05:57] [main/DEBUG]: Skipping Lnet/minecraft/network/protocol/game/ServerboundPlayerAbilitiesPacket;
[22:05:57] [main/DEBUG]: Skipping Lnet/minecraft/network/protocol/game/ServerboundPlaceRecipePacket;
[22:05:57] [main/DEBUG]: Skipping Lnet/minecraft/network/protocol/game/ServerboundPickItemPacket;
[22:05:57] [main/DEBUG]: Skipping Lnet/minecraft/network/protocol/game/ServerboundPaddleBoatPacket;
[22:05:57] [main/DEBUG]: Skipping Lnet/minecraft/network/protocol/game/ServerboundMoveVehiclePacket;
[22:05:57] [main/DEBUG]: Skipping Lnet/minecraft/network/protocol/game/ServerboundMovePlayerPacket;
[22:05:57] [main/DEBUG]: Skipping Lnet/minecraft/network/protocol/game/ServerboundMovePlayerPacket$StatusOnly;
[22:05:57] [main/DEBUG]: Skipping Lnet/minecraft/network/protocol/game/ServerboundMovePlayerPacket$Rot;
[22:05:57] [main/DEBUG]: Skipping Lnet/minecraft/network/protocol/game/ServerboundMovePlayerPacket$PosRot;
[22:05:57] [main/DEBUG]: Skipping Lnet/minecraft/network/protocol/game/ServerboundMovePlayerPacket$Pos;
[22:05:57] [main/DEBUG]: Skipping Lnet/minecraft/network/protocol/game/ServerboundLockDifficultyPacket;
[22:05:57] [main/DEBUG]: Skipping Lnet/minecraft/network/protocol/game/ServerboundKeepAlivePacket;
[22:05:57] [main/DEBUG]: Skipping Lnet/minecraft/network/protocol/game/ServerboundJigsawGeneratePacket;
[22:05:57] [main/DEBUG]: Skipping Lnet/minecraft/network/protocol/game/ServerboundInteractPacket;
[22:05:57] [main/DEBUG]: Skipping Lnet/minecraft/network/protocol/game/ServerboundInteractPacket$InteractionAtLocationAction;
[22:05:57] [main/DEBUG]: Skipping Lnet/minecraft/network/protocol/game/ServerboundInteractPacket$InteractionAction;
[22:05:57] [main/DEBUG]: Skipping Lnet/minecraft/network/protocol/game/ServerboundInteractPacket$Handler;
[22:05:57] [main/DEBUG]: Skipping Lnet/minecraft/network/protocol/game/ServerboundInteractPacket$ActionType;
[22:05:57] [main/DEBUG]: Skipping Lnet/minecraft/network/protocol/game/ServerboundInteractPacket$Action;
[22:05:57] [main/DEBUG]: Skipping Lnet/minecraft/network/protocol/game/ServerboundInteractPacket$1;
[22:05:57] [main/DEBUG]: Skipping Lnet/minecraft/network/protocol/game/ServerboundEntityTagQuery;
[22:05:57] [main/DEBUG]: Skipping Lnet/minecraft/network/protocol/game/ServerboundEditBookPacket;
[22:05:57] [main/DEBUG]: Skipping Lnet/minecraft/network/protocol/game/ServerboundContainerClosePacket;
[22:05:57] [main/DEBUG]: Skipping Lnet/minecraft/network/protocol/game/ServerboundContainerButtonClickPacket;
[22:05:57] [main/DEBUG]: Skipping Lnet/minecraft/network/protocol/game/ServerboundCommandSuggestionPacket;
[22:05:57] [main/DEBUG]: Skipping Lnet/minecraft/network/protocol/game/ServerboundClientInformationPacket;
[22:05:57] [main/DEBUG]: Skipping Lnet/minecraft/network/protocol/game/ServerboundClientCommandPacket;
[22:05:57] [main/DEBUG]: Skipping Lnet/minecraft/network/protocol/game/ServerboundClientCommandPacket$Action;
[22:05:57] [main/DEBUG]: Skipping Lnet/minecraft/network/protocol/game/ServerboundChatSessionUpdatePacket;
[22:05:57] [main/DEBUG]: Skipping Lnet/minecraft/network/protocol/game/ServerboundChatPacket;
[22:05:57] [main/DEBUG]: Skipping Lnet/minecraft/network/protocol/game/ServerboundChatCommandPacket;
[22:05:57] [main/DEBUG]: Skipping Lnet/minecraft/network/protocol/game/ServerboundChatAckPacket;
[22:05:57] [main/DEBUG]: Skipping Lnet/minecraft/network/protocol/game/ServerboundChangeDifficultyPacket;
[22:05:57] [main/DEBUG]: Skipping Lnet/minecraft/network/protocol/game/ServerboundBlockEntityTagQuery;
[22:05:57] [main/DEBUG]: Skipping Lnet/minecraft/network/protocol/game/ServerboundAcceptTeleportationPacket;
[22:05:57] [main/DEBUG]: Skipping Lnet/minecraft/network/protocol/game/ServerPacketListener;
[22:05:57] [main/DEBUG]: Skipping Lnet/minecraft/network/protocol/game/ServerGamePacketListener;
[22:05:57] [main/DEBUG]: Skipping Lnet/minecraft/network/protocol/game/DebugPackets;
[22:05:57] [main/DEBUG]: Skipping Lnet/minecraft/network/protocol/game/DebugEntityNameGenerator;
[22:05:57] [main/DEBUG]: Skipping Lnet/minecraft/network/protocol/game/ClientboundUpdateTagsPacket;
[22:05:57] [main/DEBUG]: Skipping Lnet/minecraft/network/protocol/game/ClientboundUpdateRecipesPacket;
[22:05:57] [main/DEBUG]: Skipping Lnet/minecraft/network/protocol/game/ClientboundUpdateMobEffectPacket;
[22:05:57] [main/DEBUG]: Skipping Lnet/minecraft/network/protocol/game/ClientboundUpdateEnabledFeaturesPacket;
[22:05:57] [main/DEBUG]: Skipping Lnet/minecraft/network/protocol/game/ClientboundUpdateAttributesPacket;
[22:05:57] [main/DEBUG]: Skipping Lnet/minecraft/network/protocol/game/ClientboundUpdateAttributesPacket$AttributeSnapshot;
[22:05:57] [main/DEBUG]: Skipping Lnet/minecraft/network/protocol/game/ClientboundUpdateAdvancementsPacket;
[22:05:57] [main/DEBUG]: Skipping Lnet/minecraft/network/protocol/game/ClientboundTeleportEntityPacket;
[22:05:57] [main/DEBUG]: Skipping Lnet/minecraft/network/protocol/game/ClientboundTakeItemEntityPacket;
[22:05:57] [main/DEBUG]: Skipping Lnet/minecraft/network/protocol/game/ClientboundTagQueryPacket;
[22:05:57] [main/DEBUG]: Skipping Lnet/minecraft/network/protocol/game/ClientboundTabListPacket;
[22:05:57] [main/DEBUG]: Skipping Lnet/minecraft/network/protocol/game/ClientboundSystemChatPacket;
[22:05:57] [main/DEBUG]: Skipping Lnet/minecraft/network/protocol/game/ClientboundStopSoundPacket;
[22:05:57] [main/DEBUG]: Skipping Lnet/minecraft/network/protocol/game/ClientboundSoundPacket;
[22:05:57] [main/DEBUG]: Skipping Lnet/minecraft/network/protocol/game/ClientboundSoundEntityPacket;
[22:05:57] [main/DEBUG]: Skipping Lnet/minecraft/network/protocol/game/ClientboundSetTitlesAnimationPacket;
[22:05:57] [main/DEBUG]: Skipping Lnet/minecraft/network/protocol/game/ClientboundSetTitleTextPacket;
[22:05:57] [main/DEBUG]: Skipping Lnet/minecraft/network/protocol/game/ClientboundSetTimePacket;
[22:05:57] [main/DEBUG]: Skipping Lnet/minecraft/network/protocol/game/ClientboundSetSubtitleTextPacket;
[22:05:57] [main/DEBUG]: Skipping Lnet/minecraft/network/protocol/game/ClientboundSetSimulationDistancePacket;
[22:05:57] [main/DEBUG]: Skipping Lnet/minecraft/network/protocol/game/ClientboundSetScorePacket;
[22:05:57] [main/DEBUG]: Skipping Lnet/minecraft/network/protocol/game/ClientboundSetPlayerTeamPacket;
[22:05:57] [main/DEBUG]: Skipping Lnet/minecraft/network/protocol/game/ClientboundSetPlayerTeamPacket$Parameters;
[22:05:57] [main/DEBUG]: Skipping Lnet/minecraft/network/protocol/game/ClientboundSetPlayerTeamPacket$Action;
[22:05:57] [main/DEBUG]: Skipping Lnet/minecraft/network/protocol/game/ClientboundSetPassengersPacket;
[22:05:57] [main/DEBUG]: Skipping Lnet/minecraft/network/protocol/game/ClientboundSetObjectivePacket;
[22:05:57] [main/DEBUG]: Skipping Lnet/minecraft/network/protocol/game/ClientboundSetHealthPacket;
[22:05:57] [main/DEBUG]: Skipping Lnet/minecraft/network/protocol/game/ClientboundSetExperiencePacket;
[22:05:57] [main/DEBUG]: Skipping Lnet/minecraft/network/protocol/game/ClientboundSetEquipmentPacket;
[22:05:57] [main/DEBUG]: Skipping Lnet/minecraft/network/protocol/game/ClientboundSetEntityMotionPacket;
[22:05:57] [main/DEBUG]: Skipping Lnet/minecraft/network/protocol/game/ClientboundSetEntityLinkPacket;
[22:05:57] [main/DEBUG]: Skipping Lnet/minecraft/network/protocol/game/ClientboundSetEntityDataPacket;
[22:05:57] [main/DEBUG]: Skipping Lnet/minecraft/network/protocol/game/ClientboundSetDisplayObjectivePacket;
[22:05:57] [main/DEBUG]: Skipping Lnet/minecraft/network/protocol/game/ClientboundSetDefaultSpawnPositionPacket;
[22:05:57] [main/DEBUG]: Skipping Lnet/minecraft/network/protocol/game/ClientboundSetChunkCacheRadiusPacket;
[22:05:57] [main/DEBUG]: Skipping Lnet/minecraft/network/protocol/game/ClientboundSetChunkCacheCenterPacket;
[22:05:57] [main/DEBUG]: Skipping Lnet/minecraft/network/protocol/game/ClientboundSetCarriedItemPacket;
[22:05:57] [main/DEBUG]: Skipping Lnet/minecraft/network/protocol/game/ClientboundSetCameraPacket;
[22:05:57] [main/DEBUG]: Skipping Lnet/minecraft/network/protocol/game/ClientboundSetBorderWarningDistancePacket;
[22:05:57] [main/DEBUG]: Skipping Lnet/minecraft/network/protocol/game/ClientboundSetBorderWarningDelayPacket;
[22:05:57] [main/DEBUG]: Skipping Lnet/minecraft/network/protocol/game/ClientboundSetBorderSizePacket;
[22:05:57] [main/DEBUG]: Skipping Lnet/minecraft/network/protocol/game/ClientboundSetBorderLerpSizePacket;
[22:05:57] [main/DEBUG]: Skipping Lnet/minecraft/network/protocol/game/ClientboundSetBorderCenterPacket;
[22:05:57] [main/DEBUG]: Skipping Lnet/minecraft/network/protocol/game/ClientboundSetActionBarTextPacket;
[22:05:57] [main/DEBUG]: Skipping Lnet/minecraft/network/protocol/game/ClientboundServerDataPacket;
[22:05:57] [main/DEBUG]: Skipping Lnet/minecraft/network/protocol/game/ClientboundSelectAdvancementsTabPacket;
[22:05:57] [main/DEBUG]: Skipping Lnet/minecraft/network/protocol/game/ClientboundSectionBlocksUpdatePacket;
[22:05:57] [main/DEBUG]: Skipping Lnet/minecraft/network/protocol/game/ClientboundRotateHeadPacket;
[22:05:57] [main/DEBUG]: Skipping Lnet/minecraft/network/protocol/game/ClientboundRespawnPacket;
[22:05:57] [main/DEBUG]: Skipping Lnet/minecraft/network/protocol/game/ClientboundResourcePackPacket;
[22:05:57] [main/DEBUG]: Skipping Lnet/minecraft/network/protocol/game/ClientboundRemoveMobEffectPacket;
[22:05:57] [main/DEBUG]: Skipping Lnet/minecraft/network/protocol/game/ClientboundRemoveEntitiesPacket;
[22:05:57] [main/DEBUG]: Skipping Lnet/minecraft/network/protocol/game/ClientboundRecipePacket;
[22:05:57] [main/DEBUG]: Skipping Lnet/minecraft/network/protocol/game/ClientboundRecipePacket$State;
[22:05:57] [main/DEBUG]: Skipping Lnet/minecraft/network/protocol/game/ClientboundPlayerPositionPacket;
[22:05:57] [main/DEBUG]: Skipping Lnet/minecraft/network/protocol/game/ClientboundPlayerLookAtPacket;
[22:05:57] [main/DEBUG]: Skipping Lnet/minecraft/network/protocol/game/ClientboundPlayerInfoUpdatePacket;
[22:05:57] [main/DEBUG]: Skipping Lnet/minecraft/network/protocol/game/ClientboundPlayerInfoUpdatePacket$EntryBuilder;
[22:05:57] [main/DEBUG]: Skipping Lnet/minecraft/network/protocol/game/ClientboundPlayerInfoUpdatePacket$Entry;
[22:05:57] [main/DEBUG]: Skipping Lnet/minecraft/network/protocol/game/ClientboundPlayerInfoUpdatePacket$Action;
[22:05:57] [main/DEBUG]: Skipping Lnet/minecraft/network/protocol/game/ClientboundPlayerInfoUpdatePacket$Action$Writer;
[22:05:57] [main/DEBUG]: Skipping Lnet/minecraft/network/protocol/game/ClientboundPlayerInfoUpdatePacket$Action$Reader;
[22:05:57] [main/DEBUG]: Skipping Lnet/minecraft/network/protocol/game/ClientboundPlayerInfoRemovePacket;
[22:05:57] [main/DEBUG]: Skipping Lnet/minecraft/network/protocol/game/ClientboundPlayerCombatKillPacket;
[22:05:57] [main/DEBUG]: Skipping Lnet/minecraft/network/protocol/game/ClientboundPlayerCombatEnterPacket;
[22:05:57] [main/DEBUG]: Skipping Lnet/minecraft/network/protocol/game/ClientboundPlayerCombatEndPacket;
[22:05:57] [main/DEBUG]: Skipping Lnet/minecraft/network/protocol/game/ClientboundPlayerChatPacket;
[22:05:57] [main/DEBUG]: Skipping Lnet/minecraft/network/protocol/game/ClientboundPlayerAbilitiesPacket;
[22:05:57] [main/DEBUG]: Skipping Lnet/minecraft/network/protocol/game/ClientboundPlaceGhostRecipePacket;
[22:05:57] [main/DEBUG]: Skipping Lnet/minecraft/network/protocol/game/ClientboundPingPacket;
[22:05:57] [main/DEBUG]: Skipping Lnet/minecraft/network/protocol/game/ClientboundOpenSignEditorPacket;
[22:05:57] [main/DEBUG]: Skipping Lnet/minecraft/network/protocol/game/ClientboundOpenScreenPacket;
[22:05:57] [main/DEBUG]: Skipping Lnet/minecraft/network/protocol/game/ClientboundOpenBookPacket;
[22:05:57] [main/DEBUG]: Skipping Lnet/minecraft/network/protocol/game/ClientboundMoveVehiclePacket;
[22:05:57] [main/DEBUG]: Skipping Lnet/minecraft/network/protocol/game/ClientboundMoveEntityPacket;
[22:05:57] [main/DEBUG]: Skipping Lnet/minecraft/network/protocol/game/ClientboundMoveEntityPacket$Rot;
[22:05:57] [main/DEBUG]: Skipping Lnet/minecraft/network/protocol/game/ClientboundMoveEntityPacket$PosRot;
[22:05:57] [main/DEBUG]: Skipping Lnet/minecraft/network/protocol/game/ClientboundMoveEntityPacket$Pos;
[22:05:57] [main/DEBUG]: Skipping Lnet/minecraft/network/protocol/game/ClientboundMerchantOffersPacket;
[22:05:57] [main/DEBUG]: Skipping Lnet/minecraft/network/protocol/game/ClientboundMapItemDataPacket;
[22:05:57] [main/DEBUG]: Skipping Lnet/minecraft/network/protocol/game/ClientboundLoginPacket;
[22:05:57] [main/DEBUG]: Skipping Lnet/minecraft/network/protocol/game/ClientboundLightUpdatePacketData;
[22:05:57] [main/DEBUG]: Skipping Lnet/minecraft/network/protocol/game/ClientboundLightUpdatePacket;
[22:05:57] [main/DEBUG]: Skipping Lnet/minecraft/network/protocol/game/ClientboundLevelParticlesPacket;
[22:05:57] [main/DEBUG]: Skipping Lnet/minecraft/network/protocol/game/ClientboundLevelEventPacket;
[22:05:57] [main/DEBUG]: Skipping Lnet/minecraft/network/protocol/game/ClientboundLevelChunkWithLightPacket;
[22:05:57] [main/DEBUG]: Skipping Lnet/minecraft/network/protocol/game/ClientboundLevelChunkPacketData;
[22:05:57] [main/DEBUG]: Skipping Lnet/minecraft/network/protocol/game/ClientboundLevelChunkPacketData$BlockEntityTagOutput;
[22:05:57] [main/DEBUG]: Skipping Lnet/minecraft/network/protocol/game/ClientboundLevelChunkPacketData$BlockEntityInfo;
[22:05:57] [main/DEBUG]: Skipping Lnet/minecraft/network/protocol/game/ClientboundKeepAlivePacket;
[22:05:57] [main/DEBUG]: Skipping Lnet/minecraft/network/protocol/game/ClientboundInitializeBorderPacket;
[22:05:57] [main/DEBUG]: Skipping Lnet/minecraft/network/protocol/game/ClientboundHurtAnimationPacket;
[22:05:57] [main/DEBUG]: Skipping Lnet/minecraft/network/protocol/game/ClientboundHorseScreenOpenPacket;
[22:05:57] [main/DEBUG]: Skipping Lnet/minecraft/network/protocol/game/ClientboundGameEventPacket;
[22:05:57] [main/DEBUG]: Skipping Lnet/minecraft/network/protocol/game/ClientboundGameEventPacket$Type;
[22:05:57] [main/DEBUG]: Skipping Lnet/minecraft/network/protocol/game/ClientboundForgetLevelChunkPacket;
[22:05:57] [main/DEBUG]: Skipping Lnet/minecraft/network/protocol/game/ClientboundExplodePacket;
[22:05:57] [main/DEBUG]: Skipping Lnet/minecraft/network/protocol/game/ClientboundEntityEventPacket;
[22:05:57] [main/DEBUG]: Skipping Lnet/minecraft/network/protocol/game/ClientboundDisguisedChatPacket;
[22:05:57] [main/DEBUG]: Skipping Lnet/minecraft/network/protocol/game/ClientboundDisconnectPacket;
[22:05:57] [main/DEBUG]: Skipping Lnet/minecraft/network/protocol/game/ClientboundDeleteChatPacket;
[22:05:57] [main/DEBUG]: Skipping Lnet/minecraft/network/protocol/game/ClientboundDamageEventPacket;
[22:05:57] [main/DEBUG]: Skipping Lnet/minecraft/network/protocol/game/ClientboundCustomChatCompletionsPacket;
[22:05:57] [main/DEBUG]: Skipping Lnet/minecraft/network/protocol/game/ClientboundCustomChatCompletionsPacket$Action;
[22:05:57] [main/DEBUG]: Skipping Lnet/minecraft/network/protocol/game/ClientboundCooldownPacket;
[22:05:57] [main/DEBUG]: Skipping Lnet/minecraft/network/protocol/game/ClientboundContainerSetSlotPacket;
[22:05:57] [main/DEBUG]: Skipping Lnet/minecraft/network/protocol/game/ClientboundContainerSetDataPacket;
[22:05:57] [main/DEBUG]: Skipping Lnet/minecraft/network/protocol/game/ClientboundContainerSetContentPacket;
[22:05:57] [main/DEBUG]: Skipping Lnet/minecraft/network/protocol/game/ClientboundContainerClosePacket;
[22:05:57] [main/DEBUG]: Skipping Lnet/minecraft/network/protocol/game/ClientboundCommandsPacket;
[22:05:57] [main/DEBUG]: Skipping Lnet/minecraft/network/protocol/game/ClientboundCommandsPacket$NodeStub;
[22:05:57] [main/DEBUG]: Skipping Lnet/minecraft/network/protocol/game/ClientboundCommandsPacket$NodeResolver;
[22:05:57] [main/DEBUG]: Skipping Lnet/minecraft/network/protocol/game/ClientboundCommandsPacket$LiteralNodeStub;
[22:05:57] [main/DEBUG]: Skipping Lnet/minecraft/network/protocol/game/ClientboundCommandsPacket$Entry;
[22:05:57] [main/DEBUG]: Skipping Lnet/minecraft/network/protocol/game/ClientboundCommandsPacket$ArgumentNodeStub;
[22:05:57] [main/DEBUG]: Skipping Lnet/minecraft/network/protocol/game/ClientboundCommandSuggestionsPacket;
[22:05:57] [main/DEBUG]: Skipping Lnet/minecraft/network/protocol/game/ClientboundClearTitlesPacket;
[22:05:57] [main/DEBUG]: Skipping Lnet/minecraft/network/protocol/game/ClientboundChunksBiomesPacket;
[22:05:57] [main/DEBUG]: Skipping Lnet/minecraft/network/protocol/game/ClientboundChunksBiomesPacket$ChunkBiomeData;
[22:05:57] [main/DEBUG]: Skipping Lnet/minecraft/network/protocol/game/ClientboundChangeDifficultyPacket;
[22:05:57] [main/DEBUG]: Skipping Lnet/minecraft/network/protocol/game/ClientboundBundlePacket;
[22:05:57] [main/DEBUG]: Skipping Lnet/minecraft/network/protocol/game/ClientboundBossEventPacket;
[22:05:57] [main/DEBUG]: Skipping Lnet/minecraft/network/protocol/game/ClientboundBossEventPacket$UpdateStyleOperation;
[22:05:57] [main/DEBUG]: Skipping Lnet/minecraft/network/protocol/game/ClientboundBossEventPacket$UpdatePropertiesOperation;
[22:05:57] [main/DEBUG]: Skipping Lnet/minecraft/network/protocol/game/ClientboundBossEventPacket$UpdateProgressOperation;
[22:05:57] [main/DEBUG]: Skipping Lnet/minecraft/network/protocol/game/ClientboundBossEventPacket$UpdateNameOperation;
[22:05:57] [main/DEBUG]: Skipping Lnet/minecraft/network/protocol/game/ClientboundBossEventPacket$OperationType;
[22:05:57] [main/DEBUG]: Skipping Lnet/minecraft/network/protocol/game/ClientboundBossEventPacket$Operation;
[22:05:57] [main/DEBUG]: Skipping Lnet/minecraft/network/protocol/game/ClientboundBossEventPacket$Handler;
[22:05:57] [main/DEBUG]: Skipping Lnet/minecraft/network/protocol/game/ClientboundBossEventPacket$AddOperation;
[22:05:57] [main/DEBUG]: Skipping Lnet/minecraft/network/protocol/game/ClientboundBossEventPacket$1;
[22:05:57] [main/DEBUG]: Skipping Lnet/minecraft/network/protocol/game/ClientboundBlockUpdatePacket;
[22:05:57] [main/DEBUG]: Skipping Lnet/minecraft/network/protocol/game/ClientboundBlockEventPacket;
[22:05:57] [main/DEBUG]: Skipping Lnet/minecraft/network/protocol/game/ClientboundBlockEntityDataPacket;
[22:05:57] [main/DEBUG]: Skipping Lnet/minecraft/network/protocol/game/ClientboundBlockDestructionPacket;
[22:05:57] [main/DEBUG]: Skipping Lnet/minecraft/network/protocol/game/ClientboundBlockChangedAckPacket;
[22:05:57] [main/DEBUG]: Skipping Lnet/minecraft/network/protocol/game/ClientboundAwardStatsPacket;
[22:05:57] [main/DEBUG]: Skipping Lnet/minecraft/network/protocol/game/ClientboundAnimatePacket;
[22:05:57] [main/DEBUG]: Skipping Lnet/minecraft/network/protocol/game/ClientboundAddPlayerPacket;
[22:05:57] [main/DEBUG]: Skipping Lnet/minecraft/network/protocol/game/ClientboundAddExperienceOrbPacket;
[22:05:57] [main/DEBUG]: Skipping Lnet/minecraft/network/protocol/game/ClientboundAddEntityPacket;
[22:05:57] [main/DEBUG]: Skipping Lnet/minecraft/network/protocol/game/ClientGamePacketListener;
[22:05:57] [main/DEBUG]: Skipping Lnet/minecraft/network/protocol/game/ServerboundSetCreativeModeSlotPacket;
[22:05:57] [main/DEBUG]: Skipping Lnet/minecraft/network/protocol/game/ServerboundCustomPayloadPacket;
[22:05:57] [main/DEBUG]: Skipping Lnet/minecraft/network/protocol/game/ServerboundContainerClickPacket;
[22:05:57] [main/DEBUG]: Skipping Lnet/minecraft/network/protocol/game/ClientboundCustomPayloadPacket;
[22:05:57] [main/DEBUG]: Skipping Lnet/minecraft/network/protocol/PacketUtils;
[22:05:57] [main/DEBUG]: Skipping Lnet/minecraft/network/protocol/PacketFlow;
[22:05:57] [main/DEBUG]: Skipping Lnet/minecraft/network/protocol/Packet;
[22:05:57] [main/DEBUG]: Skipping Lnet/minecraft/network/protocol/BundlerInfo;
[22:05:57] [main/DEBUG]: Skipping Lnet/minecraft/network/protocol/BundlerInfo$Provider;
[22:05:57] [main/DEBUG]: Skipping Lnet/minecraft/network/protocol/BundlerInfo$Bundler;
[22:05:57] [main/DEBUG]: Skipping Lnet/minecraft/network/protocol/BundlerInfo$2;
[22:05:57] [main/DEBUG]: Skipping Lnet/minecraft/network/protocol/BundlerInfo$2$1;
[22:05:57] [main/DEBUG]: Skipping Lnet/minecraft/network/protocol/BundlerInfo$1;
[22:05:57] [main/DEBUG]: Skipping Lnet/minecraft/network/protocol/BundlePacket;
[22:05:57] [main/DEBUG]: Skipping Lnet/minecraft/network/protocol/BundleDelimiterPacket;
[22:05:57] [main/DEBUG]: Skipping Lnet/minecraft/network/package-info;
[22:05:57] [main/DEBUG]: Skipping Lnet/minecraft/network/chat/package-info;
[22:05:57] [main/DEBUG]: Skipping Lnet/minecraft/network/chat/contents/package-info;
[22:05:57] [main/DEBUG]: Skipping Lnet/minecraft/network/chat/contents/TranslatableFormatException;
[22:05:57] [main/DEBUG]: Skipping Lnet/minecraft/network/chat/contents/StorageDataSource;
[22:05:57] [main/DEBUG]: Skipping Lnet/minecraft/network/chat/contents/SelectorContents;
[22:05:57] [main/DEBUG]: Skipping Lnet/minecraft/network/chat/contents/ScoreContents;
[22:05:57] [main/DEBUG]: Skipping Lnet/minecraft/network/chat/contents/NbtContents;
[22:05:57] [main/DEBUG]: Skipping Lnet/minecraft/network/chat/contents/LiteralContents;
[22:05:57] [main/DEBUG]: Skipping Lnet/minecraft/network/chat/contents/KeybindResolver;
[22:05:57] [main/DEBUG]: Skipping Lnet/minecraft/network/chat/contents/KeybindContents;
[22:05:57] [main/DEBUG]: Skipping Lnet/minecraft/network/chat/contents/EntityDataSource;
[22:05:57] [main/DEBUG]: Skipping Lnet/minecraft/network/chat/contents/DataSource;
[22:05:57] [main/DEBUG]: Skipping Lnet/minecraft/network/chat/contents/BlockDataSource;
[22:05:57] [main/DEBUG]: Skipping Lnet/minecraft/network/chat/contents/TranslatableContents;
[22:05:57] [main/DEBUG]: Skipping Lnet/minecraft/network/chat/ThrowingComponent;
[22:05:57] [main/DEBUG]: Skipping Lnet/minecraft/network/chat/TextColor;
[22:05:57] [main/DEBUG]: Skipping Lnet/minecraft/network/chat/SubStringSource;
[22:05:57] [main/DEBUG]: Skipping Lnet/minecraft/network/chat/Style;
[22:05:57] [main/DEBUG]: Skipping Lnet/minecraft/network/chat/Style$Serializer;
[22:05:57] [main/DEBUG]: Skipping Lnet/minecraft/network/chat/Style$1Collector;
[22:05:57] [main/DEBUG]: Skipping Lnet/minecraft/network/chat/Style$1;
[22:05:57] [main/DEBUG]: Skipping Lnet/minecraft/network/chat/SignedMessageValidator;
[22:05:57] [main/DEBUG]: Skipping Lnet/minecraft/network/chat/SignedMessageValidator$KeyBased;
[22:05:57] [main/DEBUG]: Skipping Lnet/minecraft/network/chat/SignedMessageLink;
[22:05:57] [main/DEBUG]: Skipping Lnet/minecraft/network/chat/SignedMessageChain;
[22:05:57] [main/DEBUG]: Skipping Lnet/minecraft/network/chat/SignedMessageChain$Encoder;
[22:05:57] [main/DEBUG]: Skipping Lnet/minecraft/network/chat/SignedMessageChain$Decoder;
[22:05:57] [main/DEBUG]: Skipping Lnet/minecraft/network/chat/SignedMessageChain$DecodeException;
[22:05:57] [main/DEBUG]: Skipping Lnet/minecraft/network/chat/SignedMessageBody;
[22:05:57] [main/DEBUG]: Skipping Lnet/minecraft/network/chat/SignedMessageBody$Packed;
[22:05:57] [main/DEBUG]: Skipping Lnet/minecraft/network/chat/SignableCommand;
[22:05:57] [main/DEBUG]: Skipping Lnet/minecraft/network/chat/SignableCommand$Argument;
[22:05:57] [main/DEBUG]: Skipping Lnet/minecraft/network/chat/RemoteChatSession;
[22:05:57] [main/DEBUG]: Skipping Lnet/minecraft/network/chat/RemoteChatSession$Data;
[22:05:57] [main/DEBUG]: Skipping Lnet/minecraft/network/chat/PlayerChatMessage;
[22:05:57] [main/DEBUG]: Skipping Lnet/minecraft/network/chat/OutgoingChatMessage;
[22:05:57] [main/DEBUG]: Skipping Lnet/minecraft/network/chat/OutgoingChatMessage$Player;
[22:05:57] [main/DEBUG]: Skipping Lnet/minecraft/network/chat/OutgoingChatMessage$Disguised;
[22:05:57] [main/DEBUG]: Skipping Lnet/minecraft/network/chat/MutableComponent;
[22:05:57] [main/DEBUG]: Skipping Lnet/minecraft/network/chat/MessageSignatureCache;
[22:05:57] [main/DEBUG]: Skipping Lnet/minecraft/network/chat/MessageSignature;
[22:05:57] [main/DEBUG]: Skipping Lnet/minecraft/network/chat/MessageSignature$Packed;
[22:05:57] [main/DEBUG]: Skipping Lnet/minecraft/network/chat/LocalChatSession;
[22:05:57] [main/DEBUG]: Skipping Lnet/minecraft/network/chat/LastSeenTrackedEntry;
[22:05:57] [main/DEBUG]: Skipping Lnet/minecraft/network/chat/LastSeenMessagesValidator;
[22:05:57] [main/DEBUG]: Skipping Lnet/minecraft/network/chat/LastSeenMessagesTracker;
[22:05:57] [main/DEBUG]: Skipping Lnet/minecraft/network/chat/LastSeenMessagesTracker$Update;
[22:05:57] [main/DEBUG]: Skipping Lnet/minecraft/network/chat/LastSeenMessages;
[22:05:57] [main/DEBUG]: Skipping Lnet/minecraft/network/chat/LastSeenMessages$Update;
[22:05:57] [main/DEBUG]: Skipping Lnet/minecraft/network/chat/LastSeenMessages$Packed;
[22:05:57] [main/DEBUG]: Skipping Lnet/minecraft/network/chat/HoverEvent;
[22:05:57] [main/DEBUG]: Skipping Lnet/minecraft/network/chat/HoverEvent$ItemStackInfo;
[22:05:57] [main/DEBUG]: Skipping Lnet/minecraft/network/chat/HoverEvent$EntityTooltipInfo;
[22:05:57] [main/DEBUG]: Skipping Lnet/minecraft/network/chat/HoverEvent$Action;
[22:05:57] [main/DEBUG]: Skipping Lnet/minecraft/network/chat/FormattedText;
[22:05:57] [main/DEBUG]: Skipping Lnet/minecraft/network/chat/FormattedText$StyledContentConsumer;
[22:05:57] [main/DEBUG]: Skipping Lnet/minecraft/network/chat/FormattedText$ContentConsumer;
[22:05:57] [main/DEBUG]: Skipping Lnet/minecraft/network/chat/FormattedText$4;
[22:05:57] [main/DEBUG]: Skipping Lnet/minecraft/network/chat/FormattedText$3;
[22:05:57] [main/DEBUG]: Skipping Lnet/minecraft/network/chat/FormattedText$2;
[22:05:57] [main/DEBUG]: Skipping Lnet/minecraft/network/chat/FormattedText$1;
[22:05:57] [main/DEBUG]: Skipping Lnet/minecraft/network/chat/FilterMask;
[22:05:57] [main/DEBUG]: Skipping Lnet/minecraft/network/chat/FilterMask$Type;
[22:05:57] [main/DEBUG]: Skipping Lnet/minecraft/network/chat/FilterMask$1;
[22:05:57] [main/DEBUG]: Skipping Lnet/minecraft/network/chat/ComponentUtils;
[22:05:57] [main/DEBUG]: Skipping Lnet/minecraft/network/chat/ComponentContents;
[22:05:57] [main/DEBUG]: Skipping Lnet/minecraft/network/chat/ComponentContents$1;
[22:05:57] [main/DEBUG]: Skipping Lnet/minecraft/network/chat/Component;
[22:05:57] [main/DEBUG]: Skipping Lnet/minecraft/network/chat/Component$Serializer;
[22:05:57] [main/DEBUG]: Skipping Lnet/minecraft/network/chat/CommonComponents;
[22:05:57] [main/DEBUG]: Skipping Lnet/minecraft/network/chat/ClickEvent;
[22:05:57] [main/DEBUG]: Skipping Lnet/minecraft/network/chat/ClickEvent$Action;
[22:05:57] [main/DEBUG]: Skipping Lnet/minecraft/network/chat/ChatTypeDecoration;
[22:05:57] [main/DEBUG]: Skipping Lnet/minecraft/network/chat/ChatTypeDecoration$Parameter;
[22:05:57] [main/DEBUG]: Skipping Lnet/minecraft/network/chat/ChatTypeDecoration$Parameter$Selector;
[22:05:57] [main/DEBUG]: Skipping Lnet/minecraft/network/chat/ChatType;
[22:05:57] [main/DEBUG]: Skipping Lnet/minecraft/network/chat/ChatType$BoundNetwork;
[22:05:57] [main/DEBUG]: Skipping Lnet/minecraft/network/chat/ChatType$Bound;
[22:05:57] [main/DEBUG]: Skipping Lnet/minecraft/network/chat/ChatDecorator;
[22:05:57] [main/DEBUG]: Skipping Lnet/minecraft/network/Varint21LengthFieldPrepender;
[22:05:57] [main/DEBUG]: Skipping Lnet/minecraft/network/Varint21FrameDecoder;
[22:05:57] [main/DEBUG]: Skipping Lnet/minecraft/network/TickablePacketListener;
[22:05:57] [main/DEBUG]: Skipping Lnet/minecraft/network/SkipPacketException;
[22:05:57] [main/DEBUG]: Skipping Lnet/minecraft/network/RateKickingConnection;
[22:05:57] [main/DEBUG]: Skipping Lnet/minecraft/network/PacketSendListener;
[22:05:57] [main/DEBUG]: Skipping Lnet/minecraft/network/PacketSendListener$2;
[22:05:57] [main/DEBUG]: Skipping Lnet/minecraft/network/PacketSendListener$1;
[22:05:57] [main/DEBUG]: Skipping Lnet/minecraft/network/PacketListener;
[22:05:57] [main/DEBUG]: Skipping Lnet/minecraft/network/PacketEncoder;
[22:05:57] [main/DEBUG]: Skipping Lnet/minecraft/network/PacketDecoder;
[22:05:57] [main/DEBUG]: Skipping Lnet/minecraft/network/PacketBundleUnpacker;
[22:05:57] [main/DEBUG]: Skipping Lnet/minecraft/network/PacketBundlePacker;
[22:05:57] [main/DEBUG]: Skipping Lnet/minecraft/network/ConnectionProtocol;
[22:05:57] [main/DEBUG]: Skipping Lnet/minecraft/network/ConnectionProtocol$ProtocolBuilder;
[22:05:57] [main/DEBUG]: Skipping Lnet/minecraft/network/ConnectionProtocol$PacketSet;
[22:05:57] [main/DEBUG]: Skipping Lnet/minecraft/network/CompressionDecoder;
[22:05:57] [main/DEBUG]: Skipping Lnet/minecraft/network/CipherEncoder;
[22:05:57] [main/DEBUG]: Skipping Lnet/minecraft/network/CipherDecoder;
[22:05:57] [main/DEBUG]: Skipping Lnet/minecraft/network/CipherBase;
[22:05:57] [main/DEBUG]: Skipping Lnet/minecraft/network/FriendlyByteBuf;
[22:05:57] [main/DEBUG]: Skipping Lnet/minecraft/network/FriendlyByteBuf$Writer;
[22:05:57] [main/DEBUG]: Skipping Lnet/minecraft/network/FriendlyByteBuf$Reader;
[22:05:57] [main/DEBUG]: Skipping Lnet/minecraft/network/FriendlyByteBuf$1;
[22:05:57] [main/DEBUG]: Skipping Lnet/minecraft/network/Connection;
[22:05:57] [main/DEBUG]: Skipping Lnet/minecraft/network/Connection$PacketHolder;
[22:05:57] [main/DEBUG]: Skipping Lnet/minecraft/network/Connection$2;
[22:05:57] [main/DEBUG]: Skipping Lnet/minecraft/network/Connection$1;
[22:05:57] [main/DEBUG]: Skipping Lnet/minecraft/network/CompressionEncoder;
[22:05:57] [main/DEBUG]: Skipping Lnet/minecraft/nbt/visitors/package-info;
[22:05:57] [main/DEBUG]: Skipping Lnet/minecraft/nbt/visitors/SkipFields;
[22:05:57] [main/DEBUG]: Skipping Lnet/minecraft/nbt/visitors/SkipAll;
[22:05:57] [main/DEBUG]: Skipping Lnet/minecraft/nbt/visitors/SkipAll$1;
[22:05:57] [main/DEBUG]: Skipping Lnet/minecraft/nbt/visitors/FieldTree;
[22:05:57] [main/DEBUG]: Skipping Lnet/minecraft/nbt/visitors/FieldSelector;
[22:05:57] [main/DEBUG]: Skipping Lnet/minecraft/nbt/visitors/CollectToTag;
[22:05:57] [main/DEBUG]: Skipping Lnet/minecraft/nbt/visitors/CollectFields;
[22:05:57] [main/DEBUG]: Skipping Lnet/minecraft/nbt/package-info;
[22:05:57] [main/DEBUG]: Skipping Lnet/minecraft/nbt/TextComponentTagVisitor;
[22:05:57] [main/DEBUG]: Skipping Lnet/minecraft/nbt/TagVisitor;
[22:05:57] [main/DEBUG]: Skipping Lnet/minecraft/nbt/TagTypes;
[22:05:57] [main/DEBUG]: Skipping Lnet/minecraft/nbt/TagType;
[22:05:57] [main/DEBUG]: Skipping Lnet/minecraft/nbt/TagType$VariableSize;
[22:05:57] [main/DEBUG]: Skipping Lnet/minecraft/nbt/TagType$StaticSize;
[22:05:57] [main/DEBUG]: Skipping Lnet/minecraft/nbt/TagType$2;
[22:05:57] [main/DEBUG]: Skipping Lnet/minecraft/nbt/TagType$1;
[22:05:57] [main/DEBUG]: Skipping Lnet/minecraft/nbt/TagParser;
[22:05:57] [main/DEBUG]: Skipping Lnet/minecraft/nbt/Tag;
[22:05:57] [main/DEBUG]: Skipping Lnet/minecraft/nbt/StringTagVisitor;
[22:05:57] [main/DEBUG]: Skipping Lnet/minecraft/nbt/StreamTagVisitor;
[22:05:57] [main/DEBUG]: Skipping Lnet/minecraft/nbt/StreamTagVisitor$ValueResult;
[22:05:57] [main/DEBUG]: Skipping Lnet/minecraft/nbt/StreamTagVisitor$EntryResult;
[22:05:57] [main/DEBUG]: Skipping Lnet/minecraft/nbt/SnbtPrinterTagVisitor;
[22:05:57] [main/DEBUG]: Skipping Lnet/minecraft/nbt/ShortTag;
[22:05:57] [main/DEBUG]: Skipping Lnet/minecraft/nbt/ShortTag$Cache;
[22:05:57] [main/DEBUG]: Skipping Lnet/minecraft/nbt/ShortTag$1;
[22:05:57] [main/DEBUG]: Skipping Lnet/minecraft/nbt/NumericTag;
[22:05:57] [main/DEBUG]: Skipping Lnet/minecraft/nbt/NbtUtils;
[22:05:57] [main/DEBUG]: Skipping Lnet/minecraft/nbt/NbtOps;
[22:05:57] [main/DEBUG]: Skipping Lnet/minecraft/nbt/NbtOps$NbtRecordBuilder;
[22:05:57] [main/DEBUG]: Skipping Lnet/minecraft/nbt/NbtOps$LongListCollector;
[22:05:57] [main/DEBUG]: Skipping Lnet/minecraft/nbt/NbtOps$ListCollector;
[22:05:57] [main/DEBUG]: Skipping Lnet/minecraft/nbt/NbtOps$IntListCollector;
[22:05:57] [main/DEBUG]: Skipping Lnet/minecraft/nbt/NbtOps$InitialListCollector;
[22:05:57] [main/DEBUG]: Skipping Lnet/minecraft/nbt/NbtOps$HomogenousListCollector;
[22:05:57] [main/DEBUG]: Skipping Lnet/minecraft/nbt/NbtOps$HeterogenousListCollector;
[22:05:57] [main/DEBUG]: Skipping Lnet/minecraft/nbt/NbtOps$ByteListCollector;
[22:05:57] [main/DEBUG]: Skipping Lnet/minecraft/nbt/NbtOps$1;
[22:05:57] [main/DEBUG]: Skipping Lnet/minecraft/nbt/LongTag;
[22:05:57] [main/DEBUG]: Skipping Lnet/minecraft/nbt/LongTag$Cache;
[22:05:57] [main/DEBUG]: Skipping Lnet/minecraft/nbt/LongTag$1;
[22:05:57] [main/DEBUG]: Skipping Lnet/minecraft/nbt/LongArrayTag;
[22:05:57] [main/DEBUG]: Skipping Lnet/minecraft/nbt/LongArrayTag$1;
[22:05:57] [main/DEBUG]: Skipping Lnet/minecraft/nbt/ListTag;
[22:05:57] [main/DEBUG]: Skipping Lnet/minecraft/nbt/ListTag$2;
[22:05:57] [main/DEBUG]: Skipping Lnet/minecraft/nbt/ListTag$1;
[22:05:57] [main/DEBUG]: Skipping Lnet/minecraft/nbt/IntTag;
[22:05:57] [main/DEBUG]: Skipping Lnet/minecraft/nbt/IntTag$Cache;
[22:05:57] [main/DEBUG]: Skipping Lnet/minecraft/nbt/IntTag$1;
[22:05:57] [main/DEBUG]: Skipping Lnet/minecraft/nbt/IntArrayTag;
[22:05:57] [main/DEBUG]: Skipping Lnet/minecraft/nbt/IntArrayTag$1;
[22:05:57] [main/DEBUG]: Skipping Lnet/minecraft/nbt/FloatTag;
[22:05:57] [main/DEBUG]: Skipping Lnet/minecraft/nbt/FloatTag$1;
[22:05:57] [main/DEBUG]: Skipping Lnet/minecraft/nbt/EndTag;
[22:05:57] [main/DEBUG]: Skipping Lnet/minecraft/nbt/EndTag$1;
[22:05:57] [main/DEBUG]: Skipping Lnet/minecraft/nbt/DoubleTag;
[22:05:57] [main/DEBUG]: Skipping Lnet/minecraft/nbt/DoubleTag$1;
[22:05:57] [main/DEBUG]: Skipping Lnet/minecraft/nbt/CollectionTag;
[22:05:57] [main/DEBUG]: Skipping Lnet/minecraft/nbt/ByteTag;
[22:05:57] [main/DEBUG]: Skipping Lnet/minecraft/nbt/ByteTag$Cache;
[22:05:57] [main/DEBUG]: Skipping Lnet/minecraft/nbt/ByteTag$1;
[22:05:57] [main/DEBUG]: Skipping Lnet/minecraft/nbt/ByteArrayTag;
[22:05:57] [main/DEBUG]: Skipping Lnet/minecraft/nbt/ByteArrayTag$1;
[22:05:57] [main/DEBUG]: Skipping Lnet/minecraft/nbt/StringTag;
[22:05:57] [main/DEBUG]: Skipping Lnet/minecraft/nbt/StringTag$1;
[22:05:57] [main/DEBUG]: Skipping Lnet/minecraft/nbt/NbtIo;
[22:05:57] [main/DEBUG]: Skipping Lnet/minecraft/nbt/NbtIo$1;
[22:05:57] [main/DEBUG]: Skipping Lnet/minecraft/nbt/NbtAccounter;
[22:05:57] [main/DEBUG]: Skipping Lnet/minecraft/nbt/NbtAccounter$1;
[22:05:57] [main/DEBUG]: Skipping Lnet/minecraft/nbt/CompoundTag;
[22:05:57] [main/DEBUG]: Skipping Lnet/minecraft/nbt/CompoundTag$2;
[22:05:57] [main/DEBUG]: Skipping Lnet/minecraft/nbt/CompoundTag$1;
[22:05:57] [main/DEBUG]: Skipping Lnet/minecraft/locale/package-info;
[22:05:57] [main/DEBUG]: Skipping Lnet/minecraft/locale/Language;
[22:05:57] [main/DEBUG]: Skipping Lnet/minecraft/locale/Language$1;
[22:05:57] [main/DEBUG]: Skipping Lnet/minecraft/gametest/framework/package-info;
[22:05:57] [main/DEBUG]: Skipping Lnet/minecraft/gametest/framework/TestReporter;
[22:05:57] [main/DEBUG]: Skipping Lnet/minecraft/gametest/framework/TestFunctionArgument;
[22:05:57] [main/DEBUG]: Skipping Lnet/minecraft/gametest/framework/TestFunction;
[22:05:57] [main/DEBUG]: Skipping Lnet/minecraft/gametest/framework/TestCommand;
[22:05:57] [main/DEBUG]: Skipping Lnet/minecraft/gametest/framework/TestCommand$TestSummaryDisplayer;
[22:05:57] [main/DEBUG]: Skipping Lnet/minecraft/gametest/framework/TestClassNameArgument;
[22:05:57] [main/DEBUG]: Skipping Lnet/minecraft/gametest/framework/TeamcityTestReporter;
[22:05:57] [main/DEBUG]: Skipping Lnet/minecraft/gametest/framework/ReportGameListener;
[22:05:57] [main/DEBUG]: Skipping Lnet/minecraft/gametest/framework/MultipleTestTracker;
[22:05:57] [main/DEBUG]: Skipping Lnet/minecraft/gametest/framework/MultipleTestTracker$1;
[22:05:57] [main/DEBUG]: Skipping Lnet/minecraft/gametest/framework/LogTestReporter;
[22:05:57] [main/DEBUG]: Skipping Lnet/minecraft/gametest/framework/JUnitLikeTestReporter;
[22:05:57] [main/DEBUG]: Skipping Lnet/minecraft/gametest/framework/GlobalTestReporter;
[22:05:57] [main/DEBUG]: Skipping Lnet/minecraft/gametest/framework/GameTestTimeoutException;
[22:05:57] [main/DEBUG]: Skipping Lnet/minecraft/gametest/framework/GameTestTicker;
[22:05:57] [main/DEBUG]: Skipping Lnet/minecraft/gametest/framework/GameTestSequence;
[22:05:57] [main/DEBUG]: Skipping Lnet/minecraft/gametest/framework/GameTestSequence$Condition;
[22:05:57] [main/DEBUG]: Skipping Lnet/minecraft/gametest/framework/GameTestRunner;
[22:05:57] [main/DEBUG]: Skipping Lnet/minecraft/gametest/framework/GameTestListener;
[22:05:57] [main/DEBUG]: Skipping Lnet/minecraft/gametest/framework/GameTestInfo;
[22:05:57] [main/DEBUG]: Skipping Lnet/minecraft/gametest/framework/GameTestHelper;
[22:05:57] [main/DEBUG]: Skipping Lnet/minecraft/gametest/framework/GameTestHelper$3;
[22:05:57] [main/DEBUG]: Skipping Lnet/minecraft/gametest/framework/GameTestHelper$2;
[22:05:57] [main/DEBUG]: Skipping Lnet/minecraft/gametest/framework/GameTestHelper$1;
[22:05:57] [main/DEBUG]: Skipping Lnet/minecraft/gametest/framework/GameTestGenerator;
[22:05:57] [main/DEBUG]: Skipping Lnet/minecraft/gametest/framework/GameTestEvent;
[22:05:57] [main/DEBUG]: Skipping Lnet/minecraft/gametest/framework/GameTestBatchRunner;
[22:05:57] [main/DEBUG]: Skipping Lnet/minecraft/gametest/framework/GameTestBatchRunner$1;
[22:05:57] [main/DEBUG]: Skipping Lnet/minecraft/gametest/framework/GameTestBatch;
[22:05:57] [main/DEBUG]: Skipping Lnet/minecraft/gametest/framework/GameTestAssertPosException;
[22:05:57] [main/DEBUG]: Skipping Lnet/minecraft/gametest/framework/GameTestAssertException;
[22:05:57] [main/DEBUG]: Skipping Lnet/minecraft/gametest/framework/ExhaustedAttemptsException;
[22:05:57] [main/DEBUG]: Skipping Lnet/minecraft/gametest/framework/BeforeBatch;
[22:05:57] [main/DEBUG]: Skipping Lnet/minecraft/gametest/framework/AfterBatch;
[22:05:57] [main/DEBUG]: Skipping Lnet/minecraft/gametest/framework/StructureUtils;
[22:05:57] [main/DEBUG]: Skipping Lnet/minecraft/gametest/framework/StructureUtils$1;
[22:05:57] [main/DEBUG]: Transforming class Lnet/minecraft/gametest/framework/GameTestServer;
[22:05:57] [main/DEBUG]: Transforming net/minecraft/gametest/framework/GameTestServer METHOD <init>(Ljava/lang/Thread;Lnet/minecraft/world/level/storage/LevelStorageSource$LevelStorageAccess;Lnet/minecraft/server/packs/repository/PackRepository;Lnet/minecraft/server/WorldStem;Ljava/util/Collection;Lnet/minecraft/core/BlockPos;)V to access PUBLIC and LEAVE
[22:05:57] [main/DEBUG]: Skipping Lnet/minecraft/gametest/framework/GameTestServer$1;
[22:05:57] [main/DEBUG]: Skipping Lnet/minecraft/gametest/framework/GameTestRegistry;
[22:05:57] [main/DEBUG]: Skipping Lnet/minecraft/gametest/framework/GameTest;
[22:05:57] [main/DEBUG]: Skipping Lnet/minecraft/data/worldgen/placement/package-info;
[22:05:57] [main/DEBUG]: Skipping Lnet/minecraft/data/worldgen/placement/VillagePlacements;
[22:05:57] [main/DEBUG]: Skipping Lnet/minecraft/data/worldgen/placement/VegetationPlacements;
[22:05:57] [main/DEBUG]: Skipping Lnet/minecraft/data/worldgen/placement/TreePlacements;
[22:05:57] [main/DEBUG]: Skipping Lnet/minecraft/data/worldgen/placement/PlacementUtils;
[22:05:57] [main/DEBUG]: Skipping Lnet/minecraft/data/worldgen/placement/OrePlacements;
[22:05:57] [main/DEBUG]: Skipping Lnet/minecraft/data/worldgen/placement/NetherPlacements;
[22:05:57] [main/DEBUG]: Skipping Lnet/minecraft/data/worldgen/placement/MiscOverworldPlacements;
[22:05:57] [main/DEBUG]: Skipping Lnet/minecraft/data/worldgen/placement/EndPlacements;
[22:05:57] [main/DEBUG]: Skipping Lnet/minecraft/data/worldgen/placement/CavePlacements;
[22:05:57] [main/DEBUG]: Skipping Lnet/minecraft/data/worldgen/placement/AquaticPlacements;
[22:05:57] [main/DEBUG]: Skipping Lnet/minecraft/data/worldgen/package-info;
[22:05:57] [main/DEBUG]: Skipping Lnet/minecraft/data/worldgen/features/package-info;
[22:05:57] [main/DEBUG]: Skipping Lnet/minecraft/data/worldgen/features/VegetationFeatures;
[22:05:57] [main/DEBUG]: Skipping Lnet/minecraft/data/worldgen/features/TreeFeatures;
[22:05:57] [main/DEBUG]: Skipping Lnet/minecraft/data/worldgen/features/PileFeatures;
[22:05:57] [main/DEBUG]: Skipping Lnet/minecraft/data/worldgen/features/OreFeatures;
[22:05:57] [main/DEBUG]: Skipping Lnet/minecraft/data/worldgen/features/NetherFeatures;
[22:05:57] [main/DEBUG]: Skipping Lnet/minecraft/data/worldgen/features/MiscOverworldFeatures;
[22:05:57] [main/DEBUG]: Skipping Lnet/minecraft/data/worldgen/features/FeatureUtils;
[22:05:57] [main/DEBUG]: Skipping Lnet/minecraft/data/worldgen/features/EndFeatures;
[22:05:57] [main/DEBUG]: Skipping Lnet/minecraft/data/worldgen/features/CaveFeatures;
[22:05:57] [main/DEBUG]: Skipping Lnet/minecraft/data/worldgen/features/AquaticFeatures;
[22:05:57] [main/DEBUG]: Skipping Lnet/minecraft/data/worldgen/biome/package-info;
[22:05:57] [main/DEBUG]: Skipping Lnet/minecraft/data/worldgen/biome/NetherBiomes;
[22:05:57] [main/DEBUG]: Skipping Lnet/minecraft/data/worldgen/biome/EndBiomes;
[22:05:57] [main/DEBUG]: Skipping Lnet/minecraft/data/worldgen/biome/BiomeData;
[22:05:57] [main/DEBUG]: Skipping Lnet/minecraft/data/worldgen/biome/OverworldBiomes;
[22:05:57] [main/DEBUG]: Skipping Lnet/minecraft/data/worldgen/VillagePools;
[22:05:57] [main/DEBUG]: Skipping Lnet/minecraft/data/worldgen/TrailRuinsStructurePools;
[22:05:57] [main/DEBUG]: Skipping Lnet/minecraft/data/worldgen/TerrainProvider;
[22:05:57] [main/DEBUG]: Skipping Lnet/minecraft/data/worldgen/TaigaVillagePools;
[22:05:57] [main/DEBUG]: Skipping Lnet/minecraft/data/worldgen/SurfaceRuleData;
[22:05:57] [main/DEBUG]: Skipping Lnet/minecraft/data/worldgen/Structures;
[22:05:57] [main/DEBUG]: Skipping Lnet/minecraft/data/worldgen/StructureSets;
[22:05:57] [main/DEBUG]: Skipping Lnet/minecraft/data/worldgen/SnowyVillagePools;
[22:05:57] [main/DEBUG]: Skipping Lnet/minecraft/data/worldgen/SavannaVillagePools;
[22:05:57] [main/DEBUG]: Skipping Lnet/minecraft/data/worldgen/ProcessorLists;
[22:05:57] [main/DEBUG]: Skipping Lnet/minecraft/data/worldgen/Pools;
[22:05:57] [main/DEBUG]: Skipping Lnet/minecraft/data/worldgen/PlainVillagePools;
[22:05:57] [main/DEBUG]: Skipping Lnet/minecraft/data/worldgen/PillagerOutpostPools;
[22:05:57] [main/DEBUG]: Skipping Lnet/minecraft/data/worldgen/NoiseData;
[22:05:57] [main/DEBUG]: Skipping Lnet/minecraft/data/worldgen/DimensionTypes;
[22:05:57] [main/DEBUG]: Skipping Lnet/minecraft/data/worldgen/DesertVillagePools;
[22:05:57] [main/DEBUG]: Skipping Lnet/minecraft/data/worldgen/Carvers;
[22:05:57] [main/DEBUG]: Skipping Lnet/minecraft/data/worldgen/BiomeDefaultFeatures;
[22:05:57] [main/DEBUG]: Skipping Lnet/minecraft/data/worldgen/BastionTreasureRoomPools;
[22:05:57] [main/DEBUG]: Skipping Lnet/minecraft/data/worldgen/BastionSharedPools;
[22:05:57] [main/DEBUG]: Skipping Lnet/minecraft/data/worldgen/BastionPieces;
[22:05:57] [main/DEBUG]: Skipping Lnet/minecraft/data/worldgen/BastionHousingUnitsPools;
[22:05:57] [main/DEBUG]: Skipping Lnet/minecraft/data/worldgen/BastionHoglinStablePools;
[22:05:57] [main/DEBUG]: Skipping Lnet/minecraft/data/worldgen/BastionBridgePools;
[22:05:57] [main/DEBUG]: Skipping Lnet/minecraft/data/worldgen/AncientCityStructurePools;
[22:05:57] [main/DEBUG]: Skipping Lnet/minecraft/data/worldgen/AncientCityStructurePieces;
[22:05:57] [main/DEBUG]: Skipping Lnet/minecraft/data/worldgen/BootstapContext;
[22:05:57] [main/DEBUG]: Skipping Lnet/minecraft/data/tags/package-info;
[22:05:57] [main/DEBUG]: Skipping Lnet/minecraft/data/tags/VanillaItemTagsProvider;
[22:05:57] [main/DEBUG]: Skipping Lnet/minecraft/data/tags/VanillaBlockTagsProvider;
[22:05:57] [main/DEBUG]: Skipping Lnet/minecraft/data/tags/WorldPresetTagsProvider;
[22:05:57] [main/DEBUG]: Transforming class Lnet/minecraft/data/tags/TagsProvider;
[22:05:57] [main/DEBUG]: Transforming net/minecraft/data/tags/TagsProvider INNERCLASS TagAppender to access PUBLIC and LEAVE
[22:05:57] [main/DEBUG]: Transforming net/minecraft/data/tags/TagsProvider FIELD f_126543_ to access PROTECTED and LEAVE
[22:05:57] [main/DEBUG]: Transforming net/minecraft/data/tags/TagsProvider METHOD m_6055_()Ljava/lang/String; to access PUBLIC and REMOVEFINAL
[22:05:57] [main/DEBUG]: Skipping Lnet/minecraft/data/tags/TagsProvider$TagLookup;
[22:05:57] [main/DEBUG]: Transforming class Lnet/minecraft/data/tags/TagsProvider$TagAppender;
[22:05:57] [main/DEBUG]: Transforming net/minecraft/data/tags/TagsProvider$TagAppender CLASS to access PUBLIC and LEAVE
[22:05:57] [main/DEBUG]: Skipping Lnet/minecraft/data/tags/TagsProvider$1CombinedData;
[22:05:57] [main/DEBUG]: Skipping Lnet/minecraft/data/tags/StructureTagsProvider;
[22:05:57] [main/DEBUG]: Skipping Lnet/minecraft/data/tags/PoiTypeTagsProvider;
[22:05:57] [main/DEBUG]: Skipping Lnet/minecraft/data/tags/PaintingVariantTagsProvider;
[22:05:57] [main/DEBUG]: Skipping Lnet/minecraft/data/tags/ItemTagsProvider;
[22:05:57] [main/DEBUG]: Transforming class Lnet/minecraft/data/tags/IntrinsicHolderTagsProvider;
[22:05:57] [main/DEBUG]: Transforming net/minecraft/data/tags/IntrinsicHolderTagsProvider INNERCLASS IntrinsicTagAppender to access PUBLIC and LEAVE
[22:05:57] [main/DEBUG]: Transforming class Lnet/minecraft/data/tags/IntrinsicHolderTagsProvider$IntrinsicTagAppender;
[22:05:57] [main/DEBUG]: Transforming net/minecraft/data/tags/IntrinsicHolderTagsProvider$IntrinsicTagAppender CLASS to access PUBLIC and LEAVE
[22:05:57] [main/DEBUG]: Skipping Lnet/minecraft/data/tags/InstrumentTagsProvider;
[22:05:57] [main/DEBUG]: Skipping Lnet/minecraft/data/tags/GameEventTagsProvider;
[22:05:57] [main/DEBUG]: Skipping Lnet/minecraft/data/tags/FluidTagsProvider;
[22:05:57] [main/DEBUG]: Skipping Lnet/minecraft/data/tags/FlatLevelGeneratorPresetTagsProvider;
[22:05:57] [main/DEBUG]: Skipping Lnet/minecraft/data/tags/EntityTypeTagsProvider;
[22:05:57] [main/DEBUG]: Skipping Lnet/minecraft/data/tags/DamageTypeTagsProvider;
[22:05:57] [main/DEBUG]: Skipping Lnet/minecraft/data/tags/CatVariantTagsProvider;
[22:05:57] [main/DEBUG]: Skipping Lnet/minecraft/data/tags/BiomeTagsProvider;
[22:05:57] [main/DEBUG]: Skipping Lnet/minecraft/data/tags/BannerPatternTagsProvider;
[22:05:57] [main/DEBUG]: Skipping Lnet/minecraft/data/structures/package-info;
[22:05:57] [main/DEBUG]: Skipping Lnet/minecraft/data/structures/StructureUpdater;
[22:05:57] [main/DEBUG]: Skipping Lnet/minecraft/data/structures/SnbtToNbt;
[22:05:57] [main/DEBUG]: Skipping Lnet/minecraft/data/structures/SnbtToNbt$TaskResult;
[22:05:57] [main/DEBUG]: Skipping Lnet/minecraft/data/structures/SnbtToNbt$StructureConversionException;
[22:05:57] [main/DEBUG]: Skipping Lnet/minecraft/data/structures/SnbtToNbt$Filter;
[22:05:57] [main/DEBUG]: Skipping Lnet/minecraft/data/structures/NbtToSnbt;
[22:05:57] [main/DEBUG]: Skipping Lnet/minecraft/data/registries/package-info;
[22:05:57] [main/DEBUG]: Skipping Lnet/minecraft/data/registries/VanillaRegistries;
[22:05:57] [main/DEBUG]: Transforming class Lnet/minecraft/data/registries/RegistriesDatapackGenerator;
[22:05:57] [main/DEBUG]: Transforming net/minecraft/data/registries/RegistriesDatapackGenerator METHOD m_6055_()Ljava/lang/String; to access PUBLIC and REMOVEFINAL
[22:05:57] [main/DEBUG]: Skipping Lnet/minecraft/data/recipes/packs/package-info;
[22:05:57] [main/DEBUG]: Transforming class Lnet/minecraft/data/recipes/packs/VanillaRecipeProvider;
[22:05:57] [main/DEBUG]: Transforming net/minecraft/data/recipes/packs/VanillaRecipeProvider FIELD f_243671_ to access PUBLIC and LEAVE
[22:05:57] [main/DEBUG]: Transforming net/minecraft/data/recipes/packs/VanillaRecipeProvider FIELD f_243779_ to access PUBLIC and LEAVE
[22:05:57] [main/DEBUG]: Transforming net/minecraft/data/recipes/packs/VanillaRecipeProvider FIELD f_243908_ to access PUBLIC and LEAVE
[22:05:57] [main/DEBUG]: Transforming net/minecraft/data/recipes/packs/VanillaRecipeProvider FIELD f_244369_ to access PUBLIC and LEAVE
[22:05:57] [main/DEBUG]: Transforming net/minecraft/data/recipes/packs/VanillaRecipeProvider FIELD f_243974_ to access PUBLIC and LEAVE
[22:05:57] [main/DEBUG]: Transforming net/minecraft/data/recipes/packs/VanillaRecipeProvider FIELD f_244628_ to access PUBLIC and LEAVE
[22:05:57] [main/DEBUG]: Transforming net/minecraft/data/recipes/packs/VanillaRecipeProvider FIELD f_244565_ to access PUBLIC and LEAVE
[22:05:57] [main/DEBUG]: Transforming net/minecraft/data/recipes/packs/VanillaRecipeProvider FIELD f_244430_ to access PUBLIC and LEAVE
[22:05:57] [main/DEBUG]: Skipping Lnet/minecraft/data/recipes/packs/BundleRecipeProvider;
[22:05:57] [main/DEBUG]: Skipping Lnet/minecraft/data/recipes/package-info;
[22:05:57] [main/DEBUG]: Skipping Lnet/minecraft/data/recipes/SpecialRecipeBuilder;
[22:05:57] [main/DEBUG]: Skipping Lnet/minecraft/data/recipes/SpecialRecipeBuilder$1;
[22:05:57] [main/DEBUG]: Skipping Lnet/minecraft/data/recipes/SmithingTrimRecipeBuilder;
[22:05:57] [main/DEBUG]: Skipping Lnet/minecraft/data/recipes/SmithingTrimRecipeBuilder$Result;
[22:05:57] [main/DEBUG]: Skipping Lnet/minecraft/data/recipes/SmithingTransformRecipeBuilder;
[22:05:57] [main/DEBUG]: Skipping Lnet/minecraft/data/recipes/SmithingTransformRecipeBuilder$Result;
[22:05:57] [main/DEBUG]: Skipping Lnet/minecraft/data/recipes/SingleItemRecipeBuilder;
[22:05:57] [main/DEBUG]: Skipping Lnet/minecraft/data/recipes/SingleItemRecipeBuilder$Result;
[22:05:57] [main/DEBUG]: Skipping Lnet/minecraft/data/recipes/SimpleCookingRecipeBuilder;
[22:05:57] [main/DEBUG]: Skipping Lnet/minecraft/data/recipes/SimpleCookingRecipeBuilder$Result;
[22:05:57] [main/DEBUG]: Skipping Lnet/minecraft/data/recipes/ShapelessRecipeBuilder;
[22:05:57] [main/DEBUG]: Skipping Lnet/minecraft/data/recipes/ShapelessRecipeBuilder$Result;
[22:05:57] [main/DEBUG]: Transforming class Lnet/minecraft/data/recipes/ShapedRecipeBuilder;
[22:05:57] [main/DEBUG]: Transforming net/minecraft/data/recipes/ShapedRecipeBuilder INNERCLASS Result to access PUBLIC and LEAVE
[22:05:57] [main/DEBUG]: Transforming class Lnet/minecraft/data/recipes/ShapedRecipeBuilder$Result;
[22:05:57] [main/DEBUG]: Transforming net/minecraft/data/recipes/ShapedRecipeBuilder$Result CLASS to access PUBLIC and LEAVE
[22:05:57] [main/DEBUG]: Skipping Lnet/minecraft/data/recipes/RecipeCategory;
[22:05:57] [main/DEBUG]: Skipping Lnet/minecraft/data/recipes/RecipeBuilder;
[22:05:57] [main/DEBUG]: Skipping Lnet/minecraft/data/recipes/FinishedRecipe;
[22:05:57] [main/DEBUG]: Skipping Lnet/minecraft/data/recipes/CraftingRecipeBuilder;
[22:05:57] [main/DEBUG]: Skipping Lnet/minecraft/data/recipes/CraftingRecipeBuilder$CraftingResult;
[22:05:57] [main/DEBUG]: Skipping Lnet/minecraft/data/recipes/CraftingRecipeBuilder$1;
[22:05:57] [main/DEBUG]: Transforming class Lnet/minecraft/data/recipes/RecipeProvider;
[22:05:57] [main/DEBUG]: Transforming net/minecraft/data/recipes/RecipeProvider FIELD f_236355_ to access PROTECTED and LEAVE
[22:05:57] [main/DEBUG]: Transforming net/minecraft/data/recipes/RecipeProvider FIELD f_236356_ to access PROTECTED and LEAVE
[22:05:57] [main/DEBUG]: Transforming net/minecraft/data/recipes/RecipeProvider METHOD m_245809_(Ljava/util/function/Consumer;Lnet/minecraft/world/item/crafting/RecipeSerializer;Ljava/util/List;Lnet/minecraft/data/recipes/RecipeCategory;Lnet/minecraft/world/level/ItemLike;FILjava/lang/String;Ljava/lang/String;)V to access PROTECTED and LEAVE
[22:05:57] [main/DEBUG]: Transforming net/minecraft/data/recipes/RecipeProvider METHOD m_176658_(Lnet/minecraft/world/level/ItemLike;Lnet/minecraft/world/item/crafting/Ingredient;)Lnet/minecraft/data/recipes/RecipeBuilder; to access PROTECTED and LEAVE
[22:05:57] [main/DEBUG]: Transforming net/minecraft/data/recipes/RecipeProvider METHOD m_176678_(Lnet/minecraft/world/level/ItemLike;Lnet/minecraft/world/item/crafting/Ingredient;)Lnet/minecraft/data/recipes/RecipeBuilder; to access PROTECTED and LEAVE
[22:05:57] [main/DEBUG]: Transforming net/minecraft/data/recipes/RecipeProvider METHOD m_176684_(Lnet/minecraft/world/level/ItemLike;Lnet/minecraft/world/item/crafting/Ingredient;)Lnet/minecraft/data/recipes/RecipeBuilder; to access PROTECTED and LEAVE
[22:05:57] [main/DEBUG]: Transforming net/minecraft/data/recipes/RecipeProvider METHOD m_247347_(Lnet/minecraft/data/recipes/RecipeCategory;Lnet/minecraft/world/level/ItemLike;Lnet/minecraft/world/item/crafting/Ingredient;)Lnet/minecraft/data/recipes/RecipeBuilder; to access PROTECTED and LEAVE
[22:05:57] [main/DEBUG]: Transforming net/minecraft/data/recipes/RecipeProvider METHOD m_176720_(Lnet/minecraft/world/level/ItemLike;Lnet/minecraft/world/item/crafting/Ingredient;)Lnet/minecraft/data/recipes/RecipeBuilder; to access PROTECTED and LEAVE
[22:05:57] [main/DEBUG]: Transforming net/minecraft/data/recipes/RecipeProvider METHOD m_176726_(Lnet/minecraft/world/level/ItemLike;Lnet/minecraft/world/item/crafting/Ingredient;)Lnet/minecraft/data/recipes/RecipeBuilder; to access PROTECTED and LEAVE
[22:05:57] [main/DEBUG]: Transforming net/minecraft/data/recipes/RecipeProvider METHOD m_245864_(Lnet/minecraft/data/recipes/RecipeCategory;Lnet/minecraft/world/level/ItemLike;Lnet/minecraft/world/item/crafting/Ingredient;)Lnet/minecraft/data/recipes/RecipeBuilder; to access PROTECTED and LEAVE
[22:05:57] [main/DEBUG]: Transforming net/minecraft/data/recipes/RecipeProvider METHOD m_247174_(Lnet/minecraft/data/recipes/RecipeCategory;Lnet/minecraft/world/level/ItemLike;Lnet/minecraft/world/item/crafting/Ingredient;)Lnet/minecraft/data/recipes/RecipeBuilder; to access PROTECTED and LEAVE
[22:05:57] [main/DEBUG]: Transforming net/minecraft/data/recipes/RecipeProvider METHOD m_245792_(Lnet/minecraft/data/recipes/RecipeCategory;Lnet/minecraft/world/level/ItemLike;Lnet/minecraft/world/item/crafting/Ingredient;)Lnet/minecraft/data/recipes/ShapedRecipeBuilder; to access PROTECTED and LEAVE
[22:05:57] [main/DEBUG]: Transforming net/minecraft/data/recipes/RecipeProvider METHOD m_176739_(Ljava/util/function/Consumer;Lnet/minecraft/world/level/ItemLike;Lnet/minecraft/world/level/ItemLike;)V to access PROTECTED and LEAVE
[22:05:57] [main/DEBUG]: Transforming net/minecraft/data/recipes/RecipeProvider METHOD m_247368_(Ljava/util/function/Consumer;Lnet/minecraft/data/recipes/RecipeCategory;Lnet/minecraft/world/level/ItemLike;Lnet/minecraft/data/recipes/RecipeCategory;Lnet/minecraft/world/level/ItemLike;Ljava/lang/String;Ljava/lang/String;Ljava/lang/String;Ljava/lang/String;)V to access PROTECTED and LEAVE
[22:05:57] [main/DEBUG]: Transforming net/minecraft/data/recipes/RecipeProvider METHOD m_247434_(Ljava/util/function/Consumer;Ljava/lang/String;Lnet/minecraft/world/item/crafting/RecipeSerializer;ILnet/minecraft/world/level/ItemLike;Lnet/minecraft/world/level/ItemLike;F)V to access PROTECTED and LEAVE
[22:05:57] [main/DEBUG]: Transforming net/minecraft/data/recipes/RecipeProvider METHOD m_176523_(Lnet/minecraft/data/BlockFamily;Lnet/minecraft/data/BlockFamily$Variant;)Lnet/minecraft/world/level/block/Block; to access PROTECTED and LEAVE
[22:05:57] [main/DEBUG]: Transforming net/minecraft/data/recipes/RecipeProvider METHOD m_125979_(Lnet/minecraft/world/level/block/Block;)Lnet/minecraft/advancements/critereon/EnterBlockTrigger$TriggerInstance; to access PROTECTED and LEAVE
[22:05:57] [main/DEBUG]: Transforming net/minecraft/data/recipes/RecipeProvider METHOD m_176520_(Lnet/minecraft/advancements/critereon/MinMaxBounds$Ints;Lnet/minecraft/world/level/ItemLike;)Lnet/minecraft/advancements/critereon/InventoryChangeTrigger$TriggerInstance; to access PROTECTED and LEAVE
[22:05:57] [main/DEBUG]: Transforming net/minecraft/data/recipes/RecipeProvider METHOD m_126011_([Lnet/minecraft/advancements/critereon/ItemPredicate;)Lnet/minecraft/advancements/critereon/InventoryChangeTrigger$TriggerInstance; to access PROTECTED and LEAVE
[22:05:57] [main/DEBUG]: Skipping Lnet/minecraft/data/package-info;
[22:05:57] [main/DEBUG]: Skipping Lnet/minecraft/data/models/package-info;
[22:05:57] [main/DEBUG]: Skipping Lnet/minecraft/data/models/model/package-info;
[22:05:57] [main/DEBUG]: Skipping Lnet/minecraft/data/models/model/TexturedModel;
[22:05:57] [main/DEBUG]: Skipping Lnet/minecraft/data/models/model/TexturedModel$Provider;
[22:05:57] [main/DEBUG]: Skipping Lnet/minecraft/data/models/model/TextureSlot;
[22:05:57] [main/DEBUG]: Skipping Lnet/minecraft/data/models/model/TextureMapping;
[22:05:57] [main/DEBUG]: Skipping Lnet/minecraft/data/models/model/ModelTemplates;
[22:05:57] [main/DEBUG]: Skipping Lnet/minecraft/data/models/model/ModelTemplate;
[22:05:57] [main/DEBUG]: Skipping Lnet/minecraft/data/models/model/ModelTemplate$JsonFactory;
[22:05:57] [main/DEBUG]: Skipping Lnet/minecraft/data/models/model/ModelLocationUtils;
[22:05:57] [main/DEBUG]: Skipping Lnet/minecraft/data/models/model/DelegatedModel;
[22:05:57] [main/DEBUG]: Skipping Lnet/minecraft/data/models/blockstates/package-info;
[22:05:57] [main/DEBUG]: Skipping Lnet/minecraft/data/models/blockstates/VariantProperty;
[22:05:57] [main/DEBUG]: Skipping Lnet/minecraft/data/models/blockstates/VariantProperty$Value;
[22:05:57] [main/DEBUG]: Skipping Lnet/minecraft/data/models/blockstates/VariantProperties;
[22:05:57] [main/DEBUG]: Skipping Lnet/minecraft/data/models/blockstates/VariantProperties$Rotation;
[22:05:57] [main/DEBUG]: Skipping Lnet/minecraft/data/models/blockstates/Variant;
[22:05:57] [main/DEBUG]: Skipping Lnet/minecraft/data/models/blockstates/Selector;
[22:05:57] [main/DEBUG]: Skipping Lnet/minecraft/data/models/blockstates/PropertyDispatch;
[22:05:57] [main/DEBUG]: Skipping Lnet/minecraft/data/models/blockstates/PropertyDispatch$TriFunction;
[22:05:57] [main/DEBUG]: Skipping Lnet/minecraft/data/models/blockstates/PropertyDispatch$QuadFunction;
[22:05:57] [main/DEBUG]: Skipping Lnet/minecraft/data/models/blockstates/PropertyDispatch$PentaFunction;
[22:05:57] [main/DEBUG]: Skipping Lnet/minecraft/data/models/blockstates/PropertyDispatch$C5;
[22:05:57] [main/DEBUG]: Skipping Lnet/minecraft/data/models/blockstates/PropertyDispatch$C4;
[22:05:57] [main/DEBUG]: Skipping Lnet/minecraft/data/models/blockstates/PropertyDispatch$C3;
[22:05:57] [main/DEBUG]: Skipping Lnet/minecraft/data/models/blockstates/PropertyDispatch$C2;
[22:05:57] [main/DEBUG]: Skipping Lnet/minecraft/data/models/blockstates/PropertyDispatch$C1;
[22:05:57] [main/DEBUG]: Skipping Lnet/minecraft/data/models/blockstates/MultiVariantGenerator;
[22:05:57] [main/DEBUG]: Skipping Lnet/minecraft/data/models/blockstates/MultiPartGenerator;
[22:05:57] [main/DEBUG]: Skipping Lnet/minecraft/data/models/blockstates/MultiPartGenerator$Entry;
[22:05:57] [main/DEBUG]: Skipping Lnet/minecraft/data/models/blockstates/MultiPartGenerator$ConditionalEntry;
[22:05:57] [main/DEBUG]: Skipping Lnet/minecraft/data/models/blockstates/Condition;
[22:05:57] [main/DEBUG]: Skipping Lnet/minecraft/data/models/blockstates/Condition$TerminalCondition;
[22:05:57] [main/DEBUG]: Skipping Lnet/minecraft/data/models/blockstates/Condition$Operation;
[22:05:57] [main/DEBUG]: Skipping Lnet/minecraft/data/models/blockstates/Condition$CompositeCondition;
[22:05:57] [main/DEBUG]: Skipping Lnet/minecraft/data/models/blockstates/BlockStateGenerator;
[22:05:57] [main/DEBUG]: Skipping Lnet/minecraft/data/models/ModelProvider;
[22:05:57] [main/DEBUG]: Skipping Lnet/minecraft/data/models/ItemModelGenerators;
[22:05:57] [main/DEBUG]: Skipping Lnet/minecraft/data/models/ItemModelGenerators$TrimModelData;
[22:05:57] [main/DEBUG]: Skipping Lnet/minecraft/data/models/BlockModelGenerators;
[22:05:57] [main/DEBUG]: Skipping Lnet/minecraft/data/models/BlockModelGenerators$WoodProvider;
[22:05:57] [main/DEBUG]: Skipping Lnet/minecraft/data/models/BlockModelGenerators$TintState;
[22:05:57] [main/DEBUG]: Skipping Lnet/minecraft/data/models/BlockModelGenerators$BookSlotModelCacheKey;
[22:05:57] [main/DEBUG]: Skipping Lnet/minecraft/data/models/BlockModelGenerators$BlockStateGeneratorSupplier;
[22:05:57] [main/DEBUG]: Skipping Lnet/minecraft/data/models/BlockModelGenerators$BlockFamilyProvider;
[22:05:57] [main/DEBUG]: Skipping Lnet/minecraft/data/models/BlockModelGenerators$BlockEntityModelGenerator;
[22:05:57] [main/DEBUG]: Skipping Lnet/minecraft/data/models/BlockModelGenerators$1;
[22:05:57] [main/DEBUG]: Skipping Lnet/minecraft/data/metadata/package-info;
[22:05:57] [main/DEBUG]: Skipping Lnet/minecraft/data/metadata/PackMetadataGenerator;
[22:05:57] [main/DEBUG]: Skipping Lnet/minecraft/data/loot/packs/package-info;
[22:05:57] [main/DEBUG]: Skipping Lnet/minecraft/data/loot/packs/VanillaPiglinBarterLoot;
[22:05:57] [main/DEBUG]: Skipping Lnet/minecraft/data/loot/packs/VanillaLootTableProvider;
[22:05:57] [main/DEBUG]: Skipping Lnet/minecraft/data/loot/packs/VanillaGiftLoot;
[22:05:57] [main/DEBUG]: Skipping Lnet/minecraft/data/loot/packs/VanillaFishingLoot;
[22:05:57] [main/DEBUG]: Skipping Lnet/minecraft/data/loot/packs/VanillaEntityLoot;
[22:05:57] [main/DEBUG]: Skipping Lnet/minecraft/data/loot/packs/VanillaChestLoot;
[22:05:57] [main/DEBUG]: Skipping Lnet/minecraft/data/loot/packs/VanillaBlockLoot;
[22:05:57] [main/DEBUG]: Skipping Lnet/minecraft/data/loot/packs/VanillaArchaeologyLoot;
[22:05:57] [main/DEBUG]: Skipping Lnet/minecraft/data/loot/package-info;
[22:05:57] [main/DEBUG]: Skipping Lnet/minecraft/data/loot/LootTableSubProvider;
[22:05:57] [main/DEBUG]: Skipping Lnet/minecraft/data/loot/LootTableProvider;
[22:05:57] [main/DEBUG]: Skipping Lnet/minecraft/data/loot/LootTableProvider$SubProviderEntry;
[22:05:57] [main/DEBUG]: Skipping Lnet/minecraft/data/loot/LootTableProvider$1;
[22:05:57] [main/DEBUG]: Transforming class Lnet/minecraft/data/loot/EntityLootSubProvider;
[22:05:57] [main/DEBUG]: Transforming net/minecraft/data/loot/EntityLootSubProvider METHOD m_245552_(Lnet/minecraft/world/entity/EntityType;)Z to access PROTECTED and LEAVE
[22:05:57] [main/DEBUG]: Transforming class Lnet/minecraft/data/loot/BlockLootSubProvider;
[22:05:57] [main/DEBUG]: Transforming net/minecraft/data/loot/BlockLootSubProvider METHOD m_246900_(Lnet/minecraft/world/level/block/Block;Lnet/minecraft/world/level/storage/loot/predicates/LootItemCondition$Builder;Lnet/minecraft/world/level/storage/loot/entries/LootPoolEntryContainer$Builder;)Lnet/minecraft/world/level/storage/loot/LootTable$Builder; to access PROTECTED and LEAVE
[22:05:57] [main/DEBUG]: Transforming net/minecraft/data/loot/BlockLootSubProvider METHOD m_245335_(Lnet/minecraft/world/level/ItemLike;)Lnet/minecraft/world/level/storage/loot/LootTable$Builder; to access PROTECTED and LEAVE
[22:05:57] [main/DEBUG]: Transforming net/minecraft/data/loot/BlockLootSubProvider METHOD m_245602_(Lnet/minecraft/world/level/ItemLike;)Lnet/minecraft/world/level/storage/loot/LootTable$Builder; to access PROTECTED and LEAVE
[22:05:57] [main/DEBUG]: Skipping Lnet/minecraft/data/info/package-info;
[22:05:57] [main/DEBUG]: Skipping Lnet/minecraft/data/info/RegistryDumpReport;
[22:05:57] [main/DEBUG]: Skipping Lnet/minecraft/data/info/CommandsReport;
[22:05:57] [main/DEBUG]: Skipping Lnet/minecraft/data/info/BlockListReport;
[22:05:57] [main/DEBUG]: Skipping Lnet/minecraft/data/info/BiomeParametersDumpReport;
[22:05:57] [main/DEBUG]: Skipping Lnet/minecraft/data/advancements/packs/package-info;
[22:05:57] [main/DEBUG]: Skipping Lnet/minecraft/data/advancements/packs/VanillaTheEndAdvancements;
[22:05:57] [main/DEBUG]: Skipping Lnet/minecraft/data/advancements/packs/VanillaStoryAdvancements;
[22:05:57] [main/DEBUG]: Skipping Lnet/minecraft/data/advancements/packs/VanillaNetherAdvancements;
[22:05:57] [main/DEBUG]: Skipping Lnet/minecraft/data/advancements/packs/VanillaHusbandryAdvancements;
[22:05:57] [main/DEBUG]: Skipping Lnet/minecraft/data/advancements/packs/VanillaAdventureAdvancements;
[22:05:57] [main/DEBUG]: Skipping Lnet/minecraft/data/advancements/packs/VanillaAdvancementProvider;
[22:05:57] [main/DEBUG]: Skipping Lnet/minecraft/data/advancements/package-info;
[22:05:57] [main/DEBUG]: Skipping Lnet/minecraft/data/advancements/AdvancementSubProvider;
[22:05:57] [main/DEBUG]: Skipping Lnet/minecraft/data/advancements/AdvancementProvider;
[22:05:57] [main/DEBUG]: Skipping Lnet/minecraft/data/PackOutput;
[22:05:57] [main/DEBUG]: Skipping Lnet/minecraft/data/PackOutput$Target;
[22:05:57] [main/DEBUG]: Skipping Lnet/minecraft/data/PackOutput$PathProvider;
[22:05:57] [main/DEBUG]: Skipping Lnet/minecraft/data/DataProvider;
[22:05:57] [main/DEBUG]: Skipping Lnet/minecraft/data/DataProvider$Factory;
[22:05:57] [main/DEBUG]: Skipping Lnet/minecraft/data/CachedOutput;
[22:05:57] [main/DEBUG]: Skipping Lnet/minecraft/data/BlockFamily;
[22:05:57] [main/DEBUG]: Skipping Lnet/minecraft/data/BlockFamily$Variant;
[22:05:57] [main/DEBUG]: Skipping Lnet/minecraft/data/BlockFamily$Builder;
[22:05:57] [main/DEBUG]: Skipping Lnet/minecraft/data/BlockFamilies;
[22:05:57] [main/DEBUG]: Skipping Lnet/minecraft/data/Main;
[22:05:57] [main/DEBUG]: Skipping Lnet/minecraft/data/HashCache;
[22:05:57] [main/DEBUG]: Skipping Lnet/minecraft/data/HashCache$UpdateResult;
[22:05:57] [main/DEBUG]: Skipping Lnet/minecraft/data/HashCache$UpdateFunction;
[22:05:57] [main/DEBUG]: Skipping Lnet/minecraft/data/HashCache$ProviderCacheBuilder;
[22:05:57] [main/DEBUG]: Skipping Lnet/minecraft/data/HashCache$ProviderCache;
[22:05:57] [main/DEBUG]: Skipping Lnet/minecraft/data/HashCache$CacheUpdater;
[22:05:57] [main/DEBUG]: Skipping Lnet/minecraft/data/DataGenerator;
[22:05:57] [main/DEBUG]: Skipping Lnet/minecraft/data/DataGenerator$PackGenerator;
[22:05:57] [main/DEBUG]: Skipping Lnet/minecraft/core/registries/package-info;
[22:05:57] [main/DEBUG]: Skipping Lnet/minecraft/core/registries/Registries;
[22:05:57] [main/DEBUG]: Skipping Lnet/minecraft/core/registries/BuiltInRegistries;
[22:05:57] [main/DEBUG]: Skipping Lnet/minecraft/core/registries/BuiltInRegistries$RegistryBootstrap;
[22:05:57] [main/DEBUG]: Skipping Lnet/minecraft/core/particles/package-info;
[22:05:57] [main/DEBUG]: Skipping Lnet/minecraft/core/particles/VibrationParticleOption;
[22:05:57] [main/DEBUG]: Skipping Lnet/minecraft/core/particles/VibrationParticleOption$1;
[22:05:57] [main/DEBUG]: Transforming class Lnet/minecraft/core/particles/SimpleParticleType;
[22:05:57] [main/DEBUG]: Transforming net/minecraft/core/particles/SimpleParticleType METHOD <init>(Z)V to access PUBLIC and LEAVE
[22:05:57] [main/DEBUG]: Skipping Lnet/minecraft/core/particles/SimpleParticleType$1;
[22:05:57] [main/DEBUG]: Skipping Lnet/minecraft/core/particles/ShriekParticleOption;
[22:05:57] [main/DEBUG]: Skipping Lnet/minecraft/core/particles/ShriekParticleOption$1;
[22:05:57] [main/DEBUG]: Skipping Lnet/minecraft/core/particles/SculkChargeParticleOptions;
[22:05:57] [main/DEBUG]: Skipping Lnet/minecraft/core/particles/SculkChargeParticleOptions$1;
[22:05:57] [main/DEBUG]: Skipping Lnet/minecraft/core/particles/ParticleTypes;
[22:05:57] [main/DEBUG]: Skipping Lnet/minecraft/core/particles/ParticleTypes$1;
[22:05:57] [main/DEBUG]: Transforming class Lnet/minecraft/core/particles/ParticleType;
[22:05:57] [main/DEBUG]: Transforming net/minecraft/core/particles/ParticleType METHOD <init>(ZLnet/minecraft/core/particles/ParticleOptions$Deserializer;)V to access PUBLIC and LEAVE
[22:05:57] [main/DEBUG]: Skipping Lnet/minecraft/core/particles/ParticleOptions;
[22:05:57] [main/DEBUG]: Skipping Lnet/minecraft/core/particles/ParticleOptions$Deserializer;
[22:05:57] [main/DEBUG]: Skipping Lnet/minecraft/core/particles/ParticleGroup;
[22:05:57] [main/DEBUG]: Skipping Lnet/minecraft/core/particles/DustParticleOptionsBase;
[22:05:57] [main/DEBUG]: Skipping Lnet/minecraft/core/particles/DustParticleOptions;
[22:05:58] [main/DEBUG]: Skipping Lnet/minecraft/core/particles/DustParticleOptions$1;
[22:05:58] [main/DEBUG]: Skipping Lnet/minecraft/core/particles/DustColorTransitionOptions;
[22:05:58] [main/DEBUG]: Skipping Lnet/minecraft/core/particles/DustColorTransitionOptions$1;
[22:05:58] [main/DEBUG]: Skipping Lnet/minecraft/core/particles/ItemParticleOption;
[22:05:58] [main/DEBUG]: Skipping Lnet/minecraft/core/particles/ItemParticleOption$1;
[22:05:58] [main/DEBUG]: Skipping Lnet/minecraft/core/particles/BlockParticleOption;
[22:05:58] [main/DEBUG]: Skipping Lnet/minecraft/core/particles/BlockParticleOption$1;
[22:05:58] [main/DEBUG]: Skipping Lnet/minecraft/core/package-info;
[22:05:58] [main/DEBUG]: Skipping Lnet/minecraft/core/dispenser/package-info;
[22:05:58] [main/DEBUG]: Skipping Lnet/minecraft/core/dispenser/ShulkerBoxDispenseBehavior;
[22:05:58] [main/DEBUG]: Skipping Lnet/minecraft/core/dispenser/ShearsDispenseItemBehavior;
[22:05:58] [main/DEBUG]: Skipping Lnet/minecraft/core/dispenser/OptionalDispenseItemBehavior;
[22:05:58] [main/DEBUG]: Skipping Lnet/minecraft/core/dispenser/DefaultDispenseItemBehavior;
[22:05:58] [main/DEBUG]: Skipping Lnet/minecraft/core/dispenser/AbstractProjectileDispenseBehavior;
[22:05:58] [main/DEBUG]: Skipping Lnet/minecraft/core/dispenser/DispenseItemBehavior;
[22:05:58] [main/DEBUG]: Skipping Lnet/minecraft/core/dispenser/DispenseItemBehavior$9;
[22:05:58] [main/DEBUG]: Skipping Lnet/minecraft/core/dispenser/DispenseItemBehavior$8;
[22:05:58] [main/DEBUG]: Skipping Lnet/minecraft/core/dispenser/DispenseItemBehavior$8$1;
[22:05:58] [main/DEBUG]: Skipping Lnet/minecraft/core/dispenser/DispenseItemBehavior$7;
[22:05:58] [main/DEBUG]: Skipping Lnet/minecraft/core/dispenser/DispenseItemBehavior$7$1;
[22:05:58] [main/DEBUG]: Skipping Lnet/minecraft/core/dispenser/DispenseItemBehavior$6;
[22:05:58] [main/DEBUG]: Skipping Lnet/minecraft/core/dispenser/DispenseItemBehavior$5;
[22:05:58] [main/DEBUG]: Skipping Lnet/minecraft/core/dispenser/DispenseItemBehavior$4;
[22:05:58] [main/DEBUG]: Skipping Lnet/minecraft/core/dispenser/DispenseItemBehavior$3;
[22:05:58] [main/DEBUG]: Skipping Lnet/minecraft/core/dispenser/DispenseItemBehavior$27;
[22:05:58] [main/DEBUG]: Skipping Lnet/minecraft/core/dispenser/DispenseItemBehavior$26;
[22:05:58] [main/DEBUG]: Skipping Lnet/minecraft/core/dispenser/DispenseItemBehavior$25;
[22:05:58] [main/DEBUG]: Skipping Lnet/minecraft/core/dispenser/DispenseItemBehavior$24;
[22:05:58] [main/DEBUG]: Skipping Lnet/minecraft/core/dispenser/DispenseItemBehavior$23;
[22:05:58] [main/DEBUG]: Skipping Lnet/minecraft/core/dispenser/DispenseItemBehavior$22;
[22:05:58] [main/DEBUG]: Skipping Lnet/minecraft/core/dispenser/DispenseItemBehavior$21;
[22:05:58] [main/DEBUG]: Skipping Lnet/minecraft/core/dispenser/DispenseItemBehavior$20;
[22:05:58] [main/DEBUG]: Skipping Lnet/minecraft/core/dispenser/DispenseItemBehavior$2;
[22:05:58] [main/DEBUG]: Skipping Lnet/minecraft/core/dispenser/DispenseItemBehavior$19;
[22:05:58] [main/DEBUG]: Skipping Lnet/minecraft/core/dispenser/DispenseItemBehavior$18;
[22:05:58] [main/DEBUG]: Skipping Lnet/minecraft/core/dispenser/DispenseItemBehavior$17;
[22:05:58] [main/DEBUG]: Skipping Lnet/minecraft/core/dispenser/DispenseItemBehavior$16;
[22:05:58] [main/DEBUG]: Skipping Lnet/minecraft/core/dispenser/DispenseItemBehavior$15;
[22:05:58] [main/DEBUG]: Skipping Lnet/minecraft/core/dispenser/DispenseItemBehavior$14;
[22:05:58] [main/DEBUG]: Skipping Lnet/minecraft/core/dispenser/DispenseItemBehavior$13;
[22:05:58] [main/DEBUG]: Skipping Lnet/minecraft/core/dispenser/DispenseItemBehavior$12;
[22:05:58] [main/DEBUG]: Skipping Lnet/minecraft/core/dispenser/DispenseItemBehavior$11;
[22:05:58] [main/DEBUG]: Skipping Lnet/minecraft/core/dispenser/DispenseItemBehavior$10;
[22:05:58] [main/DEBUG]: Skipping Lnet/minecraft/core/dispenser/DispenseItemBehavior$1;
[22:05:58] [main/DEBUG]: Skipping Lnet/minecraft/core/dispenser/BoatDispenseItemBehavior;
[22:05:58] [main/DEBUG]: Skipping Lnet/minecraft/core/cauldron/package-info;
[22:05:58] [main/DEBUG]: Skipping Lnet/minecraft/core/cauldron/CauldronInteraction;
[22:05:58] [main/DEBUG]: Skipping Lnet/minecraft/core/WritableRegistry;
[22:05:58] [main/DEBUG]: Skipping Lnet/minecraft/core/Vec3i;
[22:05:58] [main/DEBUG]: Skipping Lnet/minecraft/core/UUIDUtil;
[22:05:58] [main/DEBUG]: Skipping Lnet/minecraft/core/SectionPos;
[22:05:58] [main/DEBUG]: Skipping Lnet/minecraft/core/SectionPos$1;
[22:05:58] [main/DEBUG]: Skipping Lnet/minecraft/core/Rotations;
[22:05:58] [main/DEBUG]: Skipping Lnet/minecraft/core/RegistryAccess;
[22:05:58] [main/DEBUG]: Skipping Lnet/minecraft/core/RegistryAccess$RegistryEntry;
[22:05:58] [main/DEBUG]: Skipping Lnet/minecraft/core/RegistryAccess$ImmutableRegistryAccess;
[22:05:58] [main/DEBUG]: Skipping Lnet/minecraft/core/RegistryAccess$Frozen;
[22:05:58] [main/DEBUG]: Skipping Lnet/minecraft/core/RegistryAccess$1FrozenAccess;
[22:05:58] [main/DEBUG]: Skipping Lnet/minecraft/core/RegistryAccess$1;
[22:05:58] [main/DEBUG]: Skipping Lnet/minecraft/core/Registry;
[22:05:58] [main/DEBUG]: Skipping Lnet/minecraft/core/Registry$2;
[22:05:58] [main/DEBUG]: Skipping Lnet/minecraft/core/Registry$1;
[22:05:58] [main/DEBUG]: Skipping Lnet/minecraft/core/QuartPos;
[22:05:58] [main/DEBUG]: Skipping Lnet/minecraft/core/PositionImpl;
[22:05:58] [main/DEBUG]: Skipping Lnet/minecraft/core/Position;
[22:05:58] [main/DEBUG]: Skipping Lnet/minecraft/core/NonNullList;
[22:05:58] [main/DEBUG]: Skipping Lnet/minecraft/core/LayeredRegistryAccess;
[22:05:58] [main/DEBUG]: Transforming class Lnet/minecraft/core/IdMapper;
[22:05:58] [main/DEBUG]: Transforming net/minecraft/core/IdMapper FIELD f_122653_ to access PROTECTED and LEAVE
[22:05:58] [main/DEBUG]: Transforming net/minecraft/core/IdMapper FIELD f_122654_ to access PROTECTED and LEAVE
[22:05:58] [main/DEBUG]: Transforming net/minecraft/core/IdMapper FIELD f_122655_ to access PROTECTED and LEAVE
[22:05:58] [main/DEBUG]: Skipping Lnet/minecraft/core/IdMap;
[22:05:58] [main/DEBUG]: Skipping Lnet/minecraft/core/HolderOwner;
[22:05:58] [main/DEBUG]: Skipping Lnet/minecraft/core/HolderLookup;
[22:05:58] [main/DEBUG]: Skipping Lnet/minecraft/core/HolderLookup$RegistryLookup;
[22:05:58] [main/DEBUG]: Skipping Lnet/minecraft/core/HolderLookup$RegistryLookup$Delegate;
[22:05:58] [main/DEBUG]: Skipping Lnet/minecraft/core/HolderLookup$Provider;
[22:05:58] [main/DEBUG]: Skipping Lnet/minecraft/core/HolderLookup$Provider$2;
[22:05:58] [main/DEBUG]: Skipping Lnet/minecraft/core/HolderLookup$Provider$1;
[22:05:58] [main/DEBUG]: Skipping Lnet/minecraft/core/HolderLookup$Delegate;
[22:05:58] [main/DEBUG]: Skipping Lnet/minecraft/core/HolderLookup$1;
[22:05:58] [main/DEBUG]: Skipping Lnet/minecraft/core/HolderGetter;
[22:05:58] [main/DEBUG]: Skipping Lnet/minecraft/core/HolderGetter$Provider;
[22:05:58] [main/DEBUG]: Skipping Lnet/minecraft/core/GlobalPos;
[22:05:58] [main/DEBUG]: Skipping Lnet/minecraft/core/FrontAndTop;
[22:05:58] [main/DEBUG]: Skipping Lnet/minecraft/core/Direction8;
[22:05:58] [main/DEBUG]: Skipping Lnet/minecraft/core/Direction;
[22:05:58] [main/DEBUG]: Skipping Lnet/minecraft/core/Direction$Plane;
[22:05:58] [main/DEBUG]: Skipping Lnet/minecraft/core/Direction$AxisDirection;
[22:05:58] [main/DEBUG]: Skipping Lnet/minecraft/core/Direction$Axis;
[22:05:58] [main/DEBUG]: Skipping Lnet/minecraft/core/Direction$Axis$3;
[22:05:58] [main/DEBUG]: Skipping Lnet/minecraft/core/Direction$Axis$2;
[22:05:58] [main/DEBUG]: Skipping Lnet/minecraft/core/Direction$Axis$1;
[22:05:58] [main/DEBUG]: Skipping Lnet/minecraft/core/Direction$1;
[22:05:58] [main/DEBUG]: Skipping Lnet/minecraft/core/DefaultedRegistry;
[22:05:58] [main/DEBUG]: Skipping Lnet/minecraft/core/DefaultedMappedRegistry;
[22:05:58] [main/DEBUG]: Skipping Lnet/minecraft/core/Cursor3D;
[22:05:58] [main/DEBUG]: Skipping Lnet/minecraft/core/BlockSourceImpl;
[22:05:58] [main/DEBUG]: Skipping Lnet/minecraft/core/BlockSource;
[22:05:58] [main/DEBUG]: Skipping Lnet/minecraft/core/BlockPos;
[22:05:58] [main/DEBUG]: Skipping Lnet/minecraft/core/BlockPos$MutableBlockPos;
[22:05:58] [main/DEBUG]: Skipping Lnet/minecraft/core/BlockPos$5;
[22:05:58] [main/DEBUG]: Skipping Lnet/minecraft/core/BlockPos$4;
[22:05:58] [main/DEBUG]: Skipping Lnet/minecraft/core/BlockPos$3;
[22:05:58] [main/DEBUG]: Skipping Lnet/minecraft/core/BlockPos$2;
[22:05:58] [main/DEBUG]: Skipping Lnet/minecraft/core/BlockPos$1;
[22:05:58] [main/DEBUG]: Skipping Lnet/minecraft/core/BlockMath;
[22:05:58] [main/DEBUG]: Skipping Lnet/minecraft/core/AxisCycle;
[22:05:58] [main/DEBUG]: Skipping Lnet/minecraft/core/AxisCycle$3;
[22:05:58] [main/DEBUG]: Skipping Lnet/minecraft/core/AxisCycle$2;
[22:05:58] [main/DEBUG]: Skipping Lnet/minecraft/core/AxisCycle$1;
[22:05:58] [main/DEBUG]: Transforming class Lnet/minecraft/core/RegistrySynchronization;
[22:05:58] [main/DEBUG]: Transforming net/minecraft/core/RegistrySynchronization INNERCLASS NetworkedRegistryData to access PUBLIC and LEAVE
[22:05:58] [main/DEBUG]: Transforming class Lnet/minecraft/core/RegistrySynchronization$NetworkedRegistryData;
[22:05:58] [main/DEBUG]: Transforming net/minecraft/core/RegistrySynchronization$NetworkedRegistryData CLASS to access PUBLIC and LEAVE
[22:05:58] [main/DEBUG]: Skipping Lnet/minecraft/core/RegistrySetBuilder;
[22:05:58] [main/DEBUG]: Skipping Lnet/minecraft/core/RegistrySetBuilder$ValueAndHolder;
[22:05:58] [main/DEBUG]: Skipping Lnet/minecraft/core/RegistrySetBuilder$UniversalLookup;
[22:05:58] [main/DEBUG]: Skipping Lnet/minecraft/core/RegistrySetBuilder$RegistryStub;
[22:05:58] [main/DEBUG]: Skipping Lnet/minecraft/core/RegistrySetBuilder$RegistryContents;
[22:05:58] [main/DEBUG]: Skipping Lnet/minecraft/core/RegistrySetBuilder$RegistryContents$1;
[22:05:58] [main/DEBUG]: Skipping Lnet/minecraft/core/RegistrySetBuilder$RegistryBootstrap;
[22:05:58] [main/DEBUG]: Skipping Lnet/minecraft/core/RegistrySetBuilder$RegisteredValue;
[22:05:58] [main/DEBUG]: Skipping Lnet/minecraft/core/RegistrySetBuilder$EmptyTagLookup;
[22:05:58] [main/DEBUG]: Skipping Lnet/minecraft/core/RegistrySetBuilder$CompositeOwner;
[22:05:58] [main/DEBUG]: Skipping Lnet/minecraft/core/RegistrySetBuilder$BuildState;
[22:05:58] [main/DEBUG]: Skipping Lnet/minecraft/core/RegistrySetBuilder$BuildState$1;
[22:05:58] [main/DEBUG]: Skipping Lnet/minecraft/core/RegistrySetBuilder$1;
[22:05:58] [main/DEBUG]: Skipping Lnet/minecraft/core/RegistryCodecs;
[22:05:58] [main/DEBUG]: Skipping Lnet/minecraft/core/RegistryCodecs$RegistryEntry;
[22:05:58] [main/DEBUG]: Transforming class Lnet/minecraft/core/MappedRegistry;
[22:05:58] [main/DEBUG]: Transforming net/minecraft/core/MappedRegistry FIELD f_244282_ to access PROTECTED and LEAVE
[22:05:58] [main/DEBUG]: Skipping Lnet/minecraft/core/MappedRegistry$2;
[22:05:58] [main/DEBUG]: Skipping Lnet/minecraft/core/MappedRegistry$1;
[22:05:58] [main/DEBUG]: Skipping Lnet/minecraft/core/HolderSet;
[22:05:58] [main/DEBUG]: Transforming class Lnet/minecraft/core/HolderSet$Named;
[22:05:58] [main/DEBUG]: Transforming net/minecraft/core/HolderSet$Named METHOD m_205835_(Ljava/util/List;)V to access PUBLIC and LEAVE
[22:05:58] [main/DEBUG]: Skipping Lnet/minecraft/core/HolderSet$ListBacked;
[22:05:58] [main/DEBUG]: Skipping Lnet/minecraft/core/HolderSet$Direct;
[22:05:58] [main/DEBUG]: Skipping Lnet/minecraft/core/Holder;
[22:05:58] [main/DEBUG]: Transforming class Lnet/minecraft/core/Holder$Reference;
[22:05:58] [main/DEBUG]: Transforming net/minecraft/core/Holder$Reference INNERCLASS Type to access PUBLIC and LEAVE
[22:05:58] [main/DEBUG]: Transforming net/minecraft/core/Holder$Reference METHOD m_246870_(Lnet/minecraft/resources/ResourceKey;)V to access PUBLIC and LEAVE
[22:05:58] [main/DEBUG]: Transforming net/minecraft/core/Holder$Reference METHOD m_247654_(Ljava/lang/Object;)V to access PUBLIC and LEAVE
[22:05:58] [main/DEBUG]: Transforming net/minecraft/core/Holder$Reference METHOD m_205769_(Ljava/util/Collection;)V to access PUBLIC and LEAVE
[22:05:58] [main/DEBUG]: Transforming class Lnet/minecraft/core/Holder$Reference$Type;
[22:05:58] [main/DEBUG]: Transforming net/minecraft/core/Holder$Reference$Type CLASS to access PUBLIC and LEAVE
[22:05:58] [main/DEBUG]: Skipping Lnet/minecraft/core/Holder$Kind;
[22:05:58] [main/DEBUG]: Skipping Lnet/minecraft/core/Holder$Direct;
[22:05:58] [main/DEBUG]: Skipping Lnet/minecraft/commands/synchronization/package-info;
[22:05:58] [main/DEBUG]: Skipping Lnet/minecraft/commands/synchronization/brigadier/package-info;
[22:05:58] [main/DEBUG]: Skipping Lnet/minecraft/commands/synchronization/brigadier/StringArgumentSerializer;
[22:05:58] [main/DEBUG]: Skipping Lnet/minecraft/commands/synchronization/brigadier/StringArgumentSerializer$Template;
[22:05:58] [main/DEBUG]: Skipping Lnet/minecraft/commands/synchronization/brigadier/StringArgumentSerializer$1;
[22:05:58] [main/DEBUG]: Skipping Lnet/minecraft/commands/synchronization/brigadier/LongArgumentInfo;
[22:05:58] [main/DEBUG]: Skipping Lnet/minecraft/commands/synchronization/brigadier/LongArgumentInfo$Template;
[22:05:58] [main/DEBUG]: Skipping Lnet/minecraft/commands/synchronization/brigadier/IntegerArgumentInfo;
[22:05:58] [main/DEBUG]: Skipping Lnet/minecraft/commands/synchronization/brigadier/IntegerArgumentInfo$Template;
[22:05:58] [main/DEBUG]: Skipping Lnet/minecraft/commands/synchronization/brigadier/FloatArgumentInfo;
[22:05:58] [main/DEBUG]: Skipping Lnet/minecraft/commands/synchronization/brigadier/FloatArgumentInfo$Template;
[22:05:58] [main/DEBUG]: Skipping Lnet/minecraft/commands/synchronization/brigadier/DoubleArgumentInfo;
[22:05:58] [main/DEBUG]: Skipping Lnet/minecraft/commands/synchronization/brigadier/DoubleArgumentInfo$Template;
[22:05:58] [main/DEBUG]: Skipping Lnet/minecraft/commands/synchronization/SuggestionProviders;
[22:05:58] [main/DEBUG]: Skipping Lnet/minecraft/commands/synchronization/SuggestionProviders$Wrapper;
[22:05:58] [main/DEBUG]: Skipping Lnet/minecraft/commands/synchronization/SingletonArgumentInfo;
[22:05:58] [main/DEBUG]: Skipping Lnet/minecraft/commands/synchronization/SingletonArgumentInfo$Template;
[22:05:58] [main/DEBUG]: Skipping Lnet/minecraft/commands/synchronization/ArgumentUtils;
[22:05:58] [main/DEBUG]: Skipping Lnet/minecraft/commands/synchronization/ArgumentTypeInfo;
[22:05:58] [main/DEBUG]: Skipping Lnet/minecraft/commands/synchronization/ArgumentTypeInfo$Template;
[22:05:58] [main/DEBUG]: Skipping Lnet/minecraft/commands/synchronization/ArgumentTypeInfos;
[22:05:58] [main/DEBUG]: Skipping Lnet/minecraft/commands/package-info;
[22:05:58] [main/DEBUG]: Skipping Lnet/minecraft/commands/arguments/selector/package-info;
[22:05:58] [main/DEBUG]: Skipping Lnet/minecraft/commands/arguments/selector/options/package-info;
[22:05:58] [main/DEBUG]: Transforming class Lnet/minecraft/commands/arguments/selector/options/EntitySelectorOptions;
[22:05:58] [main/DEBUG]: Transforming net/minecraft/commands/arguments/selector/options/EntitySelectorOptions METHOD m_121453_(Ljava/lang/String;Lnet/minecraft/commands/arguments/selector/options/EntitySelectorOptions$Modifier;Ljava/util/function/Predicate;Lnet/minecraft/network/chat/Component;)V to access PUBLIC and LEAVE
[22:05:58] [main/DEBUG]: Skipping Lnet/minecraft/commands/arguments/selector/options/EntitySelectorOptions$Option;
[22:05:58] [main/DEBUG]: Skipping Lnet/minecraft/commands/arguments/selector/options/EntitySelectorOptions$Modifier;
[22:05:58] [main/DEBUG]: Transforming class Lnet/minecraft/commands/arguments/selector/EntitySelectorParser;
[22:05:58] [main/DEBUG]: Transforming net/minecraft/commands/arguments/selector/EntitySelectorParser METHOD m_121229_()V to access PUBLIC and LEAVE
[22:05:58] [main/DEBUG]: Transforming net/minecraft/commands/arguments/selector/EntitySelectorParser METHOD m_121317_()V to access PUBLIC and LEAVE
[22:05:58] [main/DEBUG]: Skipping Lnet/minecraft/commands/arguments/selector/EntitySelector;
[22:05:58] [main/DEBUG]: Skipping Lnet/minecraft/commands/arguments/selector/EntitySelector$1;
[22:05:58] [main/DEBUG]: Skipping Lnet/minecraft/commands/arguments/package-info;
[22:05:58] [main/DEBUG]: Skipping Lnet/minecraft/commands/arguments/item/package-info;
[22:05:58] [main/DEBUG]: Skipping Lnet/minecraft/commands/arguments/item/ItemPredicateArgument;
[22:05:58] [main/DEBUG]: Skipping Lnet/minecraft/commands/arguments/item/ItemPredicateArgument$Result;
[22:05:58] [main/DEBUG]: Skipping Lnet/minecraft/commands/arguments/item/ItemParser;
[22:05:58] [main/DEBUG]: Skipping Lnet/minecraft/commands/arguments/item/ItemParser$TagResult;
[22:05:58] [main/DEBUG]: Skipping Lnet/minecraft/commands/arguments/item/ItemParser$ItemResult;
[22:05:58] [main/DEBUG]: Skipping Lnet/minecraft/commands/arguments/item/ItemInput;
[22:05:58] [main/DEBUG]: Skipping Lnet/minecraft/commands/arguments/item/ItemArgument;
[22:05:58] [main/DEBUG]: Skipping Lnet/minecraft/commands/arguments/item/FunctionArgument;
[22:05:58] [main/DEBUG]: Skipping Lnet/minecraft/commands/arguments/item/FunctionArgument$Result;
[22:05:58] [main/DEBUG]: Skipping Lnet/minecraft/commands/arguments/item/FunctionArgument$2;
[22:05:58] [main/DEBUG]: Skipping Lnet/minecraft/commands/arguments/item/FunctionArgument$1;
[22:05:58] [main/DEBUG]: Skipping Lnet/minecraft/commands/arguments/coordinates/package-info;
[22:05:58] [main/DEBUG]: Skipping Lnet/minecraft/commands/arguments/coordinates/WorldCoordinates;
[22:05:58] [main/DEBUG]: Skipping Lnet/minecraft/commands/arguments/coordinates/WorldCoordinate;
[22:05:58] [main/DEBUG]: Skipping Lnet/minecraft/commands/arguments/coordinates/Vec3Argument;
[22:05:58] [main/DEBUG]: Skipping Lnet/minecraft/commands/arguments/coordinates/Vec2Argument;
[22:05:58] [main/DEBUG]: Skipping Lnet/minecraft/commands/arguments/coordinates/SwizzleArgument;
[22:05:58] [main/DEBUG]: Skipping Lnet/minecraft/commands/arguments/coordinates/RotationArgument;
[22:05:58] [main/DEBUG]: Skipping Lnet/minecraft/commands/arguments/coordinates/LocalCoordinates;
[22:05:58] [main/DEBUG]: Skipping Lnet/minecraft/commands/arguments/coordinates/Coordinates;
[22:05:58] [main/DEBUG]: Skipping Lnet/minecraft/commands/arguments/coordinates/ColumnPosArgument;
[22:05:58] [main/DEBUG]: Skipping Lnet/minecraft/commands/arguments/coordinates/BlockPosArgument;
[22:05:58] [main/DEBUG]: Skipping Lnet/minecraft/commands/arguments/blocks/package-info;
[22:05:58] [main/DEBUG]: Skipping Lnet/minecraft/commands/arguments/blocks/BlockStateParser;
[22:05:58] [main/DEBUG]: Skipping Lnet/minecraft/commands/arguments/blocks/BlockStateParser$TagResult;
[22:05:58] [main/DEBUG]: Skipping Lnet/minecraft/commands/arguments/blocks/BlockStateParser$BlockResult;
[22:05:58] [main/DEBUG]: Skipping Lnet/minecraft/commands/arguments/blocks/BlockStateArgument;
[22:05:58] [main/DEBUG]: Skipping Lnet/minecraft/commands/arguments/blocks/BlockPredicateArgument;
[22:05:58] [main/DEBUG]: Skipping Lnet/minecraft/commands/arguments/blocks/BlockPredicateArgument$TagPredicate;
[22:05:58] [main/DEBUG]: Skipping Lnet/minecraft/commands/arguments/blocks/BlockPredicateArgument$Result;
[22:05:58] [main/DEBUG]: Skipping Lnet/minecraft/commands/arguments/blocks/BlockPredicateArgument$BlockPredicate;
[22:05:58] [main/DEBUG]: Skipping Lnet/minecraft/commands/arguments/blocks/BlockInput;
[22:05:58] [main/DEBUG]: Skipping Lnet/minecraft/commands/arguments/UuidArgument;
[22:05:58] [main/DEBUG]: Skipping Lnet/minecraft/commands/arguments/TimeArgument;
[22:05:58] [main/DEBUG]: Skipping Lnet/minecraft/commands/arguments/TimeArgument$Info;
[22:05:58] [main/DEBUG]: Skipping Lnet/minecraft/commands/arguments/TimeArgument$Info$Template;
[22:05:58] [main/DEBUG]: Skipping Lnet/minecraft/commands/arguments/TemplateRotationArgument;
[22:05:58] [main/DEBUG]: Skipping Lnet/minecraft/commands/arguments/TemplateMirrorArgument;
[22:05:58] [main/DEBUG]: Skipping Lnet/minecraft/commands/arguments/StringRepresentableArgument;
[22:05:58] [main/DEBUG]: Skipping Lnet/minecraft/commands/arguments/SlotArgument;
[22:05:58] [main/DEBUG]: Skipping Lnet/minecraft/commands/arguments/SignedArgument;
[22:05:58] [main/DEBUG]: Skipping Lnet/minecraft/commands/arguments/ScoreboardSlotArgument;
[22:05:58] [main/DEBUG]: Skipping Lnet/minecraft/commands/arguments/ScoreHolderArgument;
[22:05:58] [main/DEBUG]: Skipping Lnet/minecraft/commands/arguments/ScoreHolderArgument$SelectorResult;
[22:05:58] [main/DEBUG]: Skipping Lnet/minecraft/commands/arguments/ScoreHolderArgument$Result;
[22:05:58] [main/DEBUG]: Skipping Lnet/minecraft/commands/arguments/ScoreHolderArgument$Info;
[22:05:58] [main/DEBUG]: Skipping Lnet/minecraft/commands/arguments/ScoreHolderArgument$Info$Template;
[22:05:58] [main/DEBUG]: Skipping Lnet/minecraft/commands/arguments/ResourceOrTagKeyArgument;
[22:05:58] [main/DEBUG]: Skipping Lnet/minecraft/commands/arguments/ResourceOrTagKeyArgument$TagResult;
[22:05:58] [main/DEBUG]: Skipping Lnet/minecraft/commands/arguments/ResourceOrTagKeyArgument$Result;
[22:05:58] [main/DEBUG]: Skipping Lnet/minecraft/commands/arguments/ResourceOrTagKeyArgument$ResourceResult;
[22:05:58] [main/DEBUG]: Skipping Lnet/minecraft/commands/arguments/ResourceOrTagKeyArgument$Info;
[22:05:58] [main/DEBUG]: Skipping Lnet/minecraft/commands/arguments/ResourceOrTagKeyArgument$Info$Template;
[22:05:58] [main/DEBUG]: Skipping Lnet/minecraft/commands/arguments/ResourceOrTagArgument;
[22:05:58] [main/DEBUG]: Skipping Lnet/minecraft/commands/arguments/ResourceOrTagArgument$TagResult;
[22:05:58] [main/DEBUG]: Skipping Lnet/minecraft/commands/arguments/ResourceOrTagArgument$Result;
[22:05:58] [main/DEBUG]: Skipping Lnet/minecraft/commands/arguments/ResourceOrTagArgument$ResourceResult;
[22:05:58] [main/DEBUG]: Skipping Lnet/minecraft/commands/arguments/ResourceOrTagArgument$Info;
[22:05:58] [main/DEBUG]: Skipping Lnet/minecraft/commands/arguments/ResourceOrTagArgument$Info$Template;
[22:05:58] [main/DEBUG]: Skipping Lnet/minecraft/commands/arguments/ResourceKeyArgument;
[22:05:58] [main/DEBUG]: Skipping Lnet/minecraft/commands/arguments/ResourceKeyArgument$Info;
[22:05:58] [main/DEBUG]: Skipping Lnet/minecraft/commands/arguments/ResourceKeyArgument$Info$Template;
[22:05:58] [main/DEBUG]: Skipping Lnet/minecraft/commands/arguments/ResourceArgument;
[22:05:58] [main/DEBUG]: Skipping Lnet/minecraft/commands/arguments/ResourceArgument$Info;
[22:05:58] [main/DEBUG]: Skipping Lnet/minecraft/commands/arguments/ResourceArgument$Info$Template;
[22:05:58] [main/DEBUG]: Skipping Lnet/minecraft/commands/arguments/RangeArgument;
[22:05:58] [main/DEBUG]: Skipping Lnet/minecraft/commands/arguments/RangeArgument$Ints;
[22:05:58] [main/DEBUG]: Skipping Lnet/minecraft/commands/arguments/RangeArgument$Floats;
[22:05:58] [main/DEBUG]: Skipping Lnet/minecraft/commands/arguments/ParticleArgument;
[22:05:58] [main/DEBUG]: Skipping Lnet/minecraft/commands/arguments/OperationArgument;
[22:05:58] [main/DEBUG]: Skipping Lnet/minecraft/commands/arguments/OperationArgument$SimpleOperation;
[22:05:58] [main/DEBUG]: Skipping Lnet/minecraft/commands/arguments/OperationArgument$Operation;
[22:05:58] [main/DEBUG]: Skipping Lnet/minecraft/commands/arguments/ObjectiveCriteriaArgument;
[22:05:58] [main/DEBUG]: Skipping Lnet/minecraft/commands/arguments/NbtTagArgument;
[22:05:58] [main/DEBUG]: Skipping Lnet/minecraft/commands/arguments/NbtPathArgument;
[22:05:58] [main/DEBUG]: Skipping Lnet/minecraft/commands/arguments/NbtPathArgument$Node;
[22:05:58] [main/DEBUG]: Skipping Lnet/minecraft/commands/arguments/NbtPathArgument$NbtPath;
[22:05:58] [main/DEBUG]: Skipping Lnet/minecraft/commands/arguments/NbtPathArgument$MatchRootObjectNode;
[22:05:58] [main/DEBUG]: Skipping Lnet/minecraft/commands/arguments/NbtPathArgument$MatchObjectNode;
[22:05:58] [main/DEBUG]: Skipping Lnet/minecraft/commands/arguments/NbtPathArgument$MatchElementNode;
[22:05:58] [main/DEBUG]: Skipping Lnet/minecraft/commands/arguments/NbtPathArgument$IndexedElementNode;
[22:05:58] [main/DEBUG]: Skipping Lnet/minecraft/commands/arguments/NbtPathArgument$CompoundChildNode;
[22:05:58] [main/DEBUG]: Skipping Lnet/minecraft/commands/arguments/NbtPathArgument$AllElementsNode;
[22:05:58] [main/DEBUG]: Skipping Lnet/minecraft/commands/arguments/HeightmapTypeArgument;
[22:05:58] [main/DEBUG]: Skipping Lnet/minecraft/commands/arguments/GameProfileArgument;
[22:05:58] [main/DEBUG]: Skipping Lnet/minecraft/commands/arguments/GameProfileArgument$SelectorResult;
[22:05:58] [main/DEBUG]: Skipping Lnet/minecraft/commands/arguments/GameProfileArgument$Result;
[22:05:58] [main/DEBUG]: Skipping Lnet/minecraft/commands/arguments/GameModeArgument;
[22:05:58] [main/DEBUG]: Skipping Lnet/minecraft/commands/arguments/EntityAnchorArgument;
[22:05:58] [main/DEBUG]: Skipping Lnet/minecraft/commands/arguments/EntityAnchorArgument$Anchor;
[22:05:58] [main/DEBUG]: Skipping Lnet/minecraft/commands/arguments/DimensionArgument;
[22:05:58] [main/DEBUG]: Skipping Lnet/minecraft/commands/arguments/CompoundTagArgument;
[22:05:58] [main/DEBUG]: Skipping Lnet/minecraft/commands/arguments/ComponentArgument;
[22:05:58] [main/DEBUG]: Skipping Lnet/minecraft/commands/arguments/ColorArgument;
[22:05:58] [main/DEBUG]: Skipping Lnet/minecraft/commands/arguments/ArgumentSignatures;
[22:05:58] [main/DEBUG]: Skipping Lnet/minecraft/commands/arguments/ArgumentSignatures$Signer;
[22:05:58] [main/DEBUG]: Skipping Lnet/minecraft/commands/arguments/ArgumentSignatures$Entry;
[22:05:58] [main/DEBUG]: Skipping Lnet/minecraft/commands/arguments/AngleArgument;
[22:05:58] [main/DEBUG]: Skipping Lnet/minecraft/commands/arguments/AngleArgument$SingleAngle;
[22:05:58] [main/DEBUG]: Skipping Lnet/minecraft/commands/arguments/TeamArgument;
[22:05:58] [main/DEBUG]: Skipping Lnet/minecraft/commands/arguments/ResourceLocationArgument;
[22:05:58] [main/DEBUG]: Skipping Lnet/minecraft/commands/arguments/ObjectiveArgument;
[22:05:58] [main/DEBUG]: Skipping Lnet/minecraft/commands/arguments/MessageArgument;
[22:05:58] [main/DEBUG]: Skipping Lnet/minecraft/commands/arguments/MessageArgument$Part;
[22:05:58] [main/DEBUG]: Skipping Lnet/minecraft/commands/arguments/MessageArgument$Message;
[22:05:58] [main/DEBUG]: Skipping Lnet/minecraft/commands/arguments/EntityArgument;
[22:05:58] [main/DEBUG]: Skipping Lnet/minecraft/commands/arguments/EntityArgument$Info;
[22:05:58] [main/DEBUG]: Skipping Lnet/minecraft/commands/arguments/EntityArgument$Info$Template;
[22:05:58] [main/DEBUG]: Skipping Lnet/minecraft/commands/CommandSource;
[22:05:58] [main/DEBUG]: Skipping Lnet/minecraft/commands/CommandSource$1;
[22:05:58] [main/DEBUG]: Skipping Lnet/minecraft/commands/CommandSigningContext;
[22:05:58] [main/DEBUG]: Skipping Lnet/minecraft/commands/CommandSigningContext$SignedArguments;
[22:05:58] [main/DEBUG]: Skipping Lnet/minecraft/commands/CommandSigningContext$1;
[22:05:58] [main/DEBUG]: Skipping Lnet/minecraft/commands/CommandRuntimeException;
[22:05:58] [main/DEBUG]: Skipping Lnet/minecraft/commands/CommandFunction;
[22:05:58] [main/DEBUG]: Skipping Lnet/minecraft/commands/CommandFunction$FunctionEntry;
[22:05:58] [main/DEBUG]: Skipping Lnet/minecraft/commands/CommandFunction$Entry;
[22:05:58] [main/DEBUG]: Skipping Lnet/minecraft/commands/CommandFunction$CommandEntry;
[22:05:58] [main/DEBUG]: Skipping Lnet/minecraft/commands/CommandFunction$CacheableFunction;
[22:05:58] [main/DEBUG]: Skipping Lnet/minecraft/commands/CommandBuildContext;
[22:05:58] [main/DEBUG]: Skipping Lnet/minecraft/commands/CommandBuildContext$MissingTagAccessPolicy;
[22:05:58] [main/DEBUG]: Skipping Lnet/minecraft/commands/CommandBuildContext$Configurable;
[22:05:58] [main/DEBUG]: Skipping Lnet/minecraft/commands/CommandBuildContext$3;
[22:05:58] [main/DEBUG]: Skipping Lnet/minecraft/commands/CommandBuildContext$2;
[22:05:58] [main/DEBUG]: Skipping Lnet/minecraft/commands/CommandBuildContext$2$1;
[22:05:58] [main/DEBUG]: Skipping Lnet/minecraft/commands/CommandBuildContext$1;
[22:05:58] [main/DEBUG]: Skipping Lnet/minecraft/commands/BrigadierExceptions;
[22:05:58] [main/DEBUG]: Skipping Lnet/minecraft/commands/SharedSuggestionProvider;
[22:05:58] [main/DEBUG]: Skipping Lnet/minecraft/commands/SharedSuggestionProvider$TextCoordinates;
[22:05:58] [main/DEBUG]: Skipping Lnet/minecraft/commands/SharedSuggestionProvider$ElementSuggestionType;
[22:05:58] [main/DEBUG]: Skipping Lnet/minecraft/commands/Commands;
[22:05:58] [main/DEBUG]: Skipping Lnet/minecraft/commands/Commands$ParseFunction;
[22:05:58] [main/DEBUG]: Skipping Lnet/minecraft/commands/Commands$CommandSelection;
[22:05:58] [main/DEBUG]: Skipping Lnet/minecraft/commands/Commands$1;
[22:05:58] [main/DEBUG]: Skipping Lnet/minecraft/commands/Commands$1$1;
[22:05:58] [main/DEBUG]: Transforming class Lnet/minecraft/commands/CommandSourceStack;
[22:05:58] [main/DEBUG]: Transforming net/minecraft/commands/CommandSourceStack FIELD f_81288_ to access PUBLIC and LEAVE
[22:05:58] [main/DEBUG]: Skipping Lnet/minecraft/client/tutorial/package-info;
[22:05:58] [main/DEBUG]: Skipping Lnet/minecraft/client/tutorial/TutorialSteps;
[22:05:58] [main/DEBUG]: Skipping Lnet/minecraft/client/tutorial/TutorialStepInstance;
[22:05:58] [main/DEBUG]: Skipping Lnet/minecraft/client/tutorial/Tutorial;
[22:05:58] [main/DEBUG]: Skipping Lnet/minecraft/client/tutorial/Tutorial$TimedToast;
[22:05:58] [main/DEBUG]: Skipping Lnet/minecraft/client/tutorial/PunchTreeTutorialStepInstance;
[22:05:58] [main/DEBUG]: Skipping Lnet/minecraft/client/tutorial/OpenInventoryTutorialStep;
[22:05:58] [main/DEBUG]: Skipping Lnet/minecraft/client/tutorial/MovementTutorialStepInstance;
[22:05:58] [main/DEBUG]: Skipping Lnet/minecraft/client/tutorial/FindTreeTutorialStepInstance;
[22:05:58] [main/DEBUG]: Skipping Lnet/minecraft/client/tutorial/CraftPlanksTutorialStep;
[22:05:58] [main/DEBUG]: Skipping Lnet/minecraft/client/tutorial/CompletedTutorialStepInstance;
[22:05:58] [main/DEBUG]: Skipping Lnet/minecraft/client/tutorial/BundleTutorial;
[22:05:58] [main/DEBUG]: Skipping Lnet/minecraft/client/telemetry/package-info;
[22:05:58] [main/DEBUG]: Skipping Lnet/minecraft/client/telemetry/events/package-info;
[22:05:58] [main/DEBUG]: Skipping Lnet/minecraft/client/telemetry/events/WorldUnloadEvent;
[22:05:58] [main/DEBUG]: Skipping Lnet/minecraft/client/telemetry/events/WorldLoadTimesEvent;
[22:05:58] [main/DEBUG]: Skipping Lnet/minecraft/client/telemetry/events/WorldLoadEvent;
[22:05:58] [main/DEBUG]: Skipping Lnet/minecraft/client/telemetry/events/WorldLoadEvent$1;
[22:05:58] [main/DEBUG]: Skipping Lnet/minecraft/client/telemetry/events/PerformanceMetricsEvent;
[22:05:58] [main/DEBUG]: Skipping Lnet/minecraft/client/telemetry/events/GameLoadTimesEvent;
[22:05:58] [main/DEBUG]: Skipping Lnet/minecraft/client/telemetry/events/GameLoadTimesEvent$Measurement;
[22:05:58] [main/DEBUG]: Skipping Lnet/minecraft/client/telemetry/events/AggregatedTelemetryEvent;
[22:05:58] [main/DEBUG]: Skipping Lnet/minecraft/client/telemetry/WorldSessionTelemetryManager;
[22:05:58] [main/DEBUG]: Skipping Lnet/minecraft/client/telemetry/TelemetryPropertyMap;
[22:05:58] [main/DEBUG]: Skipping Lnet/minecraft/client/telemetry/TelemetryPropertyMap$Builder;
[22:05:58] [main/DEBUG]: Skipping Lnet/minecraft/client/telemetry/TelemetryPropertyMap$1;
[22:05:58] [main/DEBUG]: Skipping Lnet/minecraft/client/telemetry/TelemetryProperty;
[22:05:58] [main/DEBUG]: Skipping Lnet/minecraft/client/telemetry/TelemetryProperty$ServerType;
[22:05:58] [main/DEBUG]: Skipping Lnet/minecraft/client/telemetry/TelemetryProperty$GameMode;
[22:05:58] [main/DEBUG]: Skipping Lnet/minecraft/client/telemetry/TelemetryProperty$Exporter;
[22:05:58] [main/DEBUG]: Skipping Lnet/minecraft/client/telemetry/TelemetryLogManager;
[22:05:58] [main/DEBUG]: Skipping Lnet/minecraft/client/telemetry/TelemetryEventType;
[22:05:58] [main/DEBUG]: Skipping Lnet/minecraft/client/telemetry/TelemetryEventType$Builder;
[22:05:58] [main/DEBUG]: Skipping Lnet/minecraft/client/telemetry/TelemetryEventSender;
[22:05:58] [main/DEBUG]: Skipping Lnet/minecraft/client/telemetry/TelemetryEventLogger;
[22:05:58] [main/DEBUG]: Skipping Lnet/minecraft/client/telemetry/TelemetryEventLog;
[22:05:58] [main/DEBUG]: Skipping Lnet/minecraft/client/telemetry/TelemetryEventInstance;
[22:05:58] [main/DEBUG]: Skipping Lnet/minecraft/client/telemetry/ClientTelemetryManager;
[22:05:58] [main/DEBUG]: Skipping Lnet/minecraft/client/sounds/package-info;
[22:05:58] [main/DEBUG]: Skipping Lnet/minecraft/client/sounds/Weighted;
[22:05:58] [main/DEBUG]: Skipping Lnet/minecraft/client/sounds/WeighedSoundEvents;
[22:05:58] [main/DEBUG]: Skipping Lnet/minecraft/client/sounds/SoundManager;
[22:05:58] [main/DEBUG]: Skipping Lnet/minecraft/client/sounds/SoundManager$Preparations;
[22:05:58] [main/DEBUG]: Skipping Lnet/minecraft/client/sounds/SoundManager$Preparations$1;
[22:05:58] [main/DEBUG]: Skipping Lnet/minecraft/client/sounds/SoundManager$2;
[22:05:58] [main/DEBUG]: Skipping Lnet/minecraft/client/sounds/SoundManager$1;
[22:05:58] [main/DEBUG]: Skipping Lnet/minecraft/client/sounds/SoundEventListener;
[22:05:58] [main/DEBUG]: Skipping Lnet/minecraft/client/sounds/SoundEngineExecutor;
[22:05:58] [main/DEBUG]: Skipping Lnet/minecraft/client/sounds/SoundBufferLibrary;
[22:05:58] [main/DEBUG]: Skipping Lnet/minecraft/client/sounds/MusicManager;
[22:05:58] [main/DEBUG]: Skipping Lnet/minecraft/client/sounds/LoopingAudioStream;
[22:05:58] [main/DEBUG]: Skipping Lnet/minecraft/client/sounds/LoopingAudioStream$NoCloseBuffer;
[22:05:58] [main/DEBUG]: Skipping Lnet/minecraft/client/sounds/LoopingAudioStream$AudioStreamProvider;
[22:05:58] [main/DEBUG]: Skipping Lnet/minecraft/client/sounds/ChannelAccess;
[22:05:58] [main/DEBUG]: Skipping Lnet/minecraft/client/sounds/ChannelAccess$ChannelHandle;
[22:05:58] [main/DEBUG]: Skipping Lnet/minecraft/client/sounds/AudioStream;
[22:05:58] [main/DEBUG]: Transforming class Lnet/minecraft/client/sounds/SoundEngine;
[22:05:58] [main/DEBUG]: Transforming net/minecraft/client/sounds/SoundEngine FIELD f_120217_ to access PUBLIC and LEAVE
[22:05:58] [main/DEBUG]: Skipping Lnet/minecraft/client/sounds/SoundEngine$DeviceCheckState;
[22:05:58] [main/DEBUG]: Skipping Lnet/minecraft/client/server/package-info;
[22:05:58] [main/DEBUG]: Skipping Lnet/minecraft/client/server/LanServer;
[22:05:58] [main/DEBUG]: Skipping Lnet/minecraft/client/server/IntegratedPlayerList;
[22:05:58] [main/DEBUG]: Skipping Lnet/minecraft/client/server/LanServerPinger;
[22:05:58] [main/DEBUG]: Skipping Lnet/minecraft/client/server/LanServerDetection;
[22:05:58] [main/DEBUG]: Skipping Lnet/minecraft/client/server/LanServerDetection$LanServerList;
[22:05:58] [main/DEBUG]: Skipping Lnet/minecraft/client/server/LanServerDetection$LanServerDetector;
[22:05:58] [main/DEBUG]: Skipping Lnet/minecraft/client/server/IntegratedServer;
[22:05:58] [main/DEBUG]: Skipping Lnet/minecraft/client/searchtree/package-info;
[22:05:58] [main/DEBUG]: Skipping Lnet/minecraft/client/searchtree/SuffixArray;
[22:05:58] [main/DEBUG]: Skipping Lnet/minecraft/client/searchtree/SearchTree;
[22:05:58] [main/DEBUG]: Skipping Lnet/minecraft/client/searchtree/SearchRegistry;
[22:05:58] [main/DEBUG]: Skipping Lnet/minecraft/client/searchtree/SearchRegistry$TreeEntry;
[22:05:58] [main/DEBUG]: Skipping Lnet/minecraft/client/searchtree/SearchRegistry$TreeBuilderSupplier;
[22:05:58] [main/DEBUG]: Skipping Lnet/minecraft/client/searchtree/SearchRegistry$Key;
[22:05:58] [main/DEBUG]: Skipping Lnet/minecraft/client/searchtree/ResourceLocationSearchTree;
[22:05:58] [main/DEBUG]: Skipping Lnet/minecraft/client/searchtree/ResourceLocationSearchTree$2;
[22:05:58] [main/DEBUG]: Skipping Lnet/minecraft/client/searchtree/ResourceLocationSearchTree$1;
[22:05:58] [main/DEBUG]: Skipping Lnet/minecraft/client/searchtree/RefreshableSearchTree;
[22:05:58] [main/DEBUG]: Skipping Lnet/minecraft/client/searchtree/PlainTextSearchTree;
[22:05:58] [main/DEBUG]: Skipping Lnet/minecraft/client/searchtree/MergingUniqueIterator;
[22:05:58] [main/DEBUG]: Skipping Lnet/minecraft/client/searchtree/IntersectionIterator;
[22:05:58] [main/DEBUG]: Skipping Lnet/minecraft/client/searchtree/IdSearchTree;
[22:05:58] [main/DEBUG]: Skipping Lnet/minecraft/client/searchtree/FullTextSearchTree;
[22:05:58] [main/DEBUG]: Skipping Lnet/minecraft/client/resources/sounds/package-info;
[22:05:58] [main/DEBUG]: Skipping Lnet/minecraft/client/resources/sounds/UnderwaterAmbientSoundInstances;
[22:05:58] [main/DEBUG]: Skipping Lnet/minecraft/client/resources/sounds/UnderwaterAmbientSoundInstances$UnderwaterAmbientSoundInstance;
[22:05:58] [main/DEBUG]: Skipping Lnet/minecraft/client/resources/sounds/UnderwaterAmbientSoundInstances$SubSound;
[22:05:58] [main/DEBUG]: Skipping Lnet/minecraft/client/resources/sounds/UnderwaterAmbientSoundHandler;
[22:05:58] [main/DEBUG]: Skipping Lnet/minecraft/client/resources/sounds/TickableSoundInstance;
[22:05:58] [main/DEBUG]: Skipping Lnet/minecraft/client/resources/sounds/SoundEventRegistrationSerializer;
[22:05:58] [main/DEBUG]: Skipping Lnet/minecraft/client/resources/sounds/SoundEventRegistration;
[22:05:58] [main/DEBUG]: Skipping Lnet/minecraft/client/resources/sounds/Sound;
[22:05:58] [main/DEBUG]: Skipping Lnet/minecraft/client/resources/sounds/Sound$Type;
[22:05:58] [main/DEBUG]: Skipping Lnet/minecraft/client/resources/sounds/SnifferSoundInstance;
[22:05:58] [main/DEBUG]: Skipping Lnet/minecraft/client/resources/sounds/SimpleSoundInstance;
[22:05:58] [main/DEBUG]: Skipping Lnet/minecraft/client/resources/sounds/RidingMinecartSoundInstance;
[22:05:58] [main/DEBUG]: Skipping Lnet/minecraft/client/resources/sounds/MinecartSoundInstance;
[22:05:58] [main/DEBUG]: Skipping Lnet/minecraft/client/resources/sounds/GuardianAttackSoundInstance;
[22:05:58] [main/DEBUG]: Skipping Lnet/minecraft/client/resources/sounds/EntityBoundSoundInstance;
[22:05:58] [main/DEBUG]: Skipping Lnet/minecraft/client/resources/sounds/ElytraOnPlayerSoundInstance;
[22:05:58] [main/DEBUG]: Skipping Lnet/minecraft/client/resources/sounds/BubbleColumnAmbientSoundHandler;
[22:05:58] [main/DEBUG]: Skipping Lnet/minecraft/client/resources/sounds/BiomeAmbientSoundsHandler;
[22:05:58] [main/DEBUG]: Skipping Lnet/minecraft/client/resources/sounds/BiomeAmbientSoundsHandler$LoopSoundInstance;
[22:05:58] [main/DEBUG]: Skipping Lnet/minecraft/client/resources/sounds/BeeSoundInstance;
[22:05:58] [main/DEBUG]: Skipping Lnet/minecraft/client/resources/sounds/BeeFlyingSoundInstance;
[22:05:58] [main/DEBUG]: Skipping Lnet/minecraft/client/resources/sounds/BeeAggressiveSoundInstance;
[22:05:58] [main/DEBUG]: Skipping Lnet/minecraft/client/resources/sounds/AmbientSoundHandler;
[22:05:58] [main/DEBUG]: Skipping Lnet/minecraft/client/resources/sounds/AbstractTickableSoundInstance;
[22:05:58] [main/DEBUG]: Skipping Lnet/minecraft/client/resources/sounds/AbstractSoundInstance;
[22:05:58] [main/DEBUG]: Skipping Lnet/minecraft/client/resources/sounds/SoundInstance;
[22:05:58] [main/DEBUG]: Skipping Lnet/minecraft/client/resources/sounds/SoundInstance$Attenuation;
[22:05:58] [main/DEBUG]: Skipping Lnet/minecraft/client/resources/package-info;
[22:05:58] [main/DEBUG]: Skipping Lnet/minecraft/client/resources/model/package-info;
[22:05:58] [main/DEBUG]: Skipping Lnet/minecraft/client/resources/model/UnbakedModel;
[22:05:58] [main/DEBUG]: Skipping Lnet/minecraft/client/resources/model/ModelState;
[22:05:58] [main/DEBUG]: Skipping Lnet/minecraft/client/resources/model/ModelResourceLocation;
[22:05:58] [main/DEBUG]: Skipping Lnet/minecraft/client/resources/model/Material;
[22:05:58] [main/DEBUG]: Skipping Lnet/minecraft/client/resources/model/BuiltInModel;
[22:05:58] [main/DEBUG]: Skipping Lnet/minecraft/client/resources/model/BlockModelRotation;
[22:05:58] [main/DEBUG]: Skipping Lnet/minecraft/client/resources/model/AtlasSet;
[22:05:58] [main/DEBUG]: Skipping Lnet/minecraft/client/resources/model/AtlasSet$StitchResult;
[22:05:58] [main/DEBUG]: Skipping Lnet/minecraft/client/resources/model/AtlasSet$AtlasEntry;
[22:05:58] [main/DEBUG]: Skipping Lnet/minecraft/client/resources/model/WeightedBakedModel;
[22:05:58] [main/DEBUG]: Skipping Lnet/minecraft/client/resources/model/WeightedBakedModel$Builder;
[22:05:58] [main/DEBUG]: Skipping Lnet/minecraft/client/resources/model/SimpleBakedModel;
[22:05:58] [main/DEBUG]: Transforming class Lnet/minecraft/client/resources/model/SimpleBakedModel$Builder;
[22:05:58] [main/DEBUG]: Transforming net/minecraft/client/resources/model/SimpleBakedModel$Builder METHOD <init>(ZZZLnet/minecraft/client/renderer/block/model/ItemTransforms;Lnet/minecraft/client/renderer/block/model/ItemOverrides;)V to access PUBLIC and LEAVE
[22:05:58] [main/DEBUG]: Skipping Lnet/minecraft/client/resources/model/MultiPartBakedModel;
[22:05:58] [main/DEBUG]: Skipping Lnet/minecraft/client/resources/model/MultiPartBakedModel$Builder;
[22:05:58] [main/DEBUG]: Skipping Lnet/minecraft/client/resources/model/ModelManager;
[22:05:58] [main/DEBUG]: Skipping Lnet/minecraft/client/resources/model/ModelManager$ReloadState;
[22:05:58] [main/DEBUG]: Transforming class Lnet/minecraft/client/resources/model/ModelBakery;
[22:05:58] [main/DEBUG]: Transforming net/minecraft/client/resources/model/ModelBakery METHOD m_119364_(Lnet/minecraft/resources/ResourceLocation;)Lnet/minecraft/client/renderer/block/model/BlockModel; to access PROTECTED and LEAVE
[22:05:58] [main/DEBUG]: Skipping Lnet/minecraft/client/resources/model/ModelBakery$ModelGroupKey;
[22:05:58] [main/DEBUG]: Skipping Lnet/minecraft/client/resources/model/ModelBakery$ModelBakerImpl;
[22:05:58] [main/DEBUG]: Skipping Lnet/minecraft/client/resources/model/ModelBakery$LoadedJson;
[22:05:58] [main/DEBUG]: Skipping Lnet/minecraft/client/resources/model/ModelBakery$BlockStateDefinitionException;
[22:05:58] [main/DEBUG]: Skipping Lnet/minecraft/client/resources/model/ModelBakery$BakedCacheKey;
[22:05:58] [main/DEBUG]: Skipping Lnet/minecraft/client/resources/model/ModelBaker;
[22:05:58] [main/DEBUG]: Skipping Lnet/minecraft/client/resources/model/BakedModel;
[22:05:58] [main/DEBUG]: Skipping Lnet/minecraft/client/resources/metadata/texture/package-info;
[22:05:58] [main/DEBUG]: Skipping Lnet/minecraft/client/resources/metadata/texture/TextureMetadataSectionSerializer;
[22:05:58] [main/DEBUG]: Skipping Lnet/minecraft/client/resources/metadata/texture/TextureMetadataSection;
[22:05:58] [main/DEBUG]: Skipping Lnet/minecraft/client/resources/metadata/package-info;
[22:05:58] [main/DEBUG]: Skipping Lnet/minecraft/client/resources/metadata/language/package-info;
[22:05:58] [main/DEBUG]: Skipping Lnet/minecraft/client/resources/metadata/language/LanguageMetadataSection;
[22:05:58] [main/DEBUG]: Skipping Lnet/minecraft/client/resources/metadata/animation/package-info;
[22:05:58] [main/DEBUG]: Skipping Lnet/minecraft/client/resources/metadata/animation/VillagerMetadataSectionSerializer;
[22:05:58] [main/DEBUG]: Skipping Lnet/minecraft/client/resources/metadata/animation/VillagerMetaDataSection;
[22:05:58] [main/DEBUG]: Skipping Lnet/minecraft/client/resources/metadata/animation/VillagerMetaDataSection$Hat;
[22:05:58] [main/DEBUG]: Skipping Lnet/minecraft/client/resources/metadata/animation/FrameSize;
[22:05:58] [main/DEBUG]: Skipping Lnet/minecraft/client/resources/metadata/animation/AnimationMetadataSectionSerializer;
[22:05:58] [main/DEBUG]: Skipping Lnet/minecraft/client/resources/metadata/animation/AnimationMetadataSection;
[22:05:58] [main/DEBUG]: Skipping Lnet/minecraft/client/resources/metadata/animation/AnimationMetadataSection$FrameOutput;
[22:05:58] [main/DEBUG]: Skipping Lnet/minecraft/client/resources/metadata/animation/AnimationMetadataSection$1;
[22:05:58] [main/DEBUG]: Skipping Lnet/minecraft/client/resources/metadata/animation/AnimationFrame;
[22:05:58] [main/DEBUG]: Skipping Lnet/minecraft/client/resources/language/package-info;
[22:05:58] [main/DEBUG]: Skipping Lnet/minecraft/client/resources/language/LanguageInfo;
[22:05:58] [main/DEBUG]: Skipping Lnet/minecraft/client/resources/language/FormattedBidiReorder;
[22:05:58] [main/DEBUG]: Skipping Lnet/minecraft/client/resources/language/LanguageManager;
[22:05:58] [main/DEBUG]: Skipping Lnet/minecraft/client/resources/language/I18n;
[22:05:58] [main/DEBUG]: Skipping Lnet/minecraft/client/resources/language/ClientLanguage;
[22:05:58] [main/DEBUG]: Transforming class Lnet/minecraft/client/resources/TextureAtlasHolder;
[22:05:58] [main/DEBUG]: Transforming net/minecraft/client/resources/TextureAtlasHolder FIELD f_118884_ to access PROTECTED and LEAVE
[22:05:58] [main/DEBUG]: Skipping Lnet/minecraft/client/resources/SplashManager;
[22:05:58] [main/DEBUG]: Skipping Lnet/minecraft/client/resources/SkinManager;
[22:05:58] [main/DEBUG]: Skipping Lnet/minecraft/client/resources/SkinManager$SkinTextureCallback;
[22:05:58] [main/DEBUG]: Skipping Lnet/minecraft/client/resources/SkinManager$2;
[22:05:58] [main/DEBUG]: Skipping Lnet/minecraft/client/resources/SkinManager$1;
[22:05:58] [main/DEBUG]: Skipping Lnet/minecraft/client/resources/PaintingTextureManager;
[22:05:58] [main/DEBUG]: Skipping Lnet/minecraft/client/resources/MobEffectTextureManager;
[22:05:58] [main/DEBUG]: Skipping Lnet/minecraft/client/resources/LegacyStuffWrapper;
[22:05:58] [main/DEBUG]: Skipping Lnet/minecraft/client/resources/IndexedAssetSource;
[22:05:58] [main/DEBUG]: Skipping Lnet/minecraft/client/resources/GrassColorReloadListener;
[22:05:58] [main/DEBUG]: Skipping Lnet/minecraft/client/resources/FoliageColorReloadListener;
[22:05:58] [main/DEBUG]: Skipping Lnet/minecraft/client/resources/DownloadedPackSource;
[22:05:58] [main/DEBUG]: Skipping Lnet/minecraft/client/resources/DefaultPlayerSkin;
[22:05:58] [main/DEBUG]: Skipping Lnet/minecraft/client/resources/DefaultPlayerSkin$SkinType;
[22:05:58] [main/DEBUG]: Skipping Lnet/minecraft/client/resources/DefaultPlayerSkin$ModelType;
[22:05:58] [main/DEBUG]: Transforming class Lnet/minecraft/client/resources/ClientPackSource;
[22:05:58] [main/DEBUG]: Transforming net/minecraft/client/resources/ClientPackSource METHOD m_246691_(Ljava/nio/file/Path;)Lnet/minecraft/server/packs/VanillaPackResources; to access PUBLIC and LEAVE
[22:05:58] [main/DEBUG]: Skipping Lnet/minecraft/client/renderer/texture/package-info;
[22:05:58] [main/DEBUG]: Skipping Lnet/minecraft/client/renderer/texture/atlas/sources/package-info;
[22:05:58] [main/DEBUG]: Skipping Lnet/minecraft/client/renderer/texture/atlas/sources/Unstitcher;
[22:05:58] [main/DEBUG]: Skipping Lnet/minecraft/client/renderer/texture/atlas/sources/Unstitcher$RegionInstance;
[22:05:58] [main/DEBUG]: Skipping Lnet/minecraft/client/renderer/texture/atlas/sources/Unstitcher$Region;
[22:05:58] [main/DEBUG]: Skipping Lnet/minecraft/client/renderer/texture/atlas/sources/SourceFilter;
[22:05:58] [main/DEBUG]: Skipping Lnet/minecraft/client/renderer/texture/atlas/sources/SingleFile;
[22:05:58] [main/DEBUG]: Skipping Lnet/minecraft/client/renderer/texture/atlas/sources/PalettedPermutations;
[22:05:58] [main/DEBUG]: Skipping Lnet/minecraft/client/renderer/texture/atlas/sources/PalettedPermutations$PalettedSpriteSupplier;
[22:05:58] [main/DEBUG]: Skipping Lnet/minecraft/client/renderer/texture/atlas/sources/LazyLoadedImage;
[22:05:58] [main/DEBUG]: Skipping Lnet/minecraft/client/renderer/texture/atlas/sources/DirectoryLister;
[22:05:58] [main/DEBUG]: Skipping Lnet/minecraft/client/renderer/texture/atlas/package-info;
[22:05:58] [main/DEBUG]: Skipping Lnet/minecraft/client/renderer/texture/atlas/SpriteSources;
[22:05:58] [main/DEBUG]: Skipping Lnet/minecraft/client/renderer/texture/atlas/SpriteSourceType;
[22:05:58] [main/DEBUG]: Skipping Lnet/minecraft/client/renderer/texture/atlas/SpriteSource;
[22:05:58] [main/DEBUG]: Skipping Lnet/minecraft/client/renderer/texture/atlas/SpriteSource$SpriteSupplier;
[22:05:58] [main/DEBUG]: Skipping Lnet/minecraft/client/renderer/texture/atlas/SpriteSource$Output;
[22:05:58] [main/DEBUG]: Skipping Lnet/minecraft/client/renderer/texture/atlas/SpriteResourceLoader;
[22:05:58] [main/DEBUG]: Skipping Lnet/minecraft/client/renderer/texture/atlas/SpriteResourceLoader$1;
[22:05:58] [main/DEBUG]: Skipping Lnet/minecraft/client/renderer/texture/Tickable;
[22:05:58] [main/DEBUG]: Skipping Lnet/minecraft/client/renderer/texture/StitcherException;
[22:05:58] [main/DEBUG]: Skipping Lnet/minecraft/client/renderer/texture/SpriteTicker;
[22:05:58] [main/DEBUG]: Skipping Lnet/minecraft/client/renderer/texture/SimpleTexture;
[22:05:58] [main/DEBUG]: Skipping Lnet/minecraft/client/renderer/texture/SimpleTexture$TextureImage;
[22:05:58] [main/DEBUG]: Skipping Lnet/minecraft/client/renderer/texture/PreloadedTexture;
[22:05:58] [main/DEBUG]: Skipping Lnet/minecraft/client/renderer/texture/OverlayTexture;
[22:05:58] [main/DEBUG]: Skipping Lnet/minecraft/client/renderer/texture/MissingTextureAtlasSprite;
[22:05:58] [main/DEBUG]: Skipping Lnet/minecraft/client/renderer/texture/HttpTexture;
[22:05:58] [main/DEBUG]: Skipping Lnet/minecraft/client/renderer/texture/DynamicTexture;
[22:05:58] [main/DEBUG]: Skipping Lnet/minecraft/client/renderer/texture/Dumpable;
[22:05:58] [main/DEBUG]: Skipping Lnet/minecraft/client/renderer/texture/TextureManager;
[22:05:58] [main/DEBUG]: Skipping Lnet/minecraft/client/renderer/texture/TextureAtlasSprite;
[22:05:58] [main/DEBUG]: Skipping Lnet/minecraft/client/renderer/texture/TextureAtlasSprite$Ticker;
[22:05:58] [main/DEBUG]: Skipping Lnet/minecraft/client/renderer/texture/TextureAtlasSprite$1;
[22:05:58] [main/DEBUG]: Skipping Lnet/minecraft/client/renderer/texture/TextureAtlas;
[22:05:58] [main/DEBUG]: Skipping Lnet/minecraft/client/renderer/texture/Stitcher;
[22:05:58] [main/DEBUG]: Skipping Lnet/minecraft/client/renderer/texture/Stitcher$SpriteLoader;
[22:05:58] [main/DEBUG]: Skipping Lnet/minecraft/client/renderer/texture/Stitcher$Region;
[22:05:58] [main/DEBUG]: Skipping Lnet/minecraft/client/renderer/texture/Stitcher$Holder;
[22:05:58] [main/DEBUG]: Skipping Lnet/minecraft/client/renderer/texture/Stitcher$Entry;
[22:05:58] [main/DEBUG]: Skipping Lnet/minecraft/client/renderer/texture/SpriteLoader;
[22:05:58] [main/DEBUG]: Skipping Lnet/minecraft/client/renderer/texture/SpriteLoader$Preparations;
[22:05:58] [main/DEBUG]: Transforming class Lnet/minecraft/client/renderer/texture/SpriteContents;
[22:05:58] [main/DEBUG]: Transforming net/minecraft/client/renderer/texture/SpriteContents FIELD f_243731_ to access PUBLIC and LEAVE
[22:05:58] [main/DEBUG]: Transforming net/minecraft/client/renderer/texture/SpriteContents FIELD f_244575_ to access DEFAULT and LEAVE
[22:05:58] [main/DEBUG]: Transforming net/minecraft/client/renderer/texture/SpriteContents METHOD m_245088_()I to access DEFAULT and LEAVE
[22:05:58] [main/DEBUG]: Skipping Lnet/minecraft/client/renderer/texture/SpriteContents$Ticker;
[22:05:58] [main/DEBUG]: Skipping Lnet/minecraft/client/renderer/texture/SpriteContents$InterpolationData;
[22:05:58] [main/DEBUG]: Skipping Lnet/minecraft/client/renderer/texture/SpriteContents$FrameInfo;
[22:05:58] [main/DEBUG]: Skipping Lnet/minecraft/client/renderer/texture/SpriteContents$AnimatedTexture;
[22:05:58] [main/DEBUG]: Skipping Lnet/minecraft/client/renderer/texture/MipmapGenerator;
[22:05:58] [main/DEBUG]: Skipping Lnet/minecraft/client/renderer/texture/AbstractTexture;
[22:05:58] [main/DEBUG]: Skipping Lnet/minecraft/client/renderer/package-info;
[22:05:58] [main/DEBUG]: Skipping Lnet/minecraft/client/renderer/item/package-info;
[22:05:58] [main/DEBUG]: Skipping Lnet/minecraft/client/renderer/item/ItemPropertyFunction;
[22:05:58] [main/DEBUG]: Skipping Lnet/minecraft/client/renderer/item/CompassItemPropertyFunction;
[22:05:58] [main/DEBUG]: Skipping Lnet/minecraft/client/renderer/item/CompassItemPropertyFunction$CompassWobble;
[22:05:58] [main/DEBUG]: Skipping Lnet/minecraft/client/renderer/item/CompassItemPropertyFunction$CompassTarget;
[22:05:58] [main/DEBUG]: Skipping Lnet/minecraft/client/renderer/item/ClampedItemPropertyFunction;
[22:05:58] [main/DEBUG]: Skipping Lnet/minecraft/client/renderer/item/ItemProperties;
[22:05:58] [main/DEBUG]: Skipping Lnet/minecraft/client/renderer/item/ItemProperties$1;
[22:05:58] [main/DEBUG]: Skipping Lnet/minecraft/client/renderer/entity/player/package-info;
[22:05:58] [main/DEBUG]: Skipping Lnet/minecraft/client/renderer/entity/player/PlayerRenderer;
[22:05:58] [main/DEBUG]: Skipping Lnet/minecraft/client/renderer/entity/package-info;
[22:05:58] [main/DEBUG]: Skipping Lnet/minecraft/client/renderer/entity/layers/package-info;
[22:05:58] [main/DEBUG]: Skipping Lnet/minecraft/client/renderer/entity/layers/WolfCollarLayer;
[22:05:58] [main/DEBUG]: Skipping Lnet/minecraft/client/renderer/entity/layers/WitherArmorLayer;
[22:05:58] [main/DEBUG]: Skipping Lnet/minecraft/client/renderer/entity/layers/WitchItemLayer;
[22:05:58] [main/DEBUG]: Skipping Lnet/minecraft/client/renderer/entity/layers/WardenEmissiveLayer;
[22:05:58] [main/DEBUG]: Skipping Lnet/minecraft/client/renderer/entity/layers/WardenEmissiveLayer$DrawSelector;
[22:05:58] [main/DEBUG]: Skipping Lnet/minecraft/client/renderer/entity/layers/WardenEmissiveLayer$AlphaFunction;
[22:05:58] [main/DEBUG]: Skipping Lnet/minecraft/client/renderer/entity/layers/VillagerProfessionLayer;
[22:05:58] [main/DEBUG]: Skipping Lnet/minecraft/client/renderer/entity/layers/TropicalFishPatternLayer;
[22:05:58] [main/DEBUG]: Skipping Lnet/minecraft/client/renderer/entity/layers/TropicalFishPatternLayer$1;
[22:05:58] [main/DEBUG]: Skipping Lnet/minecraft/client/renderer/entity/layers/StuckInBodyLayer;
[22:05:58] [main/DEBUG]: Skipping Lnet/minecraft/client/renderer/entity/layers/StrayClothingLayer;
[22:05:58] [main/DEBUG]: Skipping Lnet/minecraft/client/renderer/entity/layers/SpinAttackEffectLayer;
[22:05:58] [main/DEBUG]: Skipping Lnet/minecraft/client/renderer/entity/layers/SpiderEyesLayer;
[22:05:58] [main/DEBUG]: Skipping Lnet/minecraft/client/renderer/entity/layers/SnowGolemHeadLayer;
[22:05:58] [main/DEBUG]: Skipping Lnet/minecraft/client/renderer/entity/layers/SlimeOuterLayer;
[22:05:58] [main/DEBUG]: Skipping Lnet/minecraft/client/renderer/entity/layers/ShulkerHeadLayer;
[22:05:58] [main/DEBUG]: Skipping Lnet/minecraft/client/renderer/entity/layers/SheepFurLayer;
[22:05:58] [main/DEBUG]: Skipping Lnet/minecraft/client/renderer/entity/layers/SaddleLayer;
[22:05:58] [main/DEBUG]: Skipping Lnet/minecraft/client/renderer/entity/layers/RenderLayer;
[22:05:58] [main/DEBUG]: Skipping Lnet/minecraft/client/renderer/entity/layers/PlayerItemInHandLayer;
[22:05:58] [main/DEBUG]: Skipping Lnet/minecraft/client/renderer/entity/layers/PhantomEyesLayer;
[22:05:58] [main/DEBUG]: Skipping Lnet/minecraft/client/renderer/entity/layers/ParrotOnShoulderLayer;
[22:05:58] [main/DEBUG]: Skipping Lnet/minecraft/client/renderer/entity/layers/PandaHoldsItemLayer;
[22:05:58] [main/DEBUG]: Skipping Lnet/minecraft/client/renderer/entity/layers/MushroomCowMushroomLayer;
[22:05:58] [main/DEBUG]: Skipping Lnet/minecraft/client/renderer/entity/layers/LlamaDecorLayer;
[22:05:58] [main/DEBUG]: Skipping Lnet/minecraft/client/renderer/entity/layers/ItemInHandLayer;
[22:05:58] [main/DEBUG]: Skipping Lnet/minecraft/client/renderer/entity/layers/IronGolemFlowerLayer;
[22:05:58] [main/DEBUG]: Skipping Lnet/minecraft/client/renderer/entity/layers/IronGolemCrackinessLayer;
[22:05:58] [main/DEBUG]: Skipping Lnet/minecraft/client/renderer/entity/layers/HorseMarkingLayer;
[22:05:58] [main/DEBUG]: Skipping Lnet/minecraft/client/renderer/entity/layers/HorseArmorLayer;
[22:05:58] [main/DEBUG]: Skipping Lnet/minecraft/client/renderer/entity/layers/FoxHeldItemLayer;
[22:05:58] [main/DEBUG]: Skipping Lnet/minecraft/client/renderer/entity/layers/EyesLayer;
[22:05:58] [main/DEBUG]: Skipping Lnet/minecraft/client/renderer/entity/layers/EnergySwirlLayer;
[22:05:58] [main/DEBUG]: Skipping Lnet/minecraft/client/renderer/entity/layers/EnderEyesLayer;
[22:05:58] [main/DEBUG]: Skipping Lnet/minecraft/client/renderer/entity/layers/DrownedOuterLayer;
[22:05:58] [main/DEBUG]: Skipping Lnet/minecraft/client/renderer/entity/layers/DolphinCarryingItemLayer;
[22:05:58] [main/DEBUG]: Skipping Lnet/minecraft/client/renderer/entity/layers/Deadmau5EarsLayer;
[22:05:58] [main/DEBUG]: Skipping Lnet/minecraft/client/renderer/entity/layers/CustomHeadLayer;
[22:05:58] [main/DEBUG]: Skipping Lnet/minecraft/client/renderer/entity/layers/CrossedArmsItemLayer;
[22:05:58] [main/DEBUG]: Skipping Lnet/minecraft/client/renderer/entity/layers/CreeperPowerLayer;
[22:05:58] [main/DEBUG]: Skipping Lnet/minecraft/client/renderer/entity/layers/CatCollarLayer;
[22:05:58] [main/DEBUG]: Skipping Lnet/minecraft/client/renderer/entity/layers/CarriedBlockLayer;
[22:05:58] [main/DEBUG]: Skipping Lnet/minecraft/client/renderer/entity/layers/CapeLayer;
[22:05:58] [main/DEBUG]: Skipping Lnet/minecraft/client/renderer/entity/layers/BeeStingerLayer;
[22:05:58] [main/DEBUG]: Skipping Lnet/minecraft/client/renderer/entity/layers/ArrowLayer;
[22:05:58] [main/DEBUG]: Skipping Lnet/minecraft/client/renderer/entity/layers/HumanoidArmorLayer;
[22:05:58] [main/DEBUG]: Skipping Lnet/minecraft/client/renderer/entity/layers/HumanoidArmorLayer$1;
[22:05:58] [main/DEBUG]: Skipping Lnet/minecraft/client/renderer/entity/layers/ElytraLayer;
[22:05:58] [main/DEBUG]: Skipping Lnet/minecraft/client/renderer/entity/ZombieVillagerRenderer;
[22:05:58] [main/DEBUG]: Skipping Lnet/minecraft/client/renderer/entity/ZombieRenderer;
[22:05:58] [main/DEBUG]: Skipping Lnet/minecraft/client/renderer/entity/ZoglinRenderer;
[22:05:58] [main/DEBUG]: Skipping Lnet/minecraft/client/renderer/entity/WolfRenderer;
[22:05:58] [main/DEBUG]: Skipping Lnet/minecraft/client/renderer/entity/WitherSkullRenderer;
[22:05:58] [main/DEBUG]: Skipping Lnet/minecraft/client/renderer/entity/WitherSkeletonRenderer;
[22:05:58] [main/DEBUG]: Skipping Lnet/minecraft/client/renderer/entity/WitherBossRenderer;
[22:05:58] [main/DEBUG]: Skipping Lnet/minecraft/client/renderer/entity/WitchRenderer;
[22:05:58] [main/DEBUG]: Skipping Lnet/minecraft/client/renderer/entity/WardenRenderer;
[22:05:58] [main/DEBUG]: Skipping Lnet/minecraft/client/renderer/entity/WanderingTraderRenderer;
[22:05:58] [main/DEBUG]: Skipping Lnet/minecraft/client/renderer/entity/VindicatorRenderer;
[22:05:58] [main/DEBUG]: Skipping Lnet/minecraft/client/renderer/entity/VindicatorRenderer$1;
[22:05:58] [main/DEBUG]: Skipping Lnet/minecraft/client/renderer/entity/VillagerRenderer;
[22:05:58] [main/DEBUG]: Skipping Lnet/minecraft/client/renderer/entity/VexRenderer;
[22:05:58] [main/DEBUG]: Skipping Lnet/minecraft/client/renderer/entity/UndeadHorseRenderer;
[22:05:58] [main/DEBUG]: Skipping Lnet/minecraft/client/renderer/entity/TurtleRenderer;
[22:05:58] [main/DEBUG]: Skipping Lnet/minecraft/client/renderer/entity/TropicalFishRenderer;
[22:05:58] [main/DEBUG]: Skipping Lnet/minecraft/client/renderer/entity/TropicalFishRenderer$1;
[22:05:58] [main/DEBUG]: Skipping Lnet/minecraft/client/renderer/entity/TntRenderer;
[22:05:58] [main/DEBUG]: Skipping Lnet/minecraft/client/renderer/entity/TntMinecartRenderer;
[22:05:58] [main/DEBUG]: Skipping Lnet/minecraft/client/renderer/entity/TippableArrowRenderer;
[22:05:58] [main/DEBUG]: Skipping Lnet/minecraft/client/renderer/entity/ThrownTridentRenderer;
[22:05:58] [main/DEBUG]: Skipping Lnet/minecraft/client/renderer/entity/ThrownItemRenderer;
[22:05:58] [main/DEBUG]: Skipping Lnet/minecraft/client/renderer/entity/TadpoleRenderer;
[22:05:58] [main/DEBUG]: Skipping Lnet/minecraft/client/renderer/entity/StriderRenderer;
[22:05:58] [main/DEBUG]: Skipping Lnet/minecraft/client/renderer/entity/StrayRenderer;
[22:05:58] [main/DEBUG]: Skipping Lnet/minecraft/client/renderer/entity/SquidRenderer;
[22:05:58] [main/DEBUG]: Skipping Lnet/minecraft/client/renderer/entity/SpiderRenderer;
[22:05:58] [main/DEBUG]: Skipping Lnet/minecraft/client/renderer/entity/SpectralArrowRenderer;
[22:05:58] [main/DEBUG]: Skipping Lnet/minecraft/client/renderer/entity/SnowGolemRenderer;
[22:05:58] [main/DEBUG]: Skipping Lnet/minecraft/client/renderer/entity/SnifferRenderer;
[22:05:58] [main/DEBUG]: Skipping Lnet/minecraft/client/renderer/entity/SlimeRenderer;
[22:05:58] [main/DEBUG]: Skipping Lnet/minecraft/client/renderer/entity/SkeletonRenderer;
[22:05:58] [main/DEBUG]: Skipping Lnet/minecraft/client/renderer/entity/SilverfishRenderer;
[22:05:58] [main/DEBUG]: Skipping Lnet/minecraft/client/renderer/entity/ShulkerRenderer;
[22:05:58] [main/DEBUG]: Skipping Lnet/minecraft/client/renderer/entity/ShulkerBulletRenderer;
[22:05:58] [main/DEBUG]: Skipping Lnet/minecraft/client/renderer/entity/SheepRenderer;
[22:05:58] [main/DEBUG]: Skipping Lnet/minecraft/client/renderer/entity/SalmonRenderer;
[22:05:58] [main/DEBUG]: Skipping Lnet/minecraft/client/renderer/entity/RenderLayerParent;
[22:05:58] [main/DEBUG]: Skipping Lnet/minecraft/client/renderer/entity/RavagerRenderer;
[22:05:58] [main/DEBUG]: Skipping Lnet/minecraft/client/renderer/entity/RabbitRenderer;
[22:05:58] [main/DEBUG]: Skipping Lnet/minecraft/client/renderer/entity/RabbitRenderer$1;
[22:05:58] [main/DEBUG]: Skipping Lnet/minecraft/client/renderer/entity/PufferfishRenderer;
[22:05:58] [main/DEBUG]: Skipping Lnet/minecraft/client/renderer/entity/PolarBearRenderer;
[22:05:58] [main/DEBUG]: Skipping Lnet/minecraft/client/renderer/entity/PillagerRenderer;
[22:05:58] [main/DEBUG]: Skipping Lnet/minecraft/client/renderer/entity/PiglinRenderer;
[22:05:58] [main/DEBUG]: Skipping Lnet/minecraft/client/renderer/entity/PigRenderer;
[22:05:58] [main/DEBUG]: Skipping Lnet/minecraft/client/renderer/entity/PhantomRenderer;
[22:05:58] [main/DEBUG]: Skipping Lnet/minecraft/client/renderer/entity/ParrotRenderer;
[22:05:58] [main/DEBUG]: Skipping Lnet/minecraft/client/renderer/entity/ParrotRenderer$1;
[22:05:58] [main/DEBUG]: Skipping Lnet/minecraft/client/renderer/entity/PandaRenderer;
[22:05:58] [main/DEBUG]: Skipping Lnet/minecraft/client/renderer/entity/PaintingRenderer;
[22:05:58] [main/DEBUG]: Skipping Lnet/minecraft/client/renderer/entity/OcelotRenderer;
[22:05:58] [main/DEBUG]: Skipping Lnet/minecraft/client/renderer/entity/NoopRenderer;
[22:05:58] [main/DEBUG]: Skipping Lnet/minecraft/client/renderer/entity/MushroomCowRenderer;
[22:05:58] [main/DEBUG]: Skipping Lnet/minecraft/client/renderer/entity/MobRenderer;
[22:05:58] [main/DEBUG]: Skipping Lnet/minecraft/client/renderer/entity/MinecartRenderer;
[22:05:58] [main/DEBUG]: Skipping Lnet/minecraft/client/renderer/entity/MagmaCubeRenderer;
[22:05:58] [main/DEBUG]: Skipping Lnet/minecraft/client/renderer/entity/LlamaSpitRenderer;
[22:05:58] [main/DEBUG]: Skipping Lnet/minecraft/client/renderer/entity/LlamaRenderer;
[22:05:58] [main/DEBUG]: Skipping Lnet/minecraft/client/renderer/entity/LlamaRenderer$1;
[22:05:58] [main/DEBUG]: Skipping Lnet/minecraft/client/renderer/entity/LightningBoltRenderer;
[22:05:58] [main/DEBUG]: Skipping Lnet/minecraft/client/renderer/entity/LeashKnotRenderer;
[22:05:58] [main/DEBUG]: Skipping Lnet/minecraft/client/renderer/entity/IronGolemRenderer;
[22:05:58] [main/DEBUG]: Skipping Lnet/minecraft/client/renderer/entity/IllusionerRenderer;
[22:05:58] [main/DEBUG]: Skipping Lnet/minecraft/client/renderer/entity/IllusionerRenderer$1;
[22:05:58] [main/DEBUG]: Skipping Lnet/minecraft/client/renderer/entity/IllagerRenderer;
[22:05:58] [main/DEBUG]: Skipping Lnet/minecraft/client/renderer/entity/HuskRenderer;
[22:05:58] [main/DEBUG]: Skipping Lnet/minecraft/client/renderer/entity/HumanoidMobRenderer;
[22:05:58] [main/DEBUG]: Skipping Lnet/minecraft/client/renderer/entity/HorseRenderer;
[22:05:58] [main/DEBUG]: Skipping Lnet/minecraft/client/renderer/entity/HoglinRenderer;
[22:05:58] [main/DEBUG]: Skipping Lnet/minecraft/client/renderer/entity/GuardianRenderer;
[22:05:58] [main/DEBUG]: Skipping Lnet/minecraft/client/renderer/entity/GoatRenderer;
[22:05:58] [main/DEBUG]: Skipping Lnet/minecraft/client/renderer/entity/GlowSquidRenderer;
[22:05:58] [main/DEBUG]: Skipping Lnet/minecraft/client/renderer/entity/GiantMobRenderer;
[22:05:58] [main/DEBUG]: Skipping Lnet/minecraft/client/renderer/entity/GhastRenderer;
[22:05:58] [main/DEBUG]: Skipping Lnet/minecraft/client/renderer/entity/FrogRenderer;
[22:05:58] [main/DEBUG]: Skipping Lnet/minecraft/client/renderer/entity/FoxRenderer;
[22:05:58] [main/DEBUG]: Skipping Lnet/minecraft/client/renderer/entity/FireworkEntityRenderer;
[22:05:58] [main/DEBUG]: Skipping Lnet/minecraft/client/renderer/entity/ExperienceOrbRenderer;
[22:05:58] [main/DEBUG]: Skipping Lnet/minecraft/client/renderer/entity/EvokerRenderer;
[22:05:58] [main/DEBUG]: Skipping Lnet/minecraft/client/renderer/entity/EvokerRenderer$1;
[22:05:58] [main/DEBUG]: Skipping Lnet/minecraft/client/renderer/entity/EvokerFangsRenderer;
[22:05:58] [main/DEBUG]: Transforming class Lnet/minecraft/client/renderer/entity/EntityRenderers;
[22:05:58] [main/DEBUG]: Transforming net/minecraft/client/renderer/entity/EntityRenderers METHOD m_174036_(Lnet/minecraft/world/entity/EntityType;Lnet/minecraft/client/renderer/entity/EntityRendererProvider;)V to access PUBLIC and LEAVE
[22:05:58] [main/DEBUG]: Skipping Lnet/minecraft/client/renderer/entity/EntityRendererProvider;
[22:05:58] [main/DEBUG]: Skipping Lnet/minecraft/client/renderer/entity/EntityRendererProvider$Context;
[22:05:58] [main/DEBUG]: Skipping Lnet/minecraft/client/renderer/entity/EndermiteRenderer;
[22:05:58] [main/DEBUG]: Skipping Lnet/minecraft/client/renderer/entity/EndermanRenderer;
[22:05:58] [main/DEBUG]: Skipping Lnet/minecraft/client/renderer/entity/EnderDragonRenderer;
[22:05:58] [main/DEBUG]: Skipping Lnet/minecraft/client/renderer/entity/EnderDragonRenderer$DragonModel;
[22:05:58] [main/DEBUG]: Skipping Lnet/minecraft/client/renderer/entity/EndCrystalRenderer;
[22:05:58] [main/DEBUG]: Skipping Lnet/minecraft/client/renderer/entity/ElderGuardianRenderer;
[22:05:58] [main/DEBUG]: Skipping Lnet/minecraft/client/renderer/entity/DrownedRenderer;
[22:05:58] [main/DEBUG]: Skipping Lnet/minecraft/client/renderer/entity/DragonFireballRenderer;
[22:05:58] [main/DEBUG]: Skipping Lnet/minecraft/client/renderer/entity/DolphinRenderer;
[22:05:58] [main/DEBUG]: Skipping Lnet/minecraft/client/renderer/entity/DisplayRenderer;
[22:05:58] [main/DEBUG]: Skipping Lnet/minecraft/client/renderer/entity/DisplayRenderer$TextDisplayRenderer;
[22:05:58] [main/DEBUG]: Skipping Lnet/minecraft/client/renderer/entity/DisplayRenderer$ItemDisplayRenderer;
[22:05:58] [main/DEBUG]: Skipping Lnet/minecraft/client/renderer/entity/DisplayRenderer$BlockDisplayRenderer;
[22:05:58] [main/DEBUG]: Skipping Lnet/minecraft/client/renderer/entity/DisplayRenderer$1;
[22:05:58] [main/DEBUG]: Skipping Lnet/minecraft/client/renderer/entity/CreeperRenderer;
[22:05:58] [main/DEBUG]: Skipping Lnet/minecraft/client/renderer/entity/CowRenderer;
[22:05:58] [main/DEBUG]: Skipping Lnet/minecraft/client/renderer/entity/CodRenderer;
[22:05:58] [main/DEBUG]: Skipping Lnet/minecraft/client/renderer/entity/ChickenRenderer;
[22:05:58] [main/DEBUG]: Skipping Lnet/minecraft/client/renderer/entity/ChestedHorseRenderer;
[22:05:58] [main/DEBUG]: Skipping Lnet/minecraft/client/renderer/entity/CaveSpiderRenderer;
[22:05:58] [main/DEBUG]: Skipping Lnet/minecraft/client/renderer/entity/CatRenderer;
[22:05:58] [main/DEBUG]: Skipping Lnet/minecraft/client/renderer/entity/CamelRenderer;
[22:05:58] [main/DEBUG]: Skipping Lnet/minecraft/client/renderer/entity/BlazeRenderer;
[22:05:58] [main/DEBUG]: Skipping Lnet/minecraft/client/renderer/entity/BeeRenderer;
[22:05:58] [main/DEBUG]: Skipping Lnet/minecraft/client/renderer/entity/BatRenderer;
[22:05:58] [main/DEBUG]: Skipping Lnet/minecraft/client/renderer/entity/AxolotlRenderer;
[22:05:58] [main/DEBUG]: Skipping Lnet/minecraft/client/renderer/entity/ArrowRenderer;
[22:05:58] [main/DEBUG]: Skipping Lnet/minecraft/client/renderer/entity/ArmorStandRenderer;
[22:05:58] [main/DEBUG]: Skipping Lnet/minecraft/client/renderer/entity/AllayRenderer;
[22:05:58] [main/DEBUG]: Skipping Lnet/minecraft/client/renderer/entity/AbstractZombieRenderer;
[22:05:58] [main/DEBUG]: Skipping Lnet/minecraft/client/renderer/entity/AbstractHorseRenderer;
[22:05:58] [main/DEBUG]: Transforming class Lnet/minecraft/client/renderer/entity/LivingEntityRenderer;
[22:05:58] [main/DEBUG]: Transforming net/minecraft/client/renderer/entity/LivingEntityRenderer METHOD m_115326_(Lnet/minecraft/client/renderer/entity/layers/RenderLayer;)Z to access PUBLIC and LEAVE
[22:05:58] [main/DEBUG]: Skipping Lnet/minecraft/client/renderer/entity/LivingEntityRenderer$1;
[22:05:58] [main/DEBUG]: Transforming class Lnet/minecraft/client/renderer/entity/ItemRenderer;
[22:05:58] [main/DEBUG]: Transforming net/minecraft/client/renderer/entity/ItemRenderer METHOD m_115189_(Lnet/minecraft/client/resources/model/BakedModel;Lnet/minecraft/world/item/ItemStack;IILcom/mojang/blaze3d/vertex/PoseStack;Lcom/mojang/blaze3d/vertex/VertexConsumer;)V to access PUBLIC and LEAVE
[22:05:58] [main/DEBUG]: Transforming net/minecraft/client/renderer/entity/ItemRenderer METHOD m_115162_(Lcom/mojang/blaze3d/vertex/PoseStack;Lcom/mojang/blaze3d/vertex/VertexConsumer;Ljava/util/List;Lnet/minecraft/world/item/ItemStack;II)V to access PUBLIC and LEAVE
[22:05:58] [main/DEBUG]: Skipping Lnet/minecraft/client/renderer/entity/ItemFrameRenderer;
[22:05:58] [main/DEBUG]: Transforming class Lnet/minecraft/client/renderer/entity/ItemEntityRenderer;
[22:05:58] [main/DEBUG]: Transforming net/minecraft/client/renderer/entity/ItemEntityRenderer METHOD m_115042_(Lnet/minecraft/world/item/ItemStack;)I to access PROTECTED and LEAVE
[22:05:58] [main/DEBUG]: Skipping Lnet/minecraft/client/renderer/entity/FishingHookRenderer;
[22:05:58] [main/DEBUG]: Skipping Lnet/minecraft/client/renderer/entity/FallingBlockRenderer;
[22:05:58] [main/DEBUG]: Skipping Lnet/minecraft/client/renderer/entity/EntityRenderer;
[22:05:58] [main/DEBUG]: Transforming class Lnet/minecraft/client/renderer/entity/EntityRenderDispatcher;
[22:05:58] [main/DEBUG]: Transforming net/minecraft/client/renderer/entity/EntityRenderDispatcher FIELD f_114362_ to access PUBLIC and LEAVE
[22:05:58] [main/DEBUG]: Skipping Lnet/minecraft/client/renderer/entity/BoatRenderer;
[22:05:58] [main/DEBUG]: Skipping Lnet/minecraft/client/renderer/debug/package-info;
[22:05:58] [main/DEBUG]: Skipping Lnet/minecraft/client/renderer/debug/WorldGenAttemptRenderer;
[22:05:58] [main/DEBUG]: Skipping Lnet/minecraft/client/renderer/debug/WaterDebugRenderer;
[22:05:58] [main/DEBUG]: Skipping Lnet/minecraft/client/renderer/debug/VillageSectionsDebugRenderer;
[22:05:58] [main/DEBUG]: Skipping Lnet/minecraft/client/renderer/debug/SupportBlockRenderer;
[22:05:58] [main/DEBUG]: Skipping Lnet/minecraft/client/renderer/debug/StructureRenderer;
[22:05:58] [main/DEBUG]: Skipping Lnet/minecraft/client/renderer/debug/SolidFaceRenderer;
[22:05:58] [main/DEBUG]: Skipping Lnet/minecraft/client/renderer/debug/RaidDebugRenderer;
[22:05:58] [main/DEBUG]: Skipping Lnet/minecraft/client/renderer/debug/PathfindingRenderer;
[22:05:58] [main/DEBUG]: Skipping Lnet/minecraft/client/renderer/debug/NeighborsUpdateRenderer;
[22:05:58] [main/DEBUG]: Skipping Lnet/minecraft/client/renderer/debug/LightSectionDebugRenderer;
[22:05:58] [main/DEBUG]: Skipping Lnet/minecraft/client/renderer/debug/LightSectionDebugRenderer$SectionData;
[22:05:58] [main/DEBUG]: Skipping Lnet/minecraft/client/renderer/debug/LightSectionDebugRenderer$1;
[22:05:58] [main/DEBUG]: Skipping Lnet/minecraft/client/renderer/debug/LightDebugRenderer;
[22:05:58] [main/DEBUG]: Skipping Lnet/minecraft/client/renderer/debug/HeightMapRenderer;
[22:05:58] [main/DEBUG]: Skipping Lnet/minecraft/client/renderer/debug/HeightMapRenderer$1;
[22:05:58] [main/DEBUG]: Skipping Lnet/minecraft/client/renderer/debug/GoalSelectorDebugRenderer;
[22:05:58] [main/DEBUG]: Skipping Lnet/minecraft/client/renderer/debug/GoalSelectorDebugRenderer$DebugGoal;
[22:05:58] [main/DEBUG]: Skipping Lnet/minecraft/client/renderer/debug/GameTestDebugRenderer;
[22:05:58] [main/DEBUG]: Skipping Lnet/minecraft/client/renderer/debug/GameTestDebugRenderer$Marker;
[22:05:58] [main/DEBUG]: Skipping Lnet/minecraft/client/renderer/debug/GameEventListenerRenderer;
[22:05:58] [main/DEBUG]: Skipping Lnet/minecraft/client/renderer/debug/GameEventListenerRenderer$TrackedListener;
[22:05:58] [main/DEBUG]: Skipping Lnet/minecraft/client/renderer/debug/GameEventListenerRenderer$TrackedGameEvent;
[22:05:58] [main/DEBUG]: Skipping Lnet/minecraft/client/renderer/debug/DebugRenderer;
[22:05:58] [main/DEBUG]: Skipping Lnet/minecraft/client/renderer/debug/DebugRenderer$SimpleDebugRenderer;
[22:05:58] [main/DEBUG]: Skipping Lnet/minecraft/client/renderer/debug/CollisionBoxRenderer;
[22:05:58] [main/DEBUG]: Skipping Lnet/minecraft/client/renderer/debug/ChunkDebugRenderer;
[22:05:58] [main/DEBUG]: Skipping Lnet/minecraft/client/renderer/debug/ChunkDebugRenderer$ChunkData;
[22:05:58] [main/DEBUG]: Skipping Lnet/minecraft/client/renderer/debug/ChunkBorderRenderer;
[22:05:58] [main/DEBUG]: Skipping Lnet/minecraft/client/renderer/debug/BrainDebugRenderer;
[22:05:58] [main/DEBUG]: Skipping Lnet/minecraft/client/renderer/debug/BrainDebugRenderer$PoiInfo;
[22:05:58] [main/DEBUG]: Skipping Lnet/minecraft/client/renderer/debug/BrainDebugRenderer$BrainDump;
[22:05:58] [main/DEBUG]: Skipping Lnet/minecraft/client/renderer/debug/BeeDebugRenderer;
[22:05:58] [main/DEBUG]: Skipping Lnet/minecraft/client/renderer/debug/BeeDebugRenderer$HiveInfo;
[22:05:58] [main/DEBUG]: Skipping Lnet/minecraft/client/renderer/debug/BeeDebugRenderer$BeeInfo;
[22:05:58] [main/DEBUG]: Skipping Lnet/minecraft/client/renderer/culling/package-info;
[22:05:58] [main/DEBUG]: Skipping Lnet/minecraft/client/renderer/culling/Frustum;
[22:05:58] [main/DEBUG]: Skipping Lnet/minecraft/client/renderer/chunk/package-info;
[22:05:58] [main/DEBUG]: Skipping Lnet/minecraft/client/renderer/chunk/VisibilitySet;
[22:05:58] [main/DEBUG]: Skipping Lnet/minecraft/client/renderer/chunk/VisGraph;
[22:05:58] [main/DEBUG]: Skipping Lnet/minecraft/client/renderer/chunk/VisGraph$1;
[22:05:58] [main/DEBUG]: Skipping Lnet/minecraft/client/renderer/chunk/RenderRegionCache;
[22:05:58] [main/DEBUG]: Skipping Lnet/minecraft/client/renderer/chunk/RenderRegionCache$ChunkInfo;
[22:05:58] [main/DEBUG]: Skipping Lnet/minecraft/client/renderer/chunk/RenderChunk;
[22:05:58] [main/DEBUG]: Skipping Lnet/minecraft/client/renderer/chunk/RenderChunkRegion;
[22:05:58] [main/DEBUG]: Skipping Lnet/minecraft/client/renderer/chunk/ChunkRenderDispatcher;
[22:05:58] [main/DEBUG]: Skipping Lnet/minecraft/client/renderer/chunk/ChunkRenderDispatcher$RenderChunk;
[22:05:58] [main/DEBUG]: Skipping Lnet/minecraft/client/renderer/chunk/ChunkRenderDispatcher$RenderChunk$ResortTransparencyTask;
[22:05:58] [main/DEBUG]: Skipping Lnet/minecraft/client/renderer/chunk/ChunkRenderDispatcher$RenderChunk$RebuildTask;
[22:05:58] [main/DEBUG]: Skipping Lnet/minecraft/client/renderer/chunk/ChunkRenderDispatcher$RenderChunk$RebuildTask$CompileResults;
[22:05:58] [main/DEBUG]: Skipping Lnet/minecraft/client/renderer/chunk/ChunkRenderDispatcher$RenderChunk$ChunkCompileTask;
[22:05:58] [main/DEBUG]: Skipping Lnet/minecraft/client/renderer/chunk/ChunkRenderDispatcher$CompiledChunk;
[22:05:58] [main/DEBUG]: Skipping Lnet/minecraft/client/renderer/chunk/ChunkRenderDispatcher$CompiledChunk$1;
[22:05:58] [main/DEBUG]: Skipping Lnet/minecraft/client/renderer/chunk/ChunkRenderDispatcher$ChunkTaskResult;
[22:05:58] [main/DEBUG]: Skipping Lnet/minecraft/client/renderer/blockentity/package-info;
[22:05:58] [main/DEBUG]: Skipping Lnet/minecraft/client/renderer/blockentity/TheEndPortalRenderer;
[22:05:58] [main/DEBUG]: Skipping Lnet/minecraft/client/renderer/blockentity/TheEndGatewayRenderer;
[22:05:58] [main/DEBUG]: Skipping Lnet/minecraft/client/renderer/blockentity/StructureBlockRenderer;
[22:05:58] [main/DEBUG]: Skipping Lnet/minecraft/client/renderer/blockentity/StructureBlockRenderer$1;
[22:05:58] [main/DEBUG]: Skipping Lnet/minecraft/client/renderer/blockentity/SpawnerRenderer;
[22:05:58] [main/DEBUG]: Skipping Lnet/minecraft/client/renderer/blockentity/SignRenderer;
[22:05:58] [main/DEBUG]: Skipping Lnet/minecraft/client/renderer/blockentity/SignRenderer$SignModel;
[22:05:58] [main/DEBUG]: Skipping Lnet/minecraft/client/renderer/blockentity/ShulkerBoxRenderer;
[22:05:58] [main/DEBUG]: Skipping Lnet/minecraft/client/renderer/blockentity/LecternRenderer;
[22:05:58] [main/DEBUG]: Skipping Lnet/minecraft/client/renderer/blockentity/HangingSignRenderer;
[22:05:58] [main/DEBUG]: Skipping Lnet/minecraft/client/renderer/blockentity/HangingSignRenderer$HangingSignModel;
[22:05:58] [main/DEBUG]: Skipping Lnet/minecraft/client/renderer/blockentity/EnchantTableRenderer;
[22:05:58] [main/DEBUG]: Skipping Lnet/minecraft/client/renderer/blockentity/DecoratedPotRenderer;
[22:05:58] [main/DEBUG]: Skipping Lnet/minecraft/client/renderer/blockentity/ConduitRenderer;
[22:05:58] [main/DEBUG]: Skipping Lnet/minecraft/client/renderer/blockentity/CampfireRenderer;
[22:05:58] [main/DEBUG]: Skipping Lnet/minecraft/client/renderer/blockentity/BrushableBlockRenderer;
[22:05:58] [main/DEBUG]: Skipping Lnet/minecraft/client/renderer/blockentity/BrushableBlockRenderer$1;
[22:05:58] [main/DEBUG]: Skipping Lnet/minecraft/client/renderer/blockentity/BrightnessCombiner;
[22:05:58] [main/DEBUG]: Skipping Lnet/minecraft/client/renderer/blockentity/BlockEntityRendererProvider;
[22:05:58] [main/DEBUG]: Skipping Lnet/minecraft/client/renderer/blockentity/BlockEntityRendererProvider$Context;
[22:05:58] [main/DEBUG]: Skipping Lnet/minecraft/client/renderer/blockentity/BlockEntityRenderer;
[22:05:58] [main/DEBUG]: Transforming class Lnet/minecraft/client/renderer/blockentity/BlockEntityRenderDispatcher;
[22:05:58] [main/DEBUG]: Transforming net/minecraft/client/renderer/blockentity/BlockEntityRenderDispatcher FIELD f_112253_ to access PUBLIC and LEAVE
[22:05:58] [main/DEBUG]: Skipping Lnet/minecraft/client/renderer/blockentity/BellRenderer;
[22:05:58] [main/DEBUG]: Skipping Lnet/minecraft/client/renderer/blockentity/BedRenderer;
[22:05:58] [main/DEBUG]: Skipping Lnet/minecraft/client/renderer/blockentity/BeaconRenderer;
[22:05:58] [main/DEBUG]: Skipping Lnet/minecraft/client/renderer/blockentity/BannerRenderer;
[22:05:58] [main/DEBUG]: Transforming class Lnet/minecraft/client/renderer/blockentity/SkullBlockRenderer;
[22:05:58] [main/DEBUG]: Transforming net/minecraft/client/renderer/blockentity/SkullBlockRenderer FIELD f_112519_ to access PUBLIC and LEAVE
[22:05:58] [main/DEBUG]: Transforming class Lnet/minecraft/client/renderer/blockentity/PistonHeadRenderer;
[22:05:58] [main/DEBUG]: Transforming net/minecraft/client/renderer/blockentity/PistonHeadRenderer FIELD f_112441_ to access PRIVATE and REMOVEFINAL
[22:05:58] [main/DEBUG]: Skipping Lnet/minecraft/client/renderer/blockentity/ChestRenderer;
[22:05:58] [main/DEBUG]: Transforming class Lnet/minecraft/client/renderer/blockentity/BlockEntityRenderers;
[22:05:58] [main/DEBUG]: Transforming net/minecraft/client/renderer/blockentity/BlockEntityRenderers METHOD m_173590_(Lnet/minecraft/world/level/block/entity/BlockEntityType;Lnet/minecraft/client/renderer/blockentity/BlockEntityRendererProvider;)V to access PUBLIC and LEAVE
[22:05:58] [main/DEBUG]: Skipping Lnet/minecraft/client/renderer/block/package-info;
[22:05:58] [main/DEBUG]: Skipping Lnet/minecraft/client/renderer/block/model/package-info;
[22:05:58] [main/DEBUG]: Skipping Lnet/minecraft/client/renderer/block/model/multipart/package-info;
[22:05:58] [main/DEBUG]: Skipping Lnet/minecraft/client/renderer/block/model/multipart/Selector;
[22:05:58] [main/DEBUG]: Skipping Lnet/minecraft/client/renderer/block/model/multipart/Selector$Deserializer;
[22:05:58] [main/DEBUG]: Skipping Lnet/minecraft/client/renderer/block/model/multipart/OrCondition;
[22:05:58] [main/DEBUG]: Skipping Lnet/minecraft/client/renderer/block/model/multipart/MultiPart;
[22:05:58] [main/DEBUG]: Skipping Lnet/minecraft/client/renderer/block/model/multipart/MultiPart$Deserializer;
[22:05:58] [main/DEBUG]: Skipping Lnet/minecraft/client/renderer/block/model/multipart/KeyValueCondition;
[22:05:58] [main/DEBUG]: Skipping Lnet/minecraft/client/renderer/block/model/multipart/Condition;
[22:05:58] [main/DEBUG]: Skipping Lnet/minecraft/client/renderer/block/model/multipart/AndCondition;
[22:05:58] [main/DEBUG]: Skipping Lnet/minecraft/client/renderer/block/model/Variant;
[22:05:58] [main/DEBUG]: Skipping Lnet/minecraft/client/renderer/block/model/Variant$Deserializer;
[22:05:58] [main/DEBUG]: Transforming class Lnet/minecraft/client/renderer/block/model/ItemOverride;
[22:05:58] [main/DEBUG]: Transforming net/minecraft/client/renderer/block/model/ItemOverride INNERCLASS Deserializer to access PUBLIC and LEAVE
[22:05:58] [main/DEBUG]: Skipping Lnet/minecraft/client/renderer/block/model/ItemOverride$Predicate;
[22:05:58] [main/DEBUG]: Transforming class Lnet/minecraft/client/renderer/block/model/ItemOverride$Deserializer;
[22:05:58] [main/DEBUG]: Transforming net/minecraft/client/renderer/block/model/ItemOverride$Deserializer CLASS to access PUBLIC and LEAVE
[22:05:58] [main/DEBUG]: Transforming net/minecraft/client/renderer/block/model/ItemOverride$Deserializer METHOD <init>()V to access PUBLIC and LEAVE
[22:05:58] [main/DEBUG]: Skipping Lnet/minecraft/client/renderer/block/model/BlockModelDefinition;
[22:05:58] [main/DEBUG]: Skipping Lnet/minecraft/client/renderer/block/model/BlockModelDefinition$MissingVariantException;
[22:05:58] [main/DEBUG]: Skipping Lnet/minecraft/client/renderer/block/model/BlockModelDefinition$Deserializer;
[22:05:58] [main/DEBUG]: Skipping Lnet/minecraft/client/renderer/block/model/BlockModelDefinition$Context;
[22:05:58] [main/DEBUG]: Transforming class Lnet/minecraft/client/renderer/block/model/BlockFaceUV;
[22:05:58] [main/DEBUG]: Transforming net/minecraft/client/renderer/block/model/BlockFaceUV INNERCLASS Deserializer to access PUBLIC and LEAVE
[22:05:58] [main/DEBUG]: Transforming class Lnet/minecraft/client/renderer/block/model/BlockFaceUV$Deserializer;
[22:05:58] [main/DEBUG]: Transforming net/minecraft/client/renderer/block/model/BlockFaceUV$Deserializer CLASS to access PUBLIC and LEAVE
[22:05:58] [main/DEBUG]: Transforming net/minecraft/client/renderer/block/model/BlockFaceUV$Deserializer METHOD <init>()V to access PUBLIC and LEAVE
[22:05:58] [main/DEBUG]: Skipping Lnet/minecraft/client/renderer/block/model/BlockElementRotation;
[22:05:58] [main/DEBUG]: Skipping Lnet/minecraft/client/renderer/block/model/MultiVariant;
[22:05:58] [main/DEBUG]: Skipping Lnet/minecraft/client/renderer/block/model/MultiVariant$Deserializer;
[22:05:58] [main/DEBUG]: Transforming class Lnet/minecraft/client/renderer/block/model/ItemTransforms;
[22:05:58] [main/DEBUG]: Transforming net/minecraft/client/renderer/block/model/ItemTransforms INNERCLASS Deserializer to access PUBLIC and LEAVE
[22:05:58] [main/DEBUG]: Transforming class Lnet/minecraft/client/renderer/block/model/ItemTransforms$Deserializer;
[22:05:58] [main/DEBUG]: Transforming net/minecraft/client/renderer/block/model/ItemTransforms$Deserializer CLASS to access PUBLIC and LEAVE
[22:05:58] [main/DEBUG]: Transforming net/minecraft/client/renderer/block/model/ItemTransforms$Deserializer METHOD <init>()V to access PUBLIC and LEAVE
[22:05:58] [main/DEBUG]: Skipping Lnet/minecraft/client/renderer/block/model/ItemTransforms$1;
[22:05:58] [main/DEBUG]: Transforming class Lnet/minecraft/client/renderer/block/model/ItemTransform;
[22:05:58] [main/DEBUG]: Transforming net/minecraft/client/renderer/block/model/ItemTransform INNERCLASS Deserializer to access PUBLIC and LEAVE
[22:05:58] [main/DEBUG]: Transforming class Lnet/minecraft/client/renderer/block/model/ItemTransform$Deserializer;
[22:05:58] [main/DEBUG]: Transforming net/minecraft/client/renderer/block/model/ItemTransform$Deserializer CLASS to access PUBLIC and LEAVE
[22:05:58] [main/DEBUG]: Transforming net/minecraft/client/renderer/block/model/ItemTransform$Deserializer FIELD f_111769_ to access PUBLIC and LEAVE
[22:05:58] [main/DEBUG]: Transforming net/minecraft/client/renderer/block/model/ItemTransform$Deserializer FIELD f_111770_ to access PUBLIC and LEAVE
[22:05:58] [main/DEBUG]: Transforming net/minecraft/client/renderer/block/model/ItemTransform$Deserializer FIELD f_111771_ to access PUBLIC and LEAVE
[22:05:58] [main/DEBUG]: Transforming net/minecraft/client/renderer/block/model/ItemTransform$Deserializer METHOD <init>()V to access PUBLIC and LEAVE
[22:05:58] [main/DEBUG]: Transforming class Lnet/minecraft/client/renderer/block/model/ItemOverrides;
[22:05:58] [main/DEBUG]: Transforming net/minecraft/client/renderer/block/model/ItemOverrides INNERCLASS BakedOverride to access PUBLIC and LEAVE
[22:05:58] [main/DEBUG]: Transforming net/minecraft/client/renderer/block/model/ItemOverrides METHOD <init>()V to access PROTECTED and LEAVE
[22:05:58] [main/DEBUG]: Skipping Lnet/minecraft/client/renderer/block/model/ItemOverrides$PropertyMatcher;
[22:05:58] [main/DEBUG]: Transforming class Lnet/minecraft/client/renderer/block/model/ItemOverrides$BakedOverride;
[22:05:58] [main/DEBUG]: Transforming net/minecraft/client/renderer/block/model/ItemOverrides$BakedOverride CLASS to access PUBLIC and LEAVE
[22:05:58] [main/DEBUG]: Transforming class Lnet/minecraft/client/renderer/block/model/ItemModelGenerator;
[22:05:58] [main/DEBUG]: Transforming net/minecraft/client/renderer/block/model/ItemModelGenerator METHOD m_111638_(ILjava/lang/String;Lnet/minecraft/client/renderer/texture/SpriteContents;)Ljava/util/List; to access PUBLIC and LEAVE
[22:05:58] [main/DEBUG]: Skipping Lnet/minecraft/client/renderer/block/model/ItemModelGenerator$SpanFacing;
[22:05:58] [main/DEBUG]: Skipping Lnet/minecraft/client/renderer/block/model/ItemModelGenerator$Span;
[22:05:58] [main/DEBUG]: Skipping Lnet/minecraft/client/renderer/block/model/ItemModelGenerator$1;
[22:05:58] [main/DEBUG]: Skipping Lnet/minecraft/client/renderer/block/model/FaceBakery;
[22:05:58] [main/DEBUG]: Skipping Lnet/minecraft/client/renderer/block/model/FaceBakery$1;
[22:05:58] [main/DEBUG]: Transforming class Lnet/minecraft/client/renderer/block/model/BlockModel;
[22:05:58] [main/DEBUG]: Transforming net/minecraft/client/renderer/block/model/BlockModel FIELD f_111424_ to access PUBLIC and LEAVE
[22:05:58] [main/DEBUG]: Transforming net/minecraft/client/renderer/block/model/BlockModel FIELD f_111417_ to access PUBLIC and LEAVE
[22:05:58] [main/DEBUG]: Transforming net/minecraft/client/renderer/block/model/BlockModel FIELD f_111418_ to access PUBLIC and LEAVE
[22:05:58] [main/DEBUG]: Transforming net/minecraft/client/renderer/block/model/BlockModel METHOD m_111437_(Lnet/minecraft/client/renderer/block/model/BlockElement;Lnet/minecraft/client/renderer/block/model/BlockElementFace;Lnet/minecraft/client/renderer/texture/TextureAtlasSprite;Lnet/minecraft/core/Direction;Lnet/minecraft/client/resources/model/ModelState;Lnet/minecraft/resources/ResourceLocation;)Lnet/minecraft/client/renderer/block/model/BakedQuad; to access PUBLIC and LEAVE
[22:05:58] [main/DEBUG]: Skipping Lnet/minecraft/client/renderer/block/model/BlockModel$LoopException;
[22:05:58] [main/DEBUG]: Skipping Lnet/minecraft/client/renderer/block/model/BlockModel$GuiLight;
[22:05:58] [main/DEBUG]: Skipping Lnet/minecraft/client/renderer/block/model/BlockModel$Deserializer;
[22:05:58] [main/DEBUG]: Transforming class Lnet/minecraft/client/renderer/block/model/BlockElementFace;
[22:05:58] [main/DEBUG]: Transforming net/minecraft/client/renderer/block/model/BlockElementFace INNERCLASS Deserializer to access PUBLIC and LEAVE
[22:05:58] [main/DEBUG]: Transforming class Lnet/minecraft/client/renderer/block/model/BlockElementFace$Deserializer;
[22:05:58] [main/DEBUG]: Transforming net/minecraft/client/renderer/block/model/BlockElementFace$Deserializer CLASS to access PUBLIC and LEAVE
[22:05:58] [main/DEBUG]: Transforming net/minecraft/client/renderer/block/model/BlockElementFace$Deserializer METHOD <init>()V to access PUBLIC and LEAVE
[22:05:58] [main/DEBUG]: Transforming class Lnet/minecraft/client/renderer/block/model/BlockElement;
[22:05:58] [main/DEBUG]: Transforming net/minecraft/client/renderer/block/model/BlockElement INNERCLASS Deserializer to access PUBLIC and LEAVE
[22:05:58] [main/DEBUG]: Transforming net/minecraft/client/renderer/block/model/BlockElement METHOD m_111320_(Lnet/minecraft/core/Direction;)[F to access PUBLIC and LEAVE
[22:05:58] [main/DEBUG]: Transforming class Lnet/minecraft/client/renderer/block/model/BlockElement$Deserializer;
[22:05:58] [main/DEBUG]: Transforming net/minecraft/client/renderer/block/model/BlockElement$Deserializer CLASS to access PUBLIC and LEAVE
[22:05:58] [main/DEBUG]: Transforming net/minecraft/client/renderer/block/model/BlockElement$Deserializer METHOD <init>()V to access PUBLIC and LEAVE
[22:05:58] [main/DEBUG]: Skipping Lnet/minecraft/client/renderer/block/model/BlockElement$1;
[22:05:58] [main/DEBUG]: Skipping Lnet/minecraft/client/renderer/block/model/BakedQuad;
[22:05:58] [main/DEBUG]: Skipping Lnet/minecraft/client/renderer/block/ModelBlockRenderer;
[22:05:58] [main/DEBUG]: Skipping Lnet/minecraft/client/renderer/block/ModelBlockRenderer$SizeInfo;
[22:05:58] [main/DEBUG]: Skipping Lnet/minecraft/client/renderer/block/ModelBlockRenderer$Cache;
[22:05:58] [main/DEBUG]: Skipping Lnet/minecraft/client/renderer/block/ModelBlockRenderer$Cache$2;
[22:05:58] [main/DEBUG]: Skipping Lnet/minecraft/client/renderer/block/ModelBlockRenderer$Cache$1;
[22:05:58] [main/DEBUG]: Skipping Lnet/minecraft/client/renderer/block/ModelBlockRenderer$AmbientVertexRemap;
[22:05:58] [main/DEBUG]: Skipping Lnet/minecraft/client/renderer/block/ModelBlockRenderer$AmbientOcclusionFace;
[22:05:58] [main/DEBUG]: Skipping Lnet/minecraft/client/renderer/block/ModelBlockRenderer$AdjacencyInfo;
[22:05:58] [main/DEBUG]: Skipping Lnet/minecraft/client/renderer/block/ModelBlockRenderer$1;
[22:05:58] [main/DEBUG]: Skipping Lnet/minecraft/client/renderer/block/LiquidBlockRenderer;
[22:05:58] [main/DEBUG]: Skipping Lnet/minecraft/client/renderer/block/LiquidBlockRenderer$1;
[22:05:58] [main/DEBUG]: Skipping Lnet/minecraft/client/renderer/block/BlockRenderDispatcher;
[22:05:58] [main/DEBUG]: Skipping Lnet/minecraft/client/renderer/block/BlockRenderDispatcher$1;
[22:05:58] [main/DEBUG]: Skipping Lnet/minecraft/client/renderer/block/BlockModelShaper;
[22:05:58] [main/DEBUG]: Skipping Lnet/minecraft/client/renderer/VirtualScreen;
[22:05:58] [main/DEBUG]: Skipping Lnet/minecraft/client/renderer/ViewArea;
[22:05:58] [main/DEBUG]: Skipping Lnet/minecraft/client/renderer/RunningTrimmedMean;
[22:05:58] [main/DEBUG]: Transforming class Lnet/minecraft/client/renderer/RenderStateShard;
[22:05:58] [main/DEBUG]: Transforming net/minecraft/client/renderer/RenderStateShard INNERCLASS TextureStateShard to access PUBLIC and LEAVE
[22:05:58] [main/DEBUG]: Transforming net/minecraft/client/renderer/RenderStateShard INNERCLASS LayeringStateShard to access PUBLIC and LEAVE
[22:05:58] [main/DEBUG]: Transforming net/minecraft/client/renderer/RenderStateShard INNERCLASS EmptyTextureStateShard to access PUBLIC and LEAVE
[22:05:58] [main/DEBUG]: Transforming net/minecraft/client/renderer/RenderStateShard INNERCLASS WriteMaskStateShard to access PUBLIC and LEAVE
[22:05:58] [main/DEBUG]: Transforming net/minecraft/client/renderer/RenderStateShard INNERCLASS TransparencyStateShard to access PUBLIC and LEAVE
[22:05:58] [main/DEBUG]: Transforming net/minecraft/client/renderer/RenderStateShard INNERCLASS OverlayStateShard to access PUBLIC and LEAVE
[22:05:58] [main/DEBUG]: Transforming net/minecraft/client/renderer/RenderStateShard INNERCLASS OutputStateShard to access PUBLIC and LEAVE
[22:05:58] [main/DEBUG]: Transforming net/minecraft/client/renderer/RenderStateShard INNERCLASS MultiTextureStateShard to access PUBLIC and LEAVE
[22:05:58] [main/DEBUG]: Transforming net/minecraft/client/renderer/RenderStateShard INNERCLASS CullStateShard to access PUBLIC and LEAVE
[22:05:58] [main/DEBUG]: Transforming net/minecraft/client/renderer/RenderStateShard INNERCLASS ShaderStateShard to access PUBLIC and LEAVE
[22:05:58] [main/DEBUG]: Transforming net/minecraft/client/renderer/RenderStateShard INNERCLASS LightmapStateShard to access PUBLIC and LEAVE
[22:05:58] [main/DEBUG]: Transforming net/minecraft/client/renderer/RenderStateShard INNERCLASS DepthTestStateShard to access PUBLIC and LEAVE
[22:05:58] [main/DEBUG]: Transforming net/minecraft/client/renderer/RenderStateShard INNERCLASS TexturingStateShard to access PUBLIC and LEAVE
[22:05:58] [main/DEBUG]: Transforming net/minecraft/client/renderer/RenderStateShard INNERCLASS OffsetTexturingStateShard to access PUBLIC and LEAVE
[22:05:58] [main/DEBUG]: Transforming net/minecraft/client/renderer/RenderStateShard INNERCLASS BooleanStateShard to access PUBLIC and LEAVE
[22:05:58] [main/DEBUG]: Transforming net/minecraft/client/renderer/RenderStateShard FIELD f_110131_ to access PROTECTED and REMOVEFINAL
[22:05:58] [main/DEBUG]: Transforming class Lnet/minecraft/client/renderer/RenderStateShard$WriteMaskStateShard;
[22:05:58] [main/DEBUG]: Transforming net/minecraft/client/renderer/RenderStateShard$WriteMaskStateShard CLASS to access PUBLIC and LEAVE
[22:05:58] [main/DEBUG]: Transforming class Lnet/minecraft/client/renderer/RenderStateShard$TransparencyStateShard;
[22:05:58] [main/DEBUG]: Transforming net/minecraft/client/renderer/RenderStateShard$TransparencyStateShard CLASS to access PUBLIC and LEAVE
[22:05:58] [main/DEBUG]: Transforming class Lnet/minecraft/client/renderer/RenderStateShard$TexturingStateShard;
[22:05:58] [main/DEBUG]: Transforming net/minecraft/client/renderer/RenderStateShard$TexturingStateShard CLASS to access PUBLIC and LEAVE
[22:05:58] [main/DEBUG]: Transforming class Lnet/minecraft/client/renderer/RenderStateShard$TextureStateShard;
[22:05:58] [main/DEBUG]: Transforming net/minecraft/client/renderer/RenderStateShard$TextureStateShard CLASS to access PUBLIC and LEAVE
[22:05:58] [main/DEBUG]: Transforming net/minecraft/client/renderer/RenderStateShard$TextureStateShard FIELD f_110329_ to access PROTECTED and REMOVEFINAL
[22:05:58] [main/DEBUG]: Transforming net/minecraft/client/renderer/RenderStateShard$TextureStateShard FIELD f_110330_ to access PROTECTED and REMOVEFINAL
[22:05:58] [main/DEBUG]: Transforming class Lnet/minecraft/client/renderer/RenderStateShard$ShaderStateShard;
[22:05:58] [main/DEBUG]: Transforming net/minecraft/client/renderer/RenderStateShard$ShaderStateShard CLASS to access PUBLIC and LEAVE
[22:05:58] [main/DEBUG]: Transforming class Lnet/minecraft/client/renderer/RenderStateShard$OverlayStateShard;
[22:05:58] [main/DEBUG]: Transforming net/minecraft/client/renderer/RenderStateShard$OverlayStateShard CLASS to access PUBLIC and LEAVE
[22:05:58] [main/DEBUG]: Transforming class Lnet/minecraft/client/renderer/RenderStateShard$OutputStateShard;
[22:05:58] [main/DEBUG]: Transforming net/minecraft/client/renderer/RenderStateShard$OutputStateShard CLASS to access PUBLIC and LEAVE
[22:05:58] [main/DEBUG]: Transforming class Lnet/minecraft/client/renderer/RenderStateShard$OffsetTexturingStateShard;
[22:05:58] [main/DEBUG]: Transforming net/minecraft/client/renderer/RenderStateShard$OffsetTexturingStateShard CLASS to access PUBLIC and LEAVE
[22:05:58] [main/DEBUG]: Transforming class Lnet/minecraft/client/renderer/RenderStateShard$MultiTextureStateShard;
[22:05:58] [main/DEBUG]: Transforming net/minecraft/client/renderer/RenderStateShard$MultiTextureStateShard CLASS to access PUBLIC and LEAVE
[22:05:58] [main/DEBUG]: Skipping Lnet/minecraft/client/renderer/RenderStateShard$MultiTextureStateShard$Builder;
[22:05:58] [main/DEBUG]: Skipping Lnet/minecraft/client/renderer/RenderStateShard$LineStateShard;
[22:05:58] [main/DEBUG]: Transforming class Lnet/minecraft/client/renderer/RenderStateShard$LightmapStateShard;
[22:05:58] [main/DEBUG]: Transforming net/minecraft/client/renderer/RenderStateShard$LightmapStateShard CLASS to access PUBLIC and LEAVE
[22:05:58] [main/DEBUG]: Transforming class Lnet/minecraft/client/renderer/RenderStateShard$LayeringStateShard;
[22:05:58] [main/DEBUG]: Transforming net/minecraft/client/renderer/RenderStateShard$LayeringStateShard CLASS to access PUBLIC and LEAVE
[22:05:58] [main/DEBUG]: Transforming class Lnet/minecraft/client/renderer/RenderStateShard$EmptyTextureStateShard;
[22:05:58] [main/DEBUG]: Transforming net/minecraft/client/renderer/RenderStateShard$EmptyTextureStateShard CLASS to access PUBLIC and LEAVE
[22:05:58] [main/DEBUG]: Transforming class Lnet/minecraft/client/renderer/RenderStateShard$DepthTestStateShard;
[22:05:58] [main/DEBUG]: Transforming net/minecraft/client/renderer/RenderStateShard$DepthTestStateShard CLASS to access PUBLIC and LEAVE
[22:05:58] [main/DEBUG]: Transforming class Lnet/minecraft/client/renderer/RenderStateShard$CullStateShard;
[22:05:58] [main/DEBUG]: Transforming net/minecraft/client/renderer/RenderStateShard$CullStateShard CLASS to access PUBLIC and LEAVE
[22:05:58] [main/DEBUG]: Skipping Lnet/minecraft/client/renderer/RenderStateShard$ColorLogicStateShard;
[22:05:58] [main/DEBUG]: Transforming class Lnet/minecraft/client/renderer/RenderStateShard$BooleanStateShard;
[22:05:58] [main/DEBUG]: Transforming net/minecraft/client/renderer/RenderStateShard$BooleanStateShard CLASS to access PUBLIC and LEAVE
[22:05:58] [main/DEBUG]: Skipping Lnet/minecraft/client/renderer/RenderBuffers;
[22:05:58] [main/DEBUG]: Skipping Lnet/minecraft/client/renderer/Rect2i;
[22:05:58] [main/DEBUG]: Skipping Lnet/minecraft/client/renderer/PostPass;
[22:05:58] [main/DEBUG]: Skipping Lnet/minecraft/client/renderer/PanoramaRenderer;
[22:05:58] [main/DEBUG]: Skipping Lnet/minecraft/client/renderer/OutlineBufferSource;
[22:05:58] [main/DEBUG]: Skipping Lnet/minecraft/client/renderer/OutlineBufferSource$EntityOutlineGenerator;
[22:05:58] [main/DEBUG]: Skipping Lnet/minecraft/client/renderer/MultiBufferSource;
[22:05:58] [main/DEBUG]: Skipping Lnet/minecraft/client/renderer/MultiBufferSource$BufferSource;
[22:05:58] [main/DEBUG]: Skipping Lnet/minecraft/client/renderer/GpuWarnlistManager;
[22:05:58] [main/DEBUG]: Skipping Lnet/minecraft/client/renderer/GpuWarnlistManager$Preparations;
[22:05:58] [main/DEBUG]: Skipping Lnet/minecraft/client/renderer/FaceInfo;
[22:05:58] [main/DEBUG]: Skipping Lnet/minecraft/client/renderer/FaceInfo$VertexInfo;
[22:05:58] [main/DEBUG]: Skipping Lnet/minecraft/client/renderer/FaceInfo$Constants;
[22:05:58] [main/DEBUG]: Skipping Lnet/minecraft/client/renderer/CubeMap;
[22:05:58] [main/DEBUG]: Skipping Lnet/minecraft/client/renderer/ChunkBufferBuilderPack;
[22:05:58] [main/DEBUG]: Skipping Lnet/minecraft/client/renderer/BlockEntityWithoutLevelRenderer;
[22:05:58] [main/DEBUG]: Skipping Lnet/minecraft/client/renderer/BiomeColors;
[22:05:58] [main/DEBUG]: Skipping Lnet/minecraft/client/renderer/SpriteCoordinateExpander;
[22:05:58] [main/DEBUG]: Skipping Lnet/minecraft/client/renderer/Sheets;
[22:05:58] [main/DEBUG]: Skipping Lnet/minecraft/client/renderer/Sheets$1;
[22:05:58] [main/DEBUG]: Skipping Lnet/minecraft/client/renderer/ShaderInstance;
[22:05:58] [main/DEBUG]: Skipping Lnet/minecraft/client/renderer/ShaderInstance$1;
[22:05:58] [main/DEBUG]: Skipping Lnet/minecraft/client/renderer/ScreenEffectRenderer;
[22:05:58] [main/DEBUG]: Transforming class Lnet/minecraft/client/renderer/RenderType;
[22:05:58] [main/DEBUG]: Transforming net/minecraft/client/renderer/RenderType INNERCLASS CompositeState to access PUBLIC and LEAVE
[22:05:58] [main/DEBUG]: Transforming net/minecraft/client/renderer/RenderType METHOD m_173215_(Ljava/lang/String;Lcom/mojang/blaze3d/vertex/VertexFormat;Lcom/mojang/blaze3d/vertex/VertexFormat$Mode;IZZLnet/minecraft/client/renderer/RenderType$CompositeState;)Lnet/minecraft/client/renderer/RenderType$CompositeRenderType; to access PUBLIC and LEAVE
[22:05:58] [main/DEBUG]: Skipping Lnet/minecraft/client/renderer/RenderType$OutlineProperty;
[22:05:58] [main/DEBUG]: Transforming class Lnet/minecraft/client/renderer/RenderType$CompositeState;
[22:05:58] [main/DEBUG]: Transforming net/minecraft/client/renderer/RenderType$CompositeState CLASS to access PUBLIC and LEAVE
[22:05:58] [main/DEBUG]: Skipping Lnet/minecraft/client/renderer/RenderType$CompositeState$CompositeStateBuilder;
[22:05:58] [main/DEBUG]: Skipping Lnet/minecraft/client/renderer/RenderType$CompositeRenderType;
[22:05:58] [main/DEBUG]: Skipping Lnet/minecraft/client/renderer/PostChain;
[22:05:58] [main/DEBUG]: Skipping Lnet/minecraft/client/renderer/LightTexture;
[22:05:58] [main/DEBUG]: Transforming class Lnet/minecraft/client/renderer/LevelRenderer;
[22:05:58] [main/DEBUG]: Transforming net/minecraft/client/renderer/LevelRenderer METHOD m_109817_()Z to access PUBLIC and LEAVE
[22:05:58] [main/DEBUG]: Skipping Lnet/minecraft/client/renderer/LevelRenderer$TransparencyShaderException;
[22:05:58] [main/DEBUG]: Skipping Lnet/minecraft/client/renderer/LevelRenderer$RenderInfoMap;
[22:05:58] [main/DEBUG]: Skipping Lnet/minecraft/client/renderer/LevelRenderer$RenderChunkStorage;
[22:05:58] [main/DEBUG]: Skipping Lnet/minecraft/client/renderer/LevelRenderer$RenderChunkInfo;
[22:05:58] [main/DEBUG]: Skipping Lnet/minecraft/client/renderer/ItemModelShaper;
[22:05:58] [main/DEBUG]: Skipping Lnet/minecraft/client/renderer/ItemInHandRenderer;
[22:05:58] [main/DEBUG]: Skipping Lnet/minecraft/client/renderer/ItemInHandRenderer$HandRenderSelection;
[22:05:58] [main/DEBUG]: Skipping Lnet/minecraft/client/renderer/ItemInHandRenderer$1;
[22:05:58] [main/DEBUG]: Skipping Lnet/minecraft/client/renderer/ItemBlockRenderTypes;
[22:05:58] [main/DEBUG]: Transforming class Lnet/minecraft/client/renderer/GameRenderer;
[22:05:58] [main/DEBUG]: Transforming net/minecraft/client/renderer/GameRenderer METHOD m_109128_(Lnet/minecraft/resources/ResourceLocation;)V to access PUBLIC and LEAVE
[22:05:58] [main/DEBUG]: Skipping Lnet/minecraft/client/renderer/GameRenderer$ResourceCache;
[22:05:58] [main/DEBUG]: Skipping Lnet/minecraft/client/renderer/GameRenderer$1;
[22:05:58] [main/DEBUG]: Skipping Lnet/minecraft/client/renderer/FogRenderer;
[22:05:58] [main/DEBUG]: Skipping Lnet/minecraft/client/renderer/FogRenderer$MobEffectFogFunction;
[22:05:58] [main/DEBUG]: Skipping Lnet/minecraft/client/renderer/FogRenderer$FogMode;
[22:05:58] [main/DEBUG]: Skipping Lnet/minecraft/client/renderer/FogRenderer$FogData;
[22:05:58] [main/DEBUG]: Skipping Lnet/minecraft/client/renderer/FogRenderer$DarknessFogFunction;
[22:05:58] [main/DEBUG]: Skipping Lnet/minecraft/client/renderer/FogRenderer$BlindnessFogFunction;
[22:05:58] [main/DEBUG]: Skipping Lnet/minecraft/client/renderer/EffectInstance;
[22:05:58] [main/DEBUG]: Skipping Lnet/minecraft/client/renderer/DimensionSpecialEffects;
[22:05:58] [main/DEBUG]: Skipping Lnet/minecraft/client/renderer/DimensionSpecialEffects$SkyType;
[22:05:58] [main/DEBUG]: Skipping Lnet/minecraft/client/renderer/DimensionSpecialEffects$OverworldEffects;
[22:05:58] [main/DEBUG]: Skipping Lnet/minecraft/client/renderer/DimensionSpecialEffects$NetherEffects;
[22:05:58] [main/DEBUG]: Skipping Lnet/minecraft/client/renderer/DimensionSpecialEffects$EndEffects;
[22:05:58] [main/DEBUG]: Skipping Lnet/minecraft/client/quickplay/package-info;
[22:05:58] [main/DEBUG]: Skipping Lnet/minecraft/client/quickplay/QuickPlayLog;
[22:05:58] [main/DEBUG]: Skipping Lnet/minecraft/client/quickplay/QuickPlayLog$Type;
[22:05:58] [main/DEBUG]: Skipping Lnet/minecraft/client/quickplay/QuickPlayLog$QuickPlayWorld;
[22:05:58] [main/DEBUG]: Skipping Lnet/minecraft/client/quickplay/QuickPlayLog$QuickPlayEntry;
[22:05:58] [main/DEBUG]: Skipping Lnet/minecraft/client/quickplay/QuickPlayLog$1;
[22:05:58] [main/DEBUG]: Skipping Lnet/minecraft/client/quickplay/QuickPlay;
[22:05:58] [main/DEBUG]: Skipping Lnet/minecraft/client/profiling/package-info;
[22:05:58] [main/DEBUG]: Skipping Lnet/minecraft/client/profiling/ClientMetricsSamplersProvider;
[22:05:58] [main/DEBUG]: Skipping Lnet/minecraft/client/player/package-info;
[22:05:58] [main/DEBUG]: Skipping Lnet/minecraft/client/player/inventory/package-info;
[22:05:58] [main/DEBUG]: Skipping Lnet/minecraft/client/player/inventory/Hotbar;
[22:05:58] [main/DEBUG]: Skipping Lnet/minecraft/client/player/KeyboardInput;
[22:05:58] [main/DEBUG]: Skipping Lnet/minecraft/client/player/Input;
[22:05:58] [main/DEBUG]: Skipping Lnet/minecraft/client/player/RemotePlayer;
[22:05:58] [main/DEBUG]: Transforming class Lnet/minecraft/client/player/LocalPlayer;
[22:05:58] [main/DEBUG]: Transforming net/minecraft/client/player/LocalPlayer METHOD m_8088_()I to access PUBLIC and LEAVE
[22:05:58] [main/DEBUG]: Skipping Lnet/minecraft/client/player/AbstractClientPlayer;
[22:05:58] [main/DEBUG]: Skipping Lnet/minecraft/client/particle/package-info;
[22:05:58] [main/DEBUG]: Skipping Lnet/minecraft/client/particle/WhiteAshParticle;
[22:05:58] [main/DEBUG]: Skipping Lnet/minecraft/client/particle/WhiteAshParticle$Provider;
[22:05:58] [main/DEBUG]: Skipping Lnet/minecraft/client/particle/WaterDropParticle;
[22:05:58] [main/DEBUG]: Skipping Lnet/minecraft/client/particle/WaterDropParticle$Provider;
[22:05:58] [main/DEBUG]: Skipping Lnet/minecraft/client/particle/WaterCurrentDownParticle;
[22:05:58] [main/DEBUG]: Skipping Lnet/minecraft/client/particle/WaterCurrentDownParticle$Provider;
[22:05:58] [main/DEBUG]: Skipping Lnet/minecraft/client/particle/WakeParticle;
[22:05:58] [main/DEBUG]: Skipping Lnet/minecraft/client/particle/WakeParticle$Provider;
[22:05:58] [main/DEBUG]: Skipping Lnet/minecraft/client/particle/TrackingEmitter;
[22:05:58] [main/DEBUG]: Skipping Lnet/minecraft/client/particle/TotemParticle;
[22:05:58] [main/DEBUG]: Skipping Lnet/minecraft/client/particle/TotemParticle$Provider;
[22:05:58] [main/DEBUG]: Skipping Lnet/minecraft/client/particle/TextureSheetParticle;
[22:05:58] [main/DEBUG]: Skipping Lnet/minecraft/client/particle/SuspendedTownParticle;
[22:05:58] [main/DEBUG]: Skipping Lnet/minecraft/client/particle/SuspendedTownParticle$Provider;
[22:05:58] [main/DEBUG]: Skipping Lnet/minecraft/client/particle/SuspendedTownParticle$HappyVillagerProvider;
[22:05:58] [main/DEBUG]: Skipping Lnet/minecraft/client/particle/SuspendedTownParticle$EggCrackProvider;
[22:05:58] [main/DEBUG]: Skipping Lnet/minecraft/client/particle/SuspendedTownParticle$DolphinSpeedProvider;
[22:05:58] [main/DEBUG]: Skipping Lnet/minecraft/client/particle/SuspendedTownParticle$ComposterFillProvider;
[22:05:58] [main/DEBUG]: Skipping Lnet/minecraft/client/particle/SuspendedParticle;
[22:05:58] [main/DEBUG]: Skipping Lnet/minecraft/client/particle/SuspendedParticle$WarpedSporeProvider;
[22:05:58] [main/DEBUG]: Skipping Lnet/minecraft/client/particle/SuspendedParticle$UnderwaterProvider;
[22:05:58] [main/DEBUG]: Skipping Lnet/minecraft/client/particle/SuspendedParticle$SporeBlossomAirProvider;
[22:05:58] [main/DEBUG]: Skipping Lnet/minecraft/client/particle/SuspendedParticle$SporeBlossomAirProvider$1;
[22:05:58] [main/DEBUG]: Skipping Lnet/minecraft/client/particle/SuspendedParticle$CrimsonSporeProvider;
[22:05:58] [main/DEBUG]: Skipping Lnet/minecraft/client/particle/SquidInkParticle;
[22:05:58] [main/DEBUG]: Skipping Lnet/minecraft/client/particle/SquidInkParticle$Provider;
[22:05:58] [main/DEBUG]: Skipping Lnet/minecraft/client/particle/SquidInkParticle$GlowInkProvider;
[22:05:58] [main/DEBUG]: Skipping Lnet/minecraft/client/particle/SpriteSet;
[22:05:58] [main/DEBUG]: Skipping Lnet/minecraft/client/particle/SplashParticle;
[22:05:58] [main/DEBUG]: Skipping Lnet/minecraft/client/particle/SplashParticle$Provider;
[22:05:58] [main/DEBUG]: Skipping Lnet/minecraft/client/particle/SpitParticle;
[22:05:58] [main/DEBUG]: Skipping Lnet/minecraft/client/particle/SpitParticle$Provider;
[22:05:58] [main/DEBUG]: Skipping Lnet/minecraft/client/particle/SpellParticle;
[22:05:58] [main/DEBUG]: Skipping Lnet/minecraft/client/particle/SpellParticle$WitchProvider;
[22:05:58] [main/DEBUG]: Skipping Lnet/minecraft/client/particle/SpellParticle$Provider;
[22:05:58] [main/DEBUG]: Skipping Lnet/minecraft/client/particle/SpellParticle$MobProvider;
[22:05:58] [main/DEBUG]: Skipping Lnet/minecraft/client/particle/SpellParticle$InstantProvider;
[22:05:58] [main/DEBUG]: Skipping Lnet/minecraft/client/particle/SpellParticle$AmbientMobProvider;
[22:05:58] [main/DEBUG]: Skipping Lnet/minecraft/client/particle/SoulParticle;
[22:05:58] [main/DEBUG]: Skipping Lnet/minecraft/client/particle/SoulParticle$Provider;
[22:05:58] [main/DEBUG]: Skipping Lnet/minecraft/client/particle/SoulParticle$EmissiveProvider;
[22:05:58] [main/DEBUG]: Skipping Lnet/minecraft/client/particle/SonicBoomParticle;
[22:05:58] [main/DEBUG]: Skipping Lnet/minecraft/client/particle/SonicBoomParticle$Provider;
[22:05:58] [main/DEBUG]: Skipping Lnet/minecraft/client/particle/SnowflakeParticle;
[22:05:58] [main/DEBUG]: Skipping Lnet/minecraft/client/particle/SnowflakeParticle$Provider;
[22:05:58] [main/DEBUG]: Skipping Lnet/minecraft/client/particle/SmokeParticle;
[22:05:58] [main/DEBUG]: Skipping Lnet/minecraft/client/particle/SmokeParticle$Provider;
[22:05:58] [main/DEBUG]: Skipping Lnet/minecraft/client/particle/SingleQuadParticle;
[22:05:58] [main/DEBUG]: Skipping Lnet/minecraft/client/particle/SimpleAnimatedParticle;
[22:05:58] [main/DEBUG]: Skipping Lnet/minecraft/client/particle/ShriekParticle;
[22:05:58] [main/DEBUG]: Skipping Lnet/minecraft/client/particle/ShriekParticle$Provider;
[22:05:58] [main/DEBUG]: Skipping Lnet/minecraft/client/particle/SculkChargePopParticle;
[22:05:58] [main/DEBUG]: Skipping Lnet/minecraft/client/particle/SculkChargePopParticle$Provider;
[22:05:58] [main/DEBUG]: Skipping Lnet/minecraft/client/particle/SculkChargeParticle;
[22:05:58] [main/DEBUG]: Skipping Lnet/minecraft/client/particle/SculkChargeParticle$Provider;
[22:05:58] [main/DEBUG]: Skipping Lnet/minecraft/client/particle/RisingParticle;
[22:05:58] [main/DEBUG]: Skipping Lnet/minecraft/client/particle/PlayerCloudParticle;
[22:05:58] [main/DEBUG]: Skipping Lnet/minecraft/client/particle/PlayerCloudParticle$SneezeProvider;
[22:05:58] [main/DEBUG]: Skipping Lnet/minecraft/client/particle/PlayerCloudParticle$Provider;
[22:05:58] [main/DEBUG]: Skipping Lnet/minecraft/client/particle/ParticleRenderType;
[22:05:58] [main/DEBUG]: Skipping Lnet/minecraft/client/particle/ParticleRenderType$6;
[22:05:58] [main/DEBUG]: Skipping Lnet/minecraft/client/particle/ParticleRenderType$5;
[22:05:58] [main/DEBUG]: Skipping Lnet/minecraft/client/particle/ParticleRenderType$4;
[22:05:58] [main/DEBUG]: Skipping Lnet/minecraft/client/particle/ParticleRenderType$3;
[22:05:58] [main/DEBUG]: Skipping Lnet/minecraft/client/particle/ParticleRenderType$2;
[22:05:58] [main/DEBUG]: Skipping Lnet/minecraft/client/particle/ParticleRenderType$1;
[22:05:58] [main/DEBUG]: Skipping Lnet/minecraft/client/particle/ParticleProvider;
[22:05:58] [main/DEBUG]: Skipping Lnet/minecraft/client/particle/ParticleProvider$Sprite;
[22:05:58] [main/DEBUG]: Skipping Lnet/minecraft/client/particle/ParticleDescription;
[22:05:58] [main/DEBUG]: Skipping Lnet/minecraft/client/particle/NoteParticle;
[22:05:58] [main/DEBUG]: Skipping Lnet/minecraft/client/particle/NoteParticle$Provider;
[22:05:58] [main/DEBUG]: Skipping Lnet/minecraft/client/particle/NoRenderParticle;
[22:05:58] [main/DEBUG]: Skipping Lnet/minecraft/client/particle/MobAppearanceParticle;
[22:05:58] [main/DEBUG]: Skipping Lnet/minecraft/client/particle/MobAppearanceParticle$Provider;
[22:05:58] [main/DEBUG]: Skipping Lnet/minecraft/client/particle/LavaParticle;
[22:05:58] [main/DEBUG]: Skipping Lnet/minecraft/client/particle/LavaParticle$Provider;
[22:05:58] [main/DEBUG]: Skipping Lnet/minecraft/client/particle/LargeSmokeParticle;
[22:05:58] [main/DEBUG]: Skipping Lnet/minecraft/client/particle/LargeSmokeParticle$Provider;
[22:05:58] [main/DEBUG]: Skipping Lnet/minecraft/client/particle/ItemPickupParticle;
[22:05:58] [main/DEBUG]: Skipping Lnet/minecraft/client/particle/HugeExplosionSeedParticle;
[22:05:58] [main/DEBUG]: Skipping Lnet/minecraft/client/particle/HugeExplosionSeedParticle$Provider;
[22:05:58] [main/DEBUG]: Skipping Lnet/minecraft/client/particle/HugeExplosionParticle;
[22:05:58] [main/DEBUG]: Skipping Lnet/minecraft/client/particle/HugeExplosionParticle$Provider;
[22:05:58] [main/DEBUG]: Skipping Lnet/minecraft/client/particle/HeartParticle;
[22:05:58] [main/DEBUG]: Skipping Lnet/minecraft/client/particle/HeartParticle$Provider;
[22:05:58] [main/DEBUG]: Skipping Lnet/minecraft/client/particle/HeartParticle$AngryVillagerProvider;
[22:05:58] [main/DEBUG]: Skipping Lnet/minecraft/client/particle/GlowParticle;
[22:05:58] [main/DEBUG]: Skipping Lnet/minecraft/client/particle/GlowParticle$WaxOnProvider;
[22:05:58] [main/DEBUG]: Skipping Lnet/minecraft/client/particle/GlowParticle$WaxOffProvider;
[22:05:58] [main/DEBUG]: Skipping Lnet/minecraft/client/particle/GlowParticle$ScrapeProvider;
[22:05:58] [main/DEBUG]: Skipping Lnet/minecraft/client/particle/GlowParticle$GlowSquidProvider;
[22:05:58] [main/DEBUG]: Skipping Lnet/minecraft/client/particle/GlowParticle$ElectricSparkProvider;
[22:05:58] [main/DEBUG]: Skipping Lnet/minecraft/client/particle/FlameParticle;
[22:05:58] [main/DEBUG]: Skipping Lnet/minecraft/client/particle/FlameParticle$SmallFlameProvider;
[22:05:58] [main/DEBUG]: Skipping Lnet/minecraft/client/particle/FlameParticle$Provider;
[22:05:58] [main/DEBUG]: Skipping Lnet/minecraft/client/particle/FallingDustParticle;
[22:05:58] [main/DEBUG]: Skipping Lnet/minecraft/client/particle/FallingDustParticle$Provider;
[22:05:58] [main/DEBUG]: Skipping Lnet/minecraft/client/particle/ExplodeParticle;
[22:05:58] [main/DEBUG]: Skipping Lnet/minecraft/client/particle/ExplodeParticle$Provider;
[22:05:58] [main/DEBUG]: Skipping Lnet/minecraft/client/particle/EndRodParticle;
[22:05:58] [main/DEBUG]: Skipping Lnet/minecraft/client/particle/EndRodParticle$Provider;
[22:05:58] [main/DEBUG]: Skipping Lnet/minecraft/client/particle/DustParticleBase;
[22:05:58] [main/DEBUG]: Skipping Lnet/minecraft/client/particle/DustParticle;
[22:05:58] [main/DEBUG]: Skipping Lnet/minecraft/client/particle/DustParticle$Provider;
[22:05:58] [main/DEBUG]: Skipping Lnet/minecraft/client/particle/DustColorTransitionParticle;
[22:05:58] [main/DEBUG]: Skipping Lnet/minecraft/client/particle/DustColorTransitionParticle$Provider;
[22:05:58] [main/DEBUG]: Skipping Lnet/minecraft/client/particle/DripParticle;
[22:05:58] [main/DEBUG]: Skipping Lnet/minecraft/client/particle/DripParticle$HoneyFallAndLandParticle;
[22:05:58] [main/DEBUG]: Skipping Lnet/minecraft/client/particle/DripParticle$FallingParticle;
[22:05:58] [main/DEBUG]: Skipping Lnet/minecraft/client/particle/DripParticle$FallAndLandParticle;
[22:05:58] [main/DEBUG]: Skipping Lnet/minecraft/client/particle/DripParticle$DripstoneFallAndLandParticle;
[22:05:58] [main/DEBUG]: Skipping Lnet/minecraft/client/particle/DripParticle$DripLandParticle;
[22:05:58] [main/DEBUG]: Skipping Lnet/minecraft/client/particle/DripParticle$DripHangParticle;
[22:05:58] [main/DEBUG]: Skipping Lnet/minecraft/client/particle/DripParticle$CoolingDripHangParticle;
[22:05:58] [main/DEBUG]: Skipping Lnet/minecraft/client/particle/DragonBreathParticle;
[22:05:58] [main/DEBUG]: Skipping Lnet/minecraft/client/particle/DragonBreathParticle$Provider;
[22:05:58] [main/DEBUG]: Skipping Lnet/minecraft/client/particle/CritParticle;
[22:05:58] [main/DEBUG]: Skipping Lnet/minecraft/client/particle/CritParticle$Provider;
[22:05:58] [main/DEBUG]: Skipping Lnet/minecraft/client/particle/CritParticle$MagicProvider;
[22:05:58] [main/DEBUG]: Skipping Lnet/minecraft/client/particle/CritParticle$DamageIndicatorProvider;
[22:05:58] [main/DEBUG]: Skipping Lnet/minecraft/client/particle/CherryParticle;
[22:05:58] [main/DEBUG]: Skipping Lnet/minecraft/client/particle/CampfireSmokeParticle;
[22:05:58] [main/DEBUG]: Skipping Lnet/minecraft/client/particle/CampfireSmokeParticle$SignalProvider;
[22:05:58] [main/DEBUG]: Skipping Lnet/minecraft/client/particle/CampfireSmokeParticle$CosyProvider;
[22:05:58] [main/DEBUG]: Skipping Lnet/minecraft/client/particle/BubblePopParticle;
[22:05:58] [main/DEBUG]: Skipping Lnet/minecraft/client/particle/BubblePopParticle$Provider;
[22:05:58] [main/DEBUG]: Skipping Lnet/minecraft/client/particle/BubbleParticle;
[22:05:58] [main/DEBUG]: Skipping Lnet/minecraft/client/particle/BubbleParticle$Provider;
[22:05:58] [main/DEBUG]: Skipping Lnet/minecraft/client/particle/BubbleColumnUpParticle;
[22:05:58] [main/DEBUG]: Skipping Lnet/minecraft/client/particle/BubbleColumnUpParticle$Provider;
[22:05:58] [main/DEBUG]: Skipping Lnet/minecraft/client/particle/BlockMarker;
[22:05:58] [main/DEBUG]: Skipping Lnet/minecraft/client/particle/BlockMarker$Provider;
[22:05:58] [main/DEBUG]: Skipping Lnet/minecraft/client/particle/BaseAshSmokeParticle;
[22:05:58] [main/DEBUG]: Skipping Lnet/minecraft/client/particle/AttackSweepParticle;
[22:05:58] [main/DEBUG]: Skipping Lnet/minecraft/client/particle/AttackSweepParticle$Provider;
[22:05:58] [main/DEBUG]: Skipping Lnet/minecraft/client/particle/AshParticle;
[22:05:58] [main/DEBUG]: Skipping Lnet/minecraft/client/particle/AshParticle$Provider;
[22:05:58] [main/DEBUG]: Skipping Lnet/minecraft/client/particle/VibrationSignalParticle;
[22:05:58] [main/DEBUG]: Skipping Lnet/minecraft/client/particle/VibrationSignalParticle$Provider;
[22:05:58] [main/DEBUG]: Skipping Lnet/minecraft/client/particle/TerrainParticle;
[22:05:58] [main/DEBUG]: Skipping Lnet/minecraft/client/particle/TerrainParticle$Provider;
[22:05:58] [main/DEBUG]: Skipping Lnet/minecraft/client/particle/ReversePortalParticle;
[22:05:58] [main/DEBUG]: Skipping Lnet/minecraft/client/particle/ReversePortalParticle$ReversePortalProvider;
[22:05:58] [main/DEBUG]: Skipping Lnet/minecraft/client/particle/PortalParticle;
[22:05:58] [main/DEBUG]: Skipping Lnet/minecraft/client/particle/PortalParticle$Provider;
[22:05:58] [main/DEBUG]: Transforming class Lnet/minecraft/client/particle/ParticleEngine;
[22:05:58] [main/DEBUG]: Transforming net/minecraft/client/particle/ParticleEngine INNERCLASS SpriteParticleRegistration to access PUBLIC and LEAVE
[22:05:58] [main/DEBUG]: Transforming net/minecraft/client/particle/ParticleEngine METHOD m_107381_(Lnet/minecraft/core/particles/ParticleType;Lnet/minecraft/client/particle/ParticleProvider;)V to access PUBLIC and LEAVE
[22:05:58] [main/DEBUG]: Transforming net/minecraft/client/particle/ParticleEngine METHOD m_272137_(Lnet/minecraft/core/particles/ParticleType;Lnet/minecraft/client/particle/ParticleProvider$Sprite;)V to access PUBLIC and LEAVE
[22:05:58] [main/DEBUG]: Transforming net/minecraft/client/particle/ParticleEngine METHOD m_107378_(Lnet/minecraft/core/particles/ParticleType;Lnet/minecraft/client/particle/ParticleEngine$SpriteParticleRegistration;)V to access PUBLIC and LEAVE
[22:05:58] [main/DEBUG]: Transforming class Lnet/minecraft/client/particle/ParticleEngine$SpriteParticleRegistration;
[22:05:58] [main/DEBUG]: Transforming net/minecraft/client/particle/ParticleEngine$SpriteParticleRegistration CLASS to access PUBLIC and LEAVE
[22:05:58] [main/DEBUG]: Skipping Lnet/minecraft/client/particle/ParticleEngine$MutableSpriteSet;
[22:05:58] [main/DEBUG]: Skipping Lnet/minecraft/client/particle/ParticleEngine$1ParticleDefinition;
[22:05:58] [main/DEBUG]: Skipping Lnet/minecraft/client/particle/Particle;
[22:05:58] [main/DEBUG]: Skipping Lnet/minecraft/client/particle/FireworkParticles;
[22:05:58] [main/DEBUG]: Transforming class Lnet/minecraft/client/particle/FireworkParticles$Starter;
[22:05:58] [main/DEBUG]: Transforming net/minecraft/client/particle/FireworkParticles$Starter METHOD m_106767_(DDDDDD[I[IZZ)V to access PUBLIC and LEAVE
[22:05:58] [main/DEBUG]: Transforming net/minecraft/client/particle/FireworkParticles$Starter METHOD m_106778_(DI[I[IZZ)V to access PUBLIC and LEAVE
[22:05:58] [main/DEBUG]: Transforming net/minecraft/client/particle/FireworkParticles$Starter METHOD m_106785_(D[[D[I[IZZZ)V to access PUBLIC and LEAVE
[22:05:58] [main/DEBUG]: Transforming net/minecraft/client/particle/FireworkParticles$Starter METHOD m_106793_([I[IZZ)V to access PUBLIC and LEAVE
[22:05:58] [main/DEBUG]: Skipping Lnet/minecraft/client/particle/FireworkParticles$SparkProvider;
[22:05:58] [main/DEBUG]: Skipping Lnet/minecraft/client/particle/FireworkParticles$SparkParticle;
[22:05:58] [main/DEBUG]: Skipping Lnet/minecraft/client/particle/FireworkParticles$OverlayParticle;
[22:05:58] [main/DEBUG]: Skipping Lnet/minecraft/client/particle/FireworkParticles$FlashProvider;
[22:05:58] [main/DEBUG]: Skipping Lnet/minecraft/client/particle/FireworkParticles$1;
[22:05:58] [main/DEBUG]: Skipping Lnet/minecraft/client/particle/EnchantmentTableParticle;
[22:05:58] [main/DEBUG]: Skipping Lnet/minecraft/client/particle/EnchantmentTableParticle$Provider;
[22:05:58] [main/DEBUG]: Skipping Lnet/minecraft/client/particle/EnchantmentTableParticle$NautilusProvider;
[22:05:58] [main/DEBUG]: Skipping Lnet/minecraft/client/particle/BreakingItemParticle;
[22:05:58] [main/DEBUG]: Skipping Lnet/minecraft/client/particle/BreakingItemParticle$SnowballProvider;
[22:05:58] [main/DEBUG]: Skipping Lnet/minecraft/client/particle/BreakingItemParticle$SlimeProvider;
[22:05:58] [main/DEBUG]: Skipping Lnet/minecraft/client/particle/BreakingItemParticle$Provider;
[22:05:58] [main/DEBUG]: Skipping Lnet/minecraft/client/package-info;
[22:05:58] [main/DEBUG]: Skipping Lnet/minecraft/client/multiplayer/resolver/package-info;
[22:05:58] [main/DEBUG]: Skipping Lnet/minecraft/client/multiplayer/resolver/ServerRedirectHandler;
[22:05:58] [main/DEBUG]: Skipping Lnet/minecraft/client/multiplayer/resolver/ServerNameResolver;
[22:05:58] [main/DEBUG]: Skipping Lnet/minecraft/client/multiplayer/resolver/ServerAddressResolver;
[22:05:58] [main/DEBUG]: Skipping Lnet/minecraft/client/multiplayer/resolver/ServerAddress;
[22:05:58] [main/DEBUG]: Skipping Lnet/minecraft/client/multiplayer/resolver/ResolvedServerAddress;
[22:05:58] [main/DEBUG]: Skipping Lnet/minecraft/client/multiplayer/resolver/ResolvedServerAddress$1;
[22:05:58] [main/DEBUG]: Skipping Lnet/minecraft/client/multiplayer/resolver/AddressCheck;
[22:05:58] [main/DEBUG]: Skipping Lnet/minecraft/client/multiplayer/resolver/AddressCheck$1;
[22:05:58] [main/DEBUG]: Skipping Lnet/minecraft/client/multiplayer/prediction/package-info;
[22:05:58] [main/DEBUG]: Skipping Lnet/minecraft/client/multiplayer/prediction/PredictiveAction;
[22:05:58] [main/DEBUG]: Skipping Lnet/minecraft/client/multiplayer/prediction/BlockStatePredictionHandler;
[22:05:58] [main/DEBUG]: Skipping Lnet/minecraft/client/multiplayer/prediction/BlockStatePredictionHandler$ServerVerifiedState;
[22:05:58] [main/DEBUG]: Skipping Lnet/minecraft/client/multiplayer/package-info;
[22:05:58] [main/DEBUG]: Skipping Lnet/minecraft/client/multiplayer/chat/report/package-info;
[22:05:58] [main/DEBUG]: Skipping Lnet/minecraft/client/multiplayer/chat/report/ReportingContext;
[22:05:58] [main/DEBUG]: Skipping Lnet/minecraft/client/multiplayer/chat/report/ReportReason;
[22:05:58] [main/DEBUG]: Skipping Lnet/minecraft/client/multiplayer/chat/report/ReportEnvironment;
[22:05:58] [main/DEBUG]: Skipping Lnet/minecraft/client/multiplayer/chat/report/ReportEnvironment$Server;
[22:05:58] [main/DEBUG]: Skipping Lnet/minecraft/client/multiplayer/chat/report/ReportEnvironment$Server$ThirdParty;
[22:05:58] [main/DEBUG]: Skipping Lnet/minecraft/client/multiplayer/chat/report/ReportEnvironment$Server$Realm;
[22:05:58] [main/DEBUG]: Skipping Lnet/minecraft/client/multiplayer/chat/report/ChatReportContextBuilder;
[22:05:58] [main/DEBUG]: Skipping Lnet/minecraft/client/multiplayer/chat/report/ChatReportContextBuilder$Handler;
[22:05:58] [main/DEBUG]: Skipping Lnet/minecraft/client/multiplayer/chat/report/ChatReportContextBuilder$Collector;
[22:05:58] [main/DEBUG]: Skipping Lnet/minecraft/client/multiplayer/chat/report/ChatReportBuilder;
[22:05:58] [main/DEBUG]: Skipping Lnet/minecraft/client/multiplayer/chat/report/ChatReportBuilder$Result;
[22:05:58] [main/DEBUG]: Skipping Lnet/minecraft/client/multiplayer/chat/report/ChatReportBuilder$ChatReport;
[22:05:58] [main/DEBUG]: Skipping Lnet/minecraft/client/multiplayer/chat/report/ChatReportBuilder$CannotBuildReason;
[22:05:58] [main/DEBUG]: Skipping Lnet/minecraft/client/multiplayer/chat/report/BanReason;
[22:05:58] [main/DEBUG]: Skipping Lnet/minecraft/client/multiplayer/chat/report/AbuseReportSender;
[22:05:58] [main/DEBUG]: Skipping Lnet/minecraft/client/multiplayer/chat/report/AbuseReportSender$Services;
[22:05:58] [main/DEBUG]: Skipping Lnet/minecraft/client/multiplayer/chat/report/AbuseReportSender$SendException;
[22:05:58] [main/DEBUG]: Skipping Lnet/minecraft/client/multiplayer/chat/report/AbuseReportSender$1;
[22:05:58] [main/DEBUG]: Skipping Lnet/minecraft/client/multiplayer/chat/package-info;
[22:05:58] [main/DEBUG]: Skipping Lnet/minecraft/client/multiplayer/chat/LoggedChatMessage;
[22:05:58] [main/DEBUG]: Skipping Lnet/minecraft/client/multiplayer/chat/LoggedChatMessage$System;
[22:05:58] [main/DEBUG]: Skipping Lnet/minecraft/client/multiplayer/chat/LoggedChatMessage$Player;
[22:05:58] [main/DEBUG]: Skipping Lnet/minecraft/client/multiplayer/chat/LoggedChatEvent;
[22:05:58] [main/DEBUG]: Skipping Lnet/minecraft/client/multiplayer/chat/LoggedChatEvent$Type;
[22:05:58] [main/DEBUG]: Skipping Lnet/minecraft/client/multiplayer/chat/ChatTrustLevel;
[22:05:58] [main/DEBUG]: Skipping Lnet/minecraft/client/multiplayer/chat/ChatTrustLevel$1;
[22:05:58] [main/DEBUG]: Skipping Lnet/minecraft/client/multiplayer/chat/ChatLog;
[22:05:58] [main/DEBUG]: Skipping Lnet/minecraft/client/multiplayer/chat/ChatListener;
[22:05:58] [main/DEBUG]: Skipping Lnet/minecraft/client/multiplayer/chat/ChatListener$Message;
[22:05:58] [main/DEBUG]: Skipping Lnet/minecraft/client/multiplayer/ServerList;
[22:05:58] [main/DEBUG]: Skipping Lnet/minecraft/client/multiplayer/ProfileKeyPairManager;
[22:05:58] [main/DEBUG]: Skipping Lnet/minecraft/client/multiplayer/ProfileKeyPairManager$1;
[22:05:58] [main/DEBUG]: Skipping Lnet/minecraft/client/multiplayer/ClientSuggestionProvider;
[22:05:58] [main/DEBUG]: Skipping Lnet/minecraft/client/multiplayer/ClientSuggestionProvider$1;
[22:05:58] [main/DEBUG]: Skipping Lnet/minecraft/client/multiplayer/ClientRegistryLayer;
[22:05:58] [main/DEBUG]: Skipping Lnet/minecraft/client/multiplayer/ClientAdvancements;
[22:05:58] [main/DEBUG]: Skipping Lnet/minecraft/client/multiplayer/ClientAdvancements$Listener;
[22:05:58] [main/DEBUG]: Skipping Lnet/minecraft/client/multiplayer/ServerStatusPinger;
[22:05:58] [main/DEBUG]: Skipping Lnet/minecraft/client/multiplayer/ServerStatusPinger$2;
[22:05:58] [main/DEBUG]: Skipping Lnet/minecraft/client/multiplayer/ServerStatusPinger$2$1;
[22:05:58] [main/DEBUG]: Skipping Lnet/minecraft/client/multiplayer/ServerStatusPinger$1;
[22:05:58] [main/DEBUG]: Skipping Lnet/minecraft/client/multiplayer/ServerData;
[22:05:58] [main/DEBUG]: Skipping Lnet/minecraft/client/multiplayer/ServerData$ServerPackStatus;
[22:05:58] [main/DEBUG]: Skipping Lnet/minecraft/client/multiplayer/PlayerInfo;
[22:05:58] [main/DEBUG]: Skipping Lnet/minecraft/client/multiplayer/MultiPlayerGameMode;
[22:05:58] [main/DEBUG]: Transforming class Lnet/minecraft/client/multiplayer/ClientPacketListener;
[22:05:58] [main/DEBUG]: Transforming net/minecraft/client/multiplayer/ClientPacketListener FIELD f_104899_ to access PUBLIC and LEAVE
[22:05:58] [main/DEBUG]: Skipping Lnet/minecraft/client/multiplayer/ClientPacketListener$DeferredPacket;
[22:05:58] [main/DEBUG]: Skipping Lnet/minecraft/client/multiplayer/ClientPacketListener$1;
[22:05:58] [main/DEBUG]: Skipping Lnet/minecraft/client/multiplayer/ClientLevel;
[22:05:58] [main/DEBUG]: Skipping Lnet/minecraft/client/multiplayer/ClientLevel$EntityCallbacks;
[22:05:58] [main/DEBUG]: Skipping Lnet/minecraft/client/multiplayer/ClientLevel$ClientLevelData;
[22:05:58] [main/DEBUG]: Skipping Lnet/minecraft/client/multiplayer/ClientLevel$1;
[22:05:58] [main/DEBUG]: Skipping Lnet/minecraft/client/multiplayer/ClientHandshakePacketListenerImpl;
[22:05:58] [main/DEBUG]: Skipping Lnet/minecraft/client/multiplayer/ClientChunkCache;
[22:05:58] [main/DEBUG]: Skipping Lnet/minecraft/client/multiplayer/ClientChunkCache$Storage;
[22:05:58] [main/DEBUG]: Skipping Lnet/minecraft/client/multiplayer/AccountProfileKeyPairManager;
[22:05:58] [main/DEBUG]: Skipping Lnet/minecraft/client/model/package-info;
[22:05:58] [main/DEBUG]: Skipping Lnet/minecraft/client/model/geom/package-info;
[22:05:58] [main/DEBUG]: Skipping Lnet/minecraft/client/model/geom/builders/package-info;
[22:05:58] [main/DEBUG]: Skipping Lnet/minecraft/client/model/geom/builders/UVPair;
[22:05:58] [main/DEBUG]: Skipping Lnet/minecraft/client/model/geom/builders/PartDefinition;
[22:05:58] [main/DEBUG]: Skipping Lnet/minecraft/client/model/geom/builders/MeshDefinition;
[22:05:58] [main/DEBUG]: Skipping Lnet/minecraft/client/model/geom/builders/MaterialDefinition;
[22:05:58] [main/DEBUG]: Skipping Lnet/minecraft/client/model/geom/builders/LayerDefinition;
[22:05:58] [main/DEBUG]: Skipping Lnet/minecraft/client/model/geom/builders/CubeListBuilder;
[22:05:58] [main/DEBUG]: Skipping Lnet/minecraft/client/model/geom/builders/CubeDeformation;
[22:05:58] [main/DEBUG]: Skipping Lnet/minecraft/client/model/geom/builders/CubeDefinition;
[22:05:58] [main/DEBUG]: Skipping Lnet/minecraft/client/model/geom/PartPose;
[22:05:58] [main/DEBUG]: Skipping Lnet/minecraft/client/model/geom/PartNames;
[22:05:58] [main/DEBUG]: Skipping Lnet/minecraft/client/model/geom/ModelPart;
[22:05:58] [main/DEBUG]: Skipping Lnet/minecraft/client/model/geom/ModelPart$Visitor;
[22:05:58] [main/DEBUG]: Skipping Lnet/minecraft/client/model/geom/ModelPart$Vertex;
[22:05:58] [main/DEBUG]: Skipping Lnet/minecraft/client/model/geom/ModelPart$Polygon;
[22:05:58] [main/DEBUG]: Skipping Lnet/minecraft/client/model/geom/ModelPart$Cube;
[22:05:58] [main/DEBUG]: Skipping Lnet/minecraft/client/model/geom/ModelLayerLocation;
[22:05:58] [main/DEBUG]: Skipping Lnet/minecraft/client/model/geom/EntityModelSet;
[22:05:58] [main/DEBUG]: Skipping Lnet/minecraft/client/model/geom/ModelLayers;
[22:05:58] [main/DEBUG]: Transforming class Lnet/minecraft/client/model/geom/LayerDefinitions;
[22:05:58] [main/DEBUG]: Transforming net/minecraft/client/model/geom/LayerDefinitions FIELD f_171106_ to access PUBLIC and LEAVE
[22:05:58] [main/DEBUG]: Transforming net/minecraft/client/model/geom/LayerDefinitions FIELD f_171107_ to access PUBLIC and LEAVE
[22:05:58] [main/DEBUG]: Skipping Lnet/minecraft/client/model/dragon/package-info;
[22:05:58] [main/DEBUG]: Skipping Lnet/minecraft/client/model/dragon/DragonHeadModel;
[22:05:58] [main/DEBUG]: Skipping Lnet/minecraft/client/model/ZombieVillagerModel;
[22:05:58] [main/DEBUG]: Skipping Lnet/minecraft/client/model/ZombieModel;
[22:05:58] [main/DEBUG]: Skipping Lnet/minecraft/client/model/WolfModel;
[22:05:58] [main/DEBUG]: Skipping Lnet/minecraft/client/model/WitherBossModel;
[22:05:58] [main/DEBUG]: Skipping Lnet/minecraft/client/model/WitchModel;
[22:05:58] [main/DEBUG]: Skipping Lnet/minecraft/client/model/WaterPatchModel;
[22:05:58] [main/DEBUG]: Skipping Lnet/minecraft/client/model/WardenModel;
[22:05:58] [main/DEBUG]: Skipping Lnet/minecraft/client/model/VillagerModel;
[22:05:58] [main/DEBUG]: Skipping Lnet/minecraft/client/model/VillagerHeadModel;
[22:05:58] [main/DEBUG]: Skipping Lnet/minecraft/client/model/VexModel;
[22:05:58] [main/DEBUG]: Skipping Lnet/minecraft/client/model/TurtleModel;
[22:05:58] [main/DEBUG]: Skipping Lnet/minecraft/client/model/TropicalFishModelB;
[22:05:58] [main/DEBUG]: Skipping Lnet/minecraft/client/model/TropicalFishModelA;
[22:05:58] [main/DEBUG]: Skipping Lnet/minecraft/client/model/TridentModel;
[22:05:58] [main/DEBUG]: Skipping Lnet/minecraft/client/model/TadpoleModel;
[22:05:58] [main/DEBUG]: Skipping Lnet/minecraft/client/model/StriderModel;
[22:05:58] [main/DEBUG]: Skipping Lnet/minecraft/client/model/SquidModel;
[22:05:58] [main/DEBUG]: Skipping Lnet/minecraft/client/model/SpiderModel;
[22:05:58] [main/DEBUG]: Skipping Lnet/minecraft/client/model/SnowGolemModel;
[22:05:58] [main/DEBUG]: Skipping Lnet/minecraft/client/model/SnifferModel;
[22:05:58] [main/DEBUG]: Skipping Lnet/minecraft/client/model/SlimeModel;
[22:05:58] [main/DEBUG]: Skipping Lnet/minecraft/client/model/SkullModelBase;
[22:05:58] [main/DEBUG]: Skipping Lnet/minecraft/client/model/SkullModel;
[22:05:58] [main/DEBUG]: Skipping Lnet/minecraft/client/model/SkeletonModel;
[22:05:58] [main/DEBUG]: Skipping Lnet/minecraft/client/model/SilverfishModel;
[22:05:58] [main/DEBUG]: Skipping Lnet/minecraft/client/model/ShulkerModel;
[22:05:58] [main/DEBUG]: Skipping Lnet/minecraft/client/model/ShulkerBulletModel;
[22:05:58] [main/DEBUG]: Skipping Lnet/minecraft/client/model/ShieldModel;
[22:05:58] [main/DEBUG]: Skipping Lnet/minecraft/client/model/SheepModel;
[22:05:58] [main/DEBUG]: Skipping Lnet/minecraft/client/model/SheepFurModel;
[22:05:58] [main/DEBUG]: Skipping Lnet/minecraft/client/model/SalmonModel;
[22:05:58] [main/DEBUG]: Skipping Lnet/minecraft/client/model/RavagerModel;
[22:05:58] [main/DEBUG]: Skipping Lnet/minecraft/client/model/RaftModel;
[22:05:58] [main/DEBUG]: Skipping Lnet/minecraft/client/model/RabbitModel;
[22:05:58] [main/DEBUG]: Skipping Lnet/minecraft/client/model/QuadrupedModel;
[22:05:58] [main/DEBUG]: Skipping Lnet/minecraft/client/model/PufferfishSmallModel;
[22:05:58] [main/DEBUG]: Skipping Lnet/minecraft/client/model/PufferfishMidModel;
[22:05:58] [main/DEBUG]: Skipping Lnet/minecraft/client/model/PufferfishBigModel;
[22:05:58] [main/DEBUG]: Skipping Lnet/minecraft/client/model/PolarBearModel;
[22:05:58] [main/DEBUG]: Skipping Lnet/minecraft/client/model/PlayerModel;
[22:05:58] [main/DEBUG]: Skipping Lnet/minecraft/client/model/PiglinModel;
[22:05:58] [main/DEBUG]: Skipping Lnet/minecraft/client/model/PiglinHeadModel;
[22:05:58] [main/DEBUG]: Skipping Lnet/minecraft/client/model/PigModel;
[22:05:58] [main/DEBUG]: Skipping Lnet/minecraft/client/model/PhantomModel;
[22:05:58] [main/DEBUG]: Skipping Lnet/minecraft/client/model/ParrotModel;
[22:05:58] [main/DEBUG]: Skipping Lnet/minecraft/client/model/ParrotModel$State;
[22:05:58] [main/DEBUG]: Skipping Lnet/minecraft/client/model/ParrotModel$1;
[22:05:58] [main/DEBUG]: Skipping Lnet/minecraft/client/model/PandaModel;
[22:05:58] [main/DEBUG]: Skipping Lnet/minecraft/client/model/OcelotModel;
[22:05:58] [main/DEBUG]: Skipping Lnet/minecraft/client/model/ModelUtils;
[22:05:58] [main/DEBUG]: Skipping Lnet/minecraft/client/model/Model;
[22:05:58] [main/DEBUG]: Skipping Lnet/minecraft/client/model/MinecartModel;
[22:05:58] [main/DEBUG]: Skipping Lnet/minecraft/client/model/LlamaSpitModel;
[22:05:58] [main/DEBUG]: Skipping Lnet/minecraft/client/model/LlamaModel;
[22:05:58] [main/DEBUG]: Skipping Lnet/minecraft/client/model/ListModel;
[22:05:58] [main/DEBUG]: Skipping Lnet/minecraft/client/model/LeashKnotModel;
[22:05:58] [main/DEBUG]: Skipping Lnet/minecraft/client/model/LavaSlimeModel;
[22:05:58] [main/DEBUG]: Skipping Lnet/minecraft/client/model/IronGolemModel;
[22:05:58] [main/DEBUG]: Skipping Lnet/minecraft/client/model/IllagerModel;
[22:05:58] [main/DEBUG]: Skipping Lnet/minecraft/client/model/HumanoidArmorModel;
[22:05:58] [main/DEBUG]: Skipping Lnet/minecraft/client/model/HorseModel;
[22:05:58] [main/DEBUG]: Skipping Lnet/minecraft/client/model/HoglinModel;
[22:05:58] [main/DEBUG]: Skipping Lnet/minecraft/client/model/HierarchicalModel;
[22:05:58] [main/DEBUG]: Skipping Lnet/minecraft/client/model/HeadedModel;
[22:05:58] [main/DEBUG]: Skipping Lnet/minecraft/client/model/GuardianModel;
[22:05:58] [main/DEBUG]: Skipping Lnet/minecraft/client/model/GoatModel;
[22:05:58] [main/DEBUG]: Skipping Lnet/minecraft/client/model/GiantZombieModel;
[22:05:58] [main/DEBUG]: Skipping Lnet/minecraft/client/model/GhastModel;
[22:05:58] [main/DEBUG]: Skipping Lnet/minecraft/client/model/FrogModel;
[22:05:58] [main/DEBUG]: Skipping Lnet/minecraft/client/model/FoxModel;
[22:05:58] [main/DEBUG]: Skipping Lnet/minecraft/client/model/EvokerFangsModel;
[22:05:58] [main/DEBUG]: Skipping Lnet/minecraft/client/model/EntityModel;
[22:05:58] [main/DEBUG]: Skipping Lnet/minecraft/client/model/EndermiteModel;
[22:05:58] [main/DEBUG]: Skipping Lnet/minecraft/client/model/EndermanModel;
[22:05:58] [main/DEBUG]: Skipping Lnet/minecraft/client/model/ElytraModel;
[22:05:58] [main/DEBUG]: Skipping Lnet/minecraft/client/model/DrownedModel;
[22:05:58] [main/DEBUG]: Skipping Lnet/minecraft/client/model/DolphinModel;
[22:05:58] [main/DEBUG]: Skipping Lnet/minecraft/client/model/CreeperModel;
[22:05:58] [main/DEBUG]: Skipping Lnet/minecraft/client/model/CowModel;
[22:05:58] [main/DEBUG]: Skipping Lnet/minecraft/client/model/ColorableHierarchicalModel;
[22:05:58] [main/DEBUG]: Skipping Lnet/minecraft/client/model/ColorableAgeableListModel;
[22:05:58] [main/DEBUG]: Skipping Lnet/minecraft/client/model/CodModel;
[22:05:58] [main/DEBUG]: Skipping Lnet/minecraft/client/model/ChickenModel;
[22:05:58] [main/DEBUG]: Skipping Lnet/minecraft/client/model/ChestedHorseModel;
[22:05:58] [main/DEBUG]: Skipping Lnet/minecraft/client/model/ChestRaftModel;
[22:05:58] [main/DEBUG]: Skipping Lnet/minecraft/client/model/ChestBoatModel;
[22:05:58] [main/DEBUG]: Skipping Lnet/minecraft/client/model/CatModel;
[22:05:58] [main/DEBUG]: Skipping Lnet/minecraft/client/model/CamelModel;
[22:05:58] [main/DEBUG]: Skipping Lnet/minecraft/client/model/BookModel;
[22:05:58] [main/DEBUG]: Skipping Lnet/minecraft/client/model/BoatModel;
[22:05:58] [main/DEBUG]: Skipping Lnet/minecraft/client/model/BlazeModel;
[22:05:58] [main/DEBUG]: Skipping Lnet/minecraft/client/model/BeeModel;
[22:05:58] [main/DEBUG]: Skipping Lnet/minecraft/client/model/BatModel;
[22:05:58] [main/DEBUG]: Skipping Lnet/minecraft/client/model/AxolotlModel;
[22:05:58] [main/DEBUG]: Skipping Lnet/minecraft/client/model/ArmorStandModel;
[22:05:58] [main/DEBUG]: Skipping Lnet/minecraft/client/model/ArmorStandArmorModel;
[22:05:58] [main/DEBUG]: Skipping Lnet/minecraft/client/model/ArmedModel;
[22:05:58] [main/DEBUG]: Skipping Lnet/minecraft/client/model/AnimationUtils;
[22:05:58] [main/DEBUG]: Skipping Lnet/minecraft/client/model/AllayModel;
[22:05:58] [main/DEBUG]: Skipping Lnet/minecraft/client/model/AgeableListModel;
[22:05:58] [main/DEBUG]: Skipping Lnet/minecraft/client/model/AgeableHierarchicalModel;
[22:05:58] [main/DEBUG]: Skipping Lnet/minecraft/client/model/AbstractZombieModel;
[22:05:58] [main/DEBUG]: Skipping Lnet/minecraft/client/model/HumanoidModel;
[22:05:58] [main/DEBUG]: Skipping Lnet/minecraft/client/model/HumanoidModel$ArmPose;
[22:05:58] [main/DEBUG]: Skipping Lnet/minecraft/client/model/HumanoidModel$1;
[22:05:58] [main/DEBUG]: Skipping Lnet/minecraft/client/main/package-info;
[22:05:58] [main/DEBUG]: Skipping Lnet/minecraft/client/main/SilentInitException;
[22:05:58] [main/DEBUG]: Skipping Lnet/minecraft/client/main/GameConfig;
[22:05:58] [main/DEBUG]: Skipping Lnet/minecraft/client/main/GameConfig$UserData;
[22:05:58] [main/DEBUG]: Skipping Lnet/minecraft/client/main/GameConfig$QuickPlayData;
[22:05:58] [main/DEBUG]: Skipping Lnet/minecraft/client/main/GameConfig$GameData;
[22:05:58] [main/DEBUG]: Skipping Lnet/minecraft/client/main/GameConfig$FolderData;
[22:05:58] [main/DEBUG]: Skipping Lnet/minecraft/client/main/Main;
[22:05:58] [main/DEBUG]: Skipping Lnet/minecraft/client/main/Main$3;
[22:05:58] [main/DEBUG]: Skipping Lnet/minecraft/client/main/Main$2;
[22:05:58] [main/DEBUG]: Skipping Lnet/minecraft/client/main/Main$1;
[22:05:58] [main/DEBUG]: Skipping Lnet/minecraft/client/gui/spectator/package-info;
[22:05:58] [main/DEBUG]: Skipping Lnet/minecraft/client/gui/spectator/categories/package-info;
[22:05:58] [main/DEBUG]: Skipping Lnet/minecraft/client/gui/spectator/categories/TeleportToTeamMenuCategory;
[22:05:58] [main/DEBUG]: Skipping Lnet/minecraft/client/gui/spectator/categories/TeleportToTeamMenuCategory$TeamSelectionItem;
[22:05:58] [main/DEBUG]: Skipping Lnet/minecraft/client/gui/spectator/categories/TeleportToPlayerMenuCategory;
[22:05:58] [main/DEBUG]: Skipping Lnet/minecraft/client/gui/spectator/categories/SpectatorPage;
[22:05:58] [main/DEBUG]: Skipping Lnet/minecraft/client/gui/spectator/SpectatorMenuListener;
[22:05:58] [main/DEBUG]: Skipping Lnet/minecraft/client/gui/spectator/SpectatorMenuItem;
[22:05:58] [main/DEBUG]: Skipping Lnet/minecraft/client/gui/spectator/SpectatorMenuCategory;
[22:05:58] [main/DEBUG]: Skipping Lnet/minecraft/client/gui/spectator/SpectatorMenu;
[22:05:58] [main/DEBUG]: Skipping Lnet/minecraft/client/gui/spectator/SpectatorMenu$ScrollMenuItem;
[22:05:58] [main/DEBUG]: Skipping Lnet/minecraft/client/gui/spectator/SpectatorMenu$CloseSpectatorItem;
[22:05:58] [main/DEBUG]: Skipping Lnet/minecraft/client/gui/spectator/SpectatorMenu$1;
[22:05:58] [main/DEBUG]: Skipping Lnet/minecraft/client/gui/spectator/RootSpectatorMenuCategory;
[22:05:58] [main/DEBUG]: Skipping Lnet/minecraft/client/gui/spectator/PlayerMenuItem;
[22:05:58] [main/DEBUG]: Skipping Lnet/minecraft/client/gui/screens/worldselection/package-info;
[22:05:58] [main/DEBUG]: Skipping Lnet/minecraft/client/gui/screens/worldselection/SwitchGrid;
[22:05:58] [main/DEBUG]: Skipping Lnet/minecraft/client/gui/screens/worldselection/SwitchGrid$SwitchBuilder;
[22:05:58] [main/DEBUG]: Skipping Lnet/minecraft/client/gui/screens/worldselection/SwitchGrid$LabeledSwitch;
[22:05:58] [main/DEBUG]: Skipping Lnet/minecraft/client/gui/screens/worldselection/SwitchGrid$InfoUnderneathSettings;
[22:05:58] [main/DEBUG]: Skipping Lnet/minecraft/client/gui/screens/worldselection/SwitchGrid$Builder;
[22:05:58] [main/DEBUG]: Skipping Lnet/minecraft/client/gui/screens/worldselection/SelectWorldScreen;
[22:05:58] [main/DEBUG]: Skipping Lnet/minecraft/client/gui/screens/worldselection/OptimizeWorldScreen;
[22:05:58] [main/DEBUG]: Skipping Lnet/minecraft/client/gui/screens/worldselection/ExperimentsScreen;
[22:05:58] [main/DEBUG]: Skipping Lnet/minecraft/client/gui/screens/worldselection/EditWorldScreen;
[22:05:58] [main/DEBUG]: Skipping Lnet/minecraft/client/gui/screens/worldselection/EditGameRulesScreen;
[22:05:58] [main/DEBUG]: Skipping Lnet/minecraft/client/gui/screens/worldselection/EditGameRulesScreen$RuleList;
[22:05:58] [main/DEBUG]: Skipping Lnet/minecraft/client/gui/screens/worldselection/EditGameRulesScreen$RuleList$1;
[22:05:58] [main/DEBUG]: Skipping Lnet/minecraft/client/gui/screens/worldselection/EditGameRulesScreen$RuleEntry;
[22:05:58] [main/DEBUG]: Skipping Lnet/minecraft/client/gui/screens/worldselection/EditGameRulesScreen$IntegerRuleEntry;
[22:05:58] [main/DEBUG]: Skipping Lnet/minecraft/client/gui/screens/worldselection/EditGameRulesScreen$GameRuleEntry;
[22:05:58] [main/DEBUG]: Skipping Lnet/minecraft/client/gui/screens/worldselection/EditGameRulesScreen$EntryFactory;
[22:05:58] [main/DEBUG]: Skipping Lnet/minecraft/client/gui/screens/worldselection/EditGameRulesScreen$CategoryRuleEntry;
[22:05:58] [main/DEBUG]: Skipping Lnet/minecraft/client/gui/screens/worldselection/EditGameRulesScreen$CategoryRuleEntry$1;
[22:05:58] [main/DEBUG]: Skipping Lnet/minecraft/client/gui/screens/worldselection/EditGameRulesScreen$BooleanRuleEntry;
[22:05:58] [main/DEBUG]: Skipping Lnet/minecraft/client/gui/screens/worldselection/ConfirmExperimentalFeaturesScreen;
[22:05:58] [main/DEBUG]: Skipping Lnet/minecraft/client/gui/screens/worldselection/ConfirmExperimentalFeaturesScreen$DetailsScreen;
[22:05:58] [main/DEBUG]: Skipping Lnet/minecraft/client/gui/screens/worldselection/ConfirmExperimentalFeaturesScreen$DetailsScreen$PackListEntry;
[22:05:58] [main/DEBUG]: Skipping Lnet/minecraft/client/gui/screens/worldselection/ConfirmExperimentalFeaturesScreen$DetailsScreen$PackList;
[22:05:58] [main/DEBUG]: Skipping Lnet/minecraft/client/gui/screens/worldselection/WorldSelectionList;
[22:05:58] [main/DEBUG]: Skipping Lnet/minecraft/client/gui/screens/worldselection/WorldSelectionList$WorldListEntry;
[22:05:58] [main/DEBUG]: Skipping Lnet/minecraft/client/gui/screens/worldselection/WorldSelectionList$LoadingHeader;
[22:05:58] [main/DEBUG]: Skipping Lnet/minecraft/client/gui/screens/worldselection/WorldSelectionList$Entry;
[22:05:58] [main/DEBUG]: Skipping Lnet/minecraft/client/gui/screens/worldselection/WorldOpenFlows;
[22:05:58] [main/DEBUG]: Skipping Lnet/minecraft/client/gui/screens/worldselection/WorldOpenFlows$1Data;
[22:05:58] [main/DEBUG]: Skipping Lnet/minecraft/client/gui/screens/worldselection/WorldCreationUiState;
[22:05:58] [main/DEBUG]: Skipping Lnet/minecraft/client/gui/screens/worldselection/WorldCreationUiState$WorldTypeEntry;
[22:05:58] [main/DEBUG]: Skipping Lnet/minecraft/client/gui/screens/worldselection/WorldCreationUiState$SelectedGameMode;
[22:05:58] [main/DEBUG]: Skipping Lnet/minecraft/client/gui/screens/worldselection/WorldCreationContext;
[22:05:58] [main/DEBUG]: Skipping Lnet/minecraft/client/gui/screens/worldselection/WorldCreationContext$OptionsModifier;
[22:05:58] [main/DEBUG]: Skipping Lnet/minecraft/client/gui/screens/worldselection/WorldCreationContext$DimensionsUpdater;
[22:05:58] [main/DEBUG]: Skipping Lnet/minecraft/client/gui/screens/worldselection/PresetEditor;
[22:05:58] [main/DEBUG]: Skipping Lnet/minecraft/client/gui/screens/worldselection/CreateWorldScreen;
[22:05:58] [main/DEBUG]: Skipping Lnet/minecraft/client/gui/screens/worldselection/CreateWorldScreen$WorldTab;
[22:05:58] [main/DEBUG]: Skipping Lnet/minecraft/client/gui/screens/worldselection/CreateWorldScreen$WorldTab$2;
[22:05:58] [main/DEBUG]: Skipping Lnet/minecraft/client/gui/screens/worldselection/CreateWorldScreen$WorldTab$1;
[22:05:58] [main/DEBUG]: Skipping Lnet/minecraft/client/gui/screens/worldselection/CreateWorldScreen$MoreTab;
[22:05:58] [main/DEBUG]: Skipping Lnet/minecraft/client/gui/screens/worldselection/CreateWorldScreen$GameTab;
[22:05:58] [main/DEBUG]: Skipping Lnet/minecraft/client/gui/screens/worldselection/CreateWorldScreen$DataPackReloadCookie;
[22:05:58] [main/DEBUG]: Skipping Lnet/minecraft/client/gui/screens/telemetry/package-info;
[22:05:58] [main/DEBUG]: Skipping Lnet/minecraft/client/gui/screens/telemetry/TelemetryInfoScreen;
[22:05:58] [main/DEBUG]: Skipping Lnet/minecraft/client/gui/screens/telemetry/TelemetryEventWidget;
[22:05:58] [main/DEBUG]: Skipping Lnet/minecraft/client/gui/screens/telemetry/TelemetryEventWidget$ContentBuilder;
[22:05:58] [main/DEBUG]: Skipping Lnet/minecraft/client/gui/screens/telemetry/TelemetryEventWidget$Content;
[22:05:58] [main/DEBUG]: Skipping Lnet/minecraft/client/gui/screens/social/package-info;
[22:05:58] [main/DEBUG]: Skipping Lnet/minecraft/client/gui/screens/social/SocialInteractionsScreen;
[22:05:58] [main/DEBUG]: Skipping Lnet/minecraft/client/gui/screens/social/SocialInteractionsScreen$Page;
[22:05:58] [main/DEBUG]: Skipping Lnet/minecraft/client/gui/screens/social/SocialInteractionsScreen$2;
[22:05:58] [main/DEBUG]: Skipping Lnet/minecraft/client/gui/screens/social/SocialInteractionsScreen$1;
[22:05:58] [main/DEBUG]: Skipping Lnet/minecraft/client/gui/screens/social/SocialInteractionsPlayerList;
[22:05:58] [main/DEBUG]: Skipping Lnet/minecraft/client/gui/screens/social/PlayerSocialManager;
[22:05:58] [main/DEBUG]: Skipping Lnet/minecraft/client/gui/screens/social/PlayerEntry;
[22:05:58] [main/DEBUG]: Skipping Lnet/minecraft/client/gui/screens/social/PlayerEntry$3;
[22:05:58] [main/DEBUG]: Skipping Lnet/minecraft/client/gui/screens/social/PlayerEntry$2;
[22:05:58] [main/DEBUG]: Skipping Lnet/minecraft/client/gui/screens/social/PlayerEntry$1;
[22:05:58] [main/DEBUG]: Skipping Lnet/minecraft/client/gui/screens/reporting/package-info;
[22:05:58] [main/DEBUG]: Skipping Lnet/minecraft/client/gui/screens/reporting/ReportReasonSelectionScreen;
[22:05:58] [main/DEBUG]: Skipping Lnet/minecraft/client/gui/screens/reporting/ReportReasonSelectionScreen$ReasonSelectionList;
[22:05:58] [main/DEBUG]: Skipping Lnet/minecraft/client/gui/screens/reporting/ReportReasonSelectionScreen$ReasonSelectionList$Entry;
[22:05:58] [main/DEBUG]: Skipping Lnet/minecraft/client/gui/screens/reporting/ChatSelectionScreen;
[22:05:58] [main/DEBUG]: Skipping Lnet/minecraft/client/gui/screens/reporting/ChatSelectionScreen$ChatSelectionList;
[22:05:58] [main/DEBUG]: Skipping Lnet/minecraft/client/gui/screens/reporting/ChatSelectionScreen$ChatSelectionList$PaddingEntry;
[22:05:58] [main/DEBUG]: Skipping Lnet/minecraft/client/gui/screens/reporting/ChatSelectionScreen$ChatSelectionList$MessageHeadingEntry;
[22:05:58] [main/DEBUG]: Skipping Lnet/minecraft/client/gui/screens/reporting/ChatSelectionScreen$ChatSelectionList$MessageEntry;
[22:05:58] [main/DEBUG]: Skipping Lnet/minecraft/client/gui/screens/reporting/ChatSelectionScreen$ChatSelectionList$Heading;
[22:05:58] [main/DEBUG]: Skipping Lnet/minecraft/client/gui/screens/reporting/ChatSelectionScreen$ChatSelectionList$Entry;
[22:05:58] [main/DEBUG]: Skipping Lnet/minecraft/client/gui/screens/reporting/ChatSelectionScreen$ChatSelectionList$DividerEntry;
[22:05:58] [main/DEBUG]: Skipping Lnet/minecraft/client/gui/screens/reporting/ChatSelectionLogFiller;
[22:05:58] [main/DEBUG]: Skipping Lnet/minecraft/client/gui/screens/reporting/ChatSelectionLogFiller$Output;
[22:05:58] [main/DEBUG]: Skipping Lnet/minecraft/client/gui/screens/reporting/ChatReportScreen;
[22:05:58] [main/DEBUG]: Skipping Lnet/minecraft/client/gui/screens/reporting/ChatReportScreen$DiscardReportWarningScreen;
[22:05:58] [main/DEBUG]: Skipping Lnet/minecraft/client/gui/screens/recipebook/package-info;
[22:05:58] [main/DEBUG]: Skipping Lnet/minecraft/client/gui/screens/recipebook/SmokingRecipeBookComponent;
[22:05:58] [main/DEBUG]: Skipping Lnet/minecraft/client/gui/screens/recipebook/SmeltingRecipeBookComponent;
[22:05:58] [main/DEBUG]: Skipping Lnet/minecraft/client/gui/screens/recipebook/RecipeUpdateListener;
[22:05:58] [main/DEBUG]: Skipping Lnet/minecraft/client/gui/screens/recipebook/RecipeShownListener;
[22:05:58] [main/DEBUG]: Skipping Lnet/minecraft/client/gui/screens/recipebook/RecipeCollection;
[22:05:58] [main/DEBUG]: Skipping Lnet/minecraft/client/gui/screens/recipebook/RecipeButton;
[22:05:58] [main/DEBUG]: Skipping Lnet/minecraft/client/gui/screens/recipebook/RecipeBookTabButton;
[22:05:58] [main/DEBUG]: Skipping Lnet/minecraft/client/gui/screens/recipebook/RecipeBookPage;
[22:05:58] [main/DEBUG]: Skipping Lnet/minecraft/client/gui/screens/recipebook/OverlayRecipeComponent;
[22:05:58] [main/DEBUG]: Skipping Lnet/minecraft/client/gui/screens/recipebook/OverlayRecipeComponent$OverlaySmeltingRecipeButton;
[22:05:58] [main/DEBUG]: Skipping Lnet/minecraft/client/gui/screens/recipebook/OverlayRecipeComponent$OverlayRecipeButton;
[22:05:58] [main/DEBUG]: Skipping Lnet/minecraft/client/gui/screens/recipebook/OverlayRecipeComponent$OverlayRecipeButton$Pos;
[22:05:58] [main/DEBUG]: Skipping Lnet/minecraft/client/gui/screens/recipebook/GhostRecipe;
[22:05:58] [main/DEBUG]: Skipping Lnet/minecraft/client/gui/screens/recipebook/GhostRecipe$GhostIngredient;
[22:05:58] [main/DEBUG]: Skipping Lnet/minecraft/client/gui/screens/recipebook/BlastingRecipeBookComponent;
[22:05:58] [main/DEBUG]: Skipping Lnet/minecraft/client/gui/screens/recipebook/AbstractFurnaceRecipeBookComponent;
[22:05:58] [main/DEBUG]: Skipping Lnet/minecraft/client/gui/screens/recipebook/RecipeBookComponent;
[22:05:58] [main/DEBUG]: Skipping Lnet/minecraft/client/gui/screens/packs/package-info;
[22:05:58] [main/DEBUG]: Skipping Lnet/minecraft/client/gui/screens/packs/TransferableSelectionList;
[22:05:58] [main/DEBUG]: Skipping Lnet/minecraft/client/gui/screens/packs/TransferableSelectionList$PackEntry;
[22:05:58] [main/DEBUG]: Skipping Lnet/minecraft/client/gui/screens/packs/PackSelectionScreen;
[22:05:58] [main/DEBUG]: Skipping Lnet/minecraft/client/gui/screens/packs/PackSelectionScreen$Watcher;
[22:05:58] [main/DEBUG]: Skipping Lnet/minecraft/client/gui/screens/packs/PackSelectionModel;
[22:05:58] [main/DEBUG]: Skipping Lnet/minecraft/client/gui/screens/packs/PackSelectionModel$UnselectedPackEntry;
[22:05:58] [main/DEBUG]: Skipping Lnet/minecraft/client/gui/screens/packs/PackSelectionModel$SelectedPackEntry;
[22:05:58] [main/DEBUG]: Skipping Lnet/minecraft/client/gui/screens/packs/PackSelectionModel$EntryBase;
[22:05:58] [main/DEBUG]: Skipping Lnet/minecraft/client/gui/screens/packs/PackSelectionModel$Entry;
[22:05:58] [main/DEBUG]: Skipping Lnet/minecraft/client/gui/screens/package-info;
[22:05:58] [main/DEBUG]: Skipping Lnet/minecraft/client/gui/screens/multiplayer/package-info;
[22:05:58] [main/DEBUG]: Skipping Lnet/minecraft/client/gui/screens/multiplayer/WarningScreen;
[22:05:58] [main/DEBUG]: Skipping Lnet/minecraft/client/gui/screens/multiplayer/SafetyScreen;
[22:05:58] [main/DEBUG]: Skipping Lnet/minecraft/client/gui/screens/multiplayer/Realms32bitWarningScreen;
[22:05:58] [main/DEBUG]: Skipping Lnet/minecraft/client/gui/screens/multiplayer/ServerSelectionList;
[22:05:58] [main/DEBUG]: Skipping Lnet/minecraft/client/gui/screens/multiplayer/ServerSelectionList$OnlineServerEntry;
[22:05:58] [main/DEBUG]: Skipping Lnet/minecraft/client/gui/screens/multiplayer/ServerSelectionList$NetworkServerEntry;
[22:05:58] [main/DEBUG]: Skipping Lnet/minecraft/client/gui/screens/multiplayer/ServerSelectionList$LANHeader;
[22:05:58] [main/DEBUG]: Skipping Lnet/minecraft/client/gui/screens/multiplayer/ServerSelectionList$Entry;
[22:05:58] [main/DEBUG]: Skipping Lnet/minecraft/client/gui/screens/multiplayer/JoinMultiplayerScreen;
[22:05:58] [main/DEBUG]: Skipping Lnet/minecraft/client/gui/screens/inventory/tooltip/package-info;
[22:05:58] [main/DEBUG]: Skipping Lnet/minecraft/client/gui/screens/inventory/tooltip/MenuTooltipPositioner;
[22:05:58] [main/DEBUG]: Skipping Lnet/minecraft/client/gui/screens/inventory/tooltip/DefaultTooltipPositioner;
[22:05:58] [main/DEBUG]: Skipping Lnet/minecraft/client/gui/screens/inventory/tooltip/ClientTooltipPositioner;
[22:05:58] [main/DEBUG]: Skipping Lnet/minecraft/client/gui/screens/inventory/tooltip/ClientTextTooltip;
[22:05:58] [main/DEBUG]: Skipping Lnet/minecraft/client/gui/screens/inventory/tooltip/ClientBundleTooltip;
[22:05:58] [main/DEBUG]: Skipping Lnet/minecraft/client/gui/screens/inventory/tooltip/ClientBundleTooltip$Texture;
[22:05:58] [main/DEBUG]: Skipping Lnet/minecraft/client/gui/screens/inventory/tooltip/BelowOrAboveWidgetTooltipPositioner;
[22:05:58] [main/DEBUG]: Skipping Lnet/minecraft/client/gui/screens/inventory/tooltip/TooltipRenderUtil;
[22:05:58] [main/DEBUG]: Skipping Lnet/minecraft/client/gui/screens/inventory/tooltip/ClientTooltipComponent;
[22:05:58] [main/DEBUG]: Skipping Lnet/minecraft/client/gui/screens/inventory/package-info;
[22:05:58] [main/DEBUG]: Skipping Lnet/minecraft/client/gui/screens/inventory/StructureBlockEditScreen;
[22:05:58] [main/DEBUG]: Skipping Lnet/minecraft/client/gui/screens/inventory/StructureBlockEditScreen$2;
[22:05:58] [main/DEBUG]: Skipping Lnet/minecraft/client/gui/screens/inventory/StructureBlockEditScreen$1;
[22:05:58] [main/DEBUG]: Skipping Lnet/minecraft/client/gui/screens/inventory/StonecutterScreen;
[22:05:58] [main/DEBUG]: Skipping Lnet/minecraft/client/gui/screens/inventory/SmokerScreen;
[22:05:58] [main/DEBUG]: Skipping Lnet/minecraft/client/gui/screens/inventory/SmithingScreen;
[22:05:58] [main/DEBUG]: Skipping Lnet/minecraft/client/gui/screens/inventory/SignEditScreen;
[22:05:58] [main/DEBUG]: Skipping Lnet/minecraft/client/gui/screens/inventory/ShulkerBoxScreen;
[22:05:58] [main/DEBUG]: Skipping Lnet/minecraft/client/gui/screens/inventory/PageButton;
[22:05:58] [main/DEBUG]: Skipping Lnet/minecraft/client/gui/screens/inventory/MinecartCommandBlockEditScreen;
[22:05:58] [main/DEBUG]: Skipping Lnet/minecraft/client/gui/screens/inventory/MenuAccess;
[22:05:58] [main/DEBUG]: Skipping Lnet/minecraft/client/gui/screens/inventory/LoomScreen;
[22:05:58] [main/DEBUG]: Skipping Lnet/minecraft/client/gui/screens/inventory/LecternScreen;
[22:05:58] [main/DEBUG]: Skipping Lnet/minecraft/client/gui/screens/inventory/LecternScreen$1;
[22:05:58] [main/DEBUG]: Skipping Lnet/minecraft/client/gui/screens/inventory/JigsawBlockEditScreen;
[22:05:58] [main/DEBUG]: Skipping Lnet/minecraft/client/gui/screens/inventory/JigsawBlockEditScreen$1;
[22:05:58] [main/DEBUG]: Skipping Lnet/minecraft/client/gui/screens/inventory/ItemCombinerScreen;
[22:05:58] [main/DEBUG]: Skipping Lnet/minecraft/client/gui/screens/inventory/HorseInventoryScreen;
[22:05:58] [main/DEBUG]: Skipping Lnet/minecraft/client/gui/screens/inventory/HopperScreen;
[22:05:58] [main/DEBUG]: Skipping Lnet/minecraft/client/gui/screens/inventory/GrindstoneScreen;
[22:05:58] [main/DEBUG]: Skipping Lnet/minecraft/client/gui/screens/inventory/FurnaceScreen;
[22:05:58] [main/DEBUG]: Skipping Lnet/minecraft/client/gui/screens/inventory/EnchantmentNames;
[22:05:58] [main/DEBUG]: Skipping Lnet/minecraft/client/gui/screens/inventory/DispenserScreen;
[22:05:58] [main/DEBUG]: Skipping Lnet/minecraft/client/gui/screens/inventory/CyclingSlotBackground;
[22:05:58] [main/DEBUG]: Skipping Lnet/minecraft/client/gui/screens/inventory/CreativeInventoryListener;
[22:05:58] [main/DEBUG]: Skipping Lnet/minecraft/client/gui/screens/inventory/CraftingScreen;
[22:05:58] [main/DEBUG]: Skipping Lnet/minecraft/client/gui/screens/inventory/ContainerScreen;
[22:05:58] [main/DEBUG]: Skipping Lnet/minecraft/client/gui/screens/inventory/CommandBlockEditScreen;
[22:05:58] [main/DEBUG]: Skipping Lnet/minecraft/client/gui/screens/inventory/CommandBlockEditScreen$1;
[22:05:58] [main/DEBUG]: Skipping Lnet/minecraft/client/gui/screens/inventory/CartographyTableScreen;
[22:05:58] [main/DEBUG]: Skipping Lnet/minecraft/client/gui/screens/inventory/BrewingStandScreen;
[22:05:58] [main/DEBUG]: Skipping Lnet/minecraft/client/gui/screens/inventory/BookViewScreen;
[22:05:58] [main/DEBUG]: Skipping Lnet/minecraft/client/gui/screens/inventory/BookViewScreen$WrittenBookAccess;
[22:05:58] [main/DEBUG]: Skipping Lnet/minecraft/client/gui/screens/inventory/BookViewScreen$WritableBookAccess;
[22:05:58] [main/DEBUG]: Skipping Lnet/minecraft/client/gui/screens/inventory/BookViewScreen$BookAccess;
[22:05:58] [main/DEBUG]: Skipping Lnet/minecraft/client/gui/screens/inventory/BookViewScreen$1;
[22:05:58] [main/DEBUG]: Skipping Lnet/minecraft/client/gui/screens/inventory/BookEditScreen;
[22:05:58] [main/DEBUG]: Skipping Lnet/minecraft/client/gui/screens/inventory/BookEditScreen$Pos2i;
[22:05:58] [main/DEBUG]: Skipping Lnet/minecraft/client/gui/screens/inventory/BookEditScreen$LineInfo;
[22:05:58] [main/DEBUG]: Skipping Lnet/minecraft/client/gui/screens/inventory/BookEditScreen$DisplayCache;
[22:05:58] [main/DEBUG]: Skipping Lnet/minecraft/client/gui/screens/inventory/BlastFurnaceScreen;
[22:05:58] [main/DEBUG]: Skipping Lnet/minecraft/client/gui/screens/inventory/BeaconScreen;
[22:05:58] [main/DEBUG]: Skipping Lnet/minecraft/client/gui/screens/inventory/BeaconScreen$BeaconUpgradePowerButton;
[22:05:58] [main/DEBUG]: Skipping Lnet/minecraft/client/gui/screens/inventory/BeaconScreen$BeaconSpriteScreenButton;
[22:05:58] [main/DEBUG]: Skipping Lnet/minecraft/client/gui/screens/inventory/BeaconScreen$BeaconScreenButton;
[22:05:58] [main/DEBUG]: Skipping Lnet/minecraft/client/gui/screens/inventory/BeaconScreen$BeaconPowerButton;
[22:05:58] [main/DEBUG]: Skipping Lnet/minecraft/client/gui/screens/inventory/BeaconScreen$BeaconConfirmButton;
[22:05:58] [main/DEBUG]: Skipping Lnet/minecraft/client/gui/screens/inventory/BeaconScreen$BeaconCancelButton;
[22:05:58] [main/DEBUG]: Skipping Lnet/minecraft/client/gui/screens/inventory/BeaconScreen$BeaconButton;
[22:05:58] [main/DEBUG]: Skipping Lnet/minecraft/client/gui/screens/inventory/BeaconScreen$1;
[22:05:58] [main/DEBUG]: Skipping Lnet/minecraft/client/gui/screens/inventory/AnvilScreen;
[22:05:58] [main/DEBUG]: Skipping Lnet/minecraft/client/gui/screens/inventory/AbstractSignEditScreen;
[22:05:58] [main/DEBUG]: Skipping Lnet/minecraft/client/gui/screens/inventory/AbstractFurnaceScreen;
[22:05:58] [main/DEBUG]: Skipping Lnet/minecraft/client/gui/screens/inventory/AbstractCommandBlockEditScreen;
[22:05:58] [main/DEBUG]: Skipping Lnet/minecraft/client/gui/screens/inventory/AbstractCommandBlockEditScreen$1;
[22:05:58] [main/DEBUG]: Skipping Lnet/minecraft/client/gui/screens/inventory/MerchantScreen;
[22:05:58] [main/DEBUG]: Skipping Lnet/minecraft/client/gui/screens/inventory/MerchantScreen$TradeOfferButton;
[22:05:58] [main/DEBUG]: Skipping Lnet/minecraft/client/gui/screens/inventory/InventoryScreen;
[22:05:58] [main/DEBUG]: Skipping Lnet/minecraft/client/gui/screens/inventory/HangingSignEditScreen;
[22:05:58] [main/DEBUG]: Skipping Lnet/minecraft/client/gui/screens/inventory/EnchantmentScreen;
[22:05:58] [main/DEBUG]: Skipping Lnet/minecraft/client/gui/screens/inventory/EffectRenderingInventoryScreen;
[22:05:58] [main/DEBUG]: Skipping Lnet/minecraft/client/gui/screens/inventory/CreativeModeInventoryScreen;
[22:05:58] [main/DEBUG]: Skipping Lnet/minecraft/client/gui/screens/inventory/CreativeModeInventoryScreen$SlotWrapper;
[22:05:58] [main/DEBUG]: Skipping Lnet/minecraft/client/gui/screens/inventory/CreativeModeInventoryScreen$ItemPickerMenu;
[22:05:58] [main/DEBUG]: Skipping Lnet/minecraft/client/gui/screens/inventory/CreativeModeInventoryScreen$CustomCreativeSlot;
[22:05:58] [main/DEBUG]: Skipping Lnet/minecraft/client/gui/screens/inventory/AbstractContainerScreen;
[22:05:58] [main/DEBUG]: Skipping Lnet/minecraft/client/gui/screens/debug/package-info;
[22:05:58] [main/DEBUG]: Skipping Lnet/minecraft/client/gui/screens/debug/GameModeSwitcherScreen;
[22:05:58] [main/DEBUG]: Skipping Lnet/minecraft/client/gui/screens/debug/GameModeSwitcherScreen$GameModeSlot;
[22:05:58] [main/DEBUG]: Skipping Lnet/minecraft/client/gui/screens/debug/GameModeSwitcherScreen$GameModeIcon;
[22:05:58] [main/DEBUG]: Skipping Lnet/minecraft/client/gui/screens/debug/GameModeSwitcherScreen$1;
[22:05:58] [main/DEBUG]: Skipping Lnet/minecraft/client/gui/screens/controls/package-info;
[22:05:58] [main/DEBUG]: Skipping Lnet/minecraft/client/gui/screens/controls/ControlsScreen;
[22:05:58] [main/DEBUG]: Skipping Lnet/minecraft/client/gui/screens/controls/KeyBindsScreen;
[22:05:58] [main/DEBUG]: Skipping Lnet/minecraft/client/gui/screens/controls/KeyBindsList;
[22:05:58] [main/DEBUG]: Skipping Lnet/minecraft/client/gui/screens/controls/KeyBindsList$KeyEntry;
[22:05:58] [main/DEBUG]: Skipping Lnet/minecraft/client/gui/screens/controls/KeyBindsList$Entry;
[22:05:58] [main/DEBUG]: Skipping Lnet/minecraft/client/gui/screens/controls/KeyBindsList$CategoryEntry;
[22:05:58] [main/DEBUG]: Skipping Lnet/minecraft/client/gui/screens/controls/KeyBindsList$CategoryEntry$1;
[22:05:58] [main/DEBUG]: Skipping Lnet/minecraft/client/gui/screens/advancements/package-info;
[22:05:58] [main/DEBUG]: Skipping Lnet/minecraft/client/gui/screens/advancements/AdvancementWidgetType;
[22:05:58] [main/DEBUG]: Skipping Lnet/minecraft/client/gui/screens/advancements/AdvancementWidget;
[22:05:58] [main/DEBUG]: Skipping Lnet/minecraft/client/gui/screens/advancements/AdvancementsScreen;
[22:05:58] [main/DEBUG]: Skipping Lnet/minecraft/client/gui/screens/advancements/AdvancementTabType;
[22:05:58] [main/DEBUG]: Skipping Lnet/minecraft/client/gui/screens/advancements/AdvancementTabType$1;
[22:05:58] [main/DEBUG]: Skipping Lnet/minecraft/client/gui/screens/advancements/AdvancementTab;
[22:05:58] [main/DEBUG]: Skipping Lnet/minecraft/client/gui/screens/achievement/package-info;
[22:05:58] [main/DEBUG]: Skipping Lnet/minecraft/client/gui/screens/achievement/StatsUpdateListener;
[22:05:58] [main/DEBUG]: Skipping Lnet/minecraft/client/gui/screens/achievement/StatsScreen;
[22:05:58] [main/DEBUG]: Skipping Lnet/minecraft/client/gui/screens/achievement/StatsScreen$MobsStatisticsList;
[22:05:58] [main/DEBUG]: Skipping Lnet/minecraft/client/gui/screens/achievement/StatsScreen$MobsStatisticsList$MobRow;
[22:05:58] [main/DEBUG]: Skipping Lnet/minecraft/client/gui/screens/achievement/StatsScreen$ItemStatisticsList;
[22:05:58] [main/DEBUG]: Skipping Lnet/minecraft/client/gui/screens/achievement/StatsScreen$ItemStatisticsList$ItemRowComparator;
[22:05:58] [main/DEBUG]: Skipping Lnet/minecraft/client/gui/screens/achievement/StatsScreen$ItemStatisticsList$ItemRow;
[22:05:58] [main/DEBUG]: Skipping Lnet/minecraft/client/gui/screens/achievement/StatsScreen$GeneralStatisticsList;
[22:05:58] [main/DEBUG]: Skipping Lnet/minecraft/client/gui/screens/achievement/StatsScreen$GeneralStatisticsList$Entry;
[22:05:58] [main/DEBUG]: Skipping Lnet/minecraft/client/gui/screens/WinScreen;
[22:05:58] [main/DEBUG]: Skipping Lnet/minecraft/client/gui/screens/WinScreen$CreditsReader;
[22:05:58] [main/DEBUG]: Skipping Lnet/minecraft/client/gui/screens/VideoSettingsScreen;
[22:05:58] [main/DEBUG]: Skipping Lnet/minecraft/client/gui/screens/SymlinkWarningScreen;
[22:05:58] [main/DEBUG]: Skipping Lnet/minecraft/client/gui/screens/SoundOptionsScreen;
[22:05:58] [main/DEBUG]: Skipping Lnet/minecraft/client/gui/screens/SkinCustomizationScreen;
[22:05:58] [main/DEBUG]: Skipping Lnet/minecraft/client/gui/screens/SimpleOptionsSubScreen;
[22:05:58] [main/DEBUG]: Skipping Lnet/minecraft/client/gui/screens/ShareToLanScreen;
[22:05:58] [main/DEBUG]: Skipping Lnet/minecraft/client/gui/screens/ReceivingLevelScreen;
[22:05:58] [main/DEBUG]: Skipping Lnet/minecraft/client/gui/screens/ProgressScreen;
[22:05:58] [main/DEBUG]: Skipping Lnet/minecraft/client/gui/screens/PresetFlatWorldScreen;
[22:05:58] [main/DEBUG]: Skipping Lnet/minecraft/client/gui/screens/PresetFlatWorldScreen$PresetsList;
[22:05:58] [main/DEBUG]: Skipping Lnet/minecraft/client/gui/screens/PresetFlatWorldScreen$PresetsList$Entry;
[22:05:58] [main/DEBUG]: Skipping Lnet/minecraft/client/gui/screens/PopupScreen;
[22:05:58] [main/DEBUG]: Skipping Lnet/minecraft/client/gui/screens/PopupScreen$ButtonOption;
[22:05:58] [main/DEBUG]: Skipping Lnet/minecraft/client/gui/screens/Overlay;
[22:05:58] [main/DEBUG]: Skipping Lnet/minecraft/client/gui/screens/OutOfMemoryScreen;
[22:05:58] [main/DEBUG]: Skipping Lnet/minecraft/client/gui/screens/OptionsSubScreen;
[22:05:58] [main/DEBUG]: Skipping Lnet/minecraft/client/gui/screens/OnlineOptionsScreen;
[22:05:58] [main/DEBUG]: Skipping Lnet/minecraft/client/gui/screens/MouseSettingsScreen;
[22:05:58] [main/DEBUG]: Skipping Lnet/minecraft/client/gui/screens/LoadingDotsText;
[22:05:58] [main/DEBUG]: Skipping Lnet/minecraft/client/gui/screens/LevelLoadingScreen;
[22:05:58] [main/DEBUG]: Skipping Lnet/minecraft/client/gui/screens/LanguageSelectScreen;
[22:05:58] [main/DEBUG]: Skipping Lnet/minecraft/client/gui/screens/LanguageSelectScreen$LanguageSelectionList;
[22:05:58] [main/DEBUG]: Skipping Lnet/minecraft/client/gui/screens/LanguageSelectScreen$LanguageSelectionList$Entry;
[22:05:58] [main/DEBUG]: Skipping Lnet/minecraft/client/gui/screens/InBedChatScreen;
[22:05:58] [main/DEBUG]: Skipping Lnet/minecraft/client/gui/screens/GenericWaitingScreen;
[22:05:58] [main/DEBUG]: Skipping Lnet/minecraft/client/gui/screens/GenericDirtMessageScreen;
[22:05:58] [main/DEBUG]: Skipping Lnet/minecraft/client/gui/screens/FaviconTexture;
[22:05:58] [main/DEBUG]: Skipping Lnet/minecraft/client/gui/screens/ErrorScreen;
[22:05:58] [main/DEBUG]: Skipping Lnet/minecraft/client/gui/screens/EditServerScreen;
[22:05:58] [main/DEBUG]: Skipping Lnet/minecraft/client/gui/screens/DisconnectedScreen;
[22:05:58] [main/DEBUG]: Skipping Lnet/minecraft/client/gui/screens/DirectJoinServerScreen;
[22:05:58] [main/DEBUG]: Skipping Lnet/minecraft/client/gui/screens/DemoIntroScreen;
[22:05:58] [main/DEBUG]: Skipping Lnet/minecraft/client/gui/screens/DeathScreen;
[22:05:58] [main/DEBUG]: Skipping Lnet/minecraft/client/gui/screens/DeathScreen$TitleConfirmScreen;
[22:05:58] [main/DEBUG]: Skipping Lnet/minecraft/client/gui/screens/DatapackLoadFailureScreen;
[22:05:58] [main/DEBUG]: Skipping Lnet/minecraft/client/gui/screens/CreditsAndAttributionScreen;
[22:05:58] [main/DEBUG]: Skipping Lnet/minecraft/client/gui/screens/CreateFlatWorldScreen;
[22:05:58] [main/DEBUG]: Skipping Lnet/minecraft/client/gui/screens/CreateFlatWorldScreen$DetailsList;
[22:05:58] [main/DEBUG]: Skipping Lnet/minecraft/client/gui/screens/CreateFlatWorldScreen$DetailsList$Entry;
[22:05:58] [main/DEBUG]: Skipping Lnet/minecraft/client/gui/screens/CreateBuffetWorldScreen;
[22:05:58] [main/DEBUG]: Skipping Lnet/minecraft/client/gui/screens/CreateBuffetWorldScreen$BiomeList;
[22:05:58] [main/DEBUG]: Skipping Lnet/minecraft/client/gui/screens/CreateBuffetWorldScreen$BiomeList$Entry;
[22:05:58] [main/DEBUG]: Skipping Lnet/minecraft/client/gui/screens/ConfirmScreen;
[22:05:58] [main/DEBUG]: Skipping Lnet/minecraft/client/gui/screens/ConfirmLinkScreen;
[22:05:58] [main/DEBUG]: Skipping Lnet/minecraft/client/gui/screens/ChatOptionsScreen;
[22:05:58] [main/DEBUG]: Skipping Lnet/minecraft/client/gui/screens/BanNoticeScreen;
[22:05:58] [main/DEBUG]: Skipping Lnet/minecraft/client/gui/screens/BackupConfirmScreen;
[22:05:58] [main/DEBUG]: Skipping Lnet/minecraft/client/gui/screens/BackupConfirmScreen$Listener;
[22:05:58] [main/DEBUG]: Skipping Lnet/minecraft/client/gui/screens/AlertScreen;
[22:05:58] [main/DEBUG]: Skipping Lnet/minecraft/client/gui/screens/AccessibilityOptionsScreen;
[22:05:58] [main/DEBUG]: Skipping Lnet/minecraft/client/gui/screens/AccessibilityOnboardingScreen;
[22:05:58] [main/DEBUG]: Skipping Lnet/minecraft/client/gui/screens/TitleScreen;
[22:05:58] [main/DEBUG]: Skipping Lnet/minecraft/client/gui/screens/TitleScreen$WarningLabel;
[22:05:58] [main/DEBUG]: Transforming class Lnet/minecraft/client/gui/screens/Screen;
[22:05:58] [main/DEBUG]: Transforming net/minecraft/client/gui/screens/Screen FIELD f_169369_ to access PUBLIC and LEAVE
[22:05:58] [main/DEBUG]: Skipping Lnet/minecraft/client/gui/screens/Screen$NarratableSearchResult;
[22:05:58] [main/DEBUG]: Skipping Lnet/minecraft/client/gui/screens/Screen$DeferredTooltipRendering;
[22:05:58] [main/DEBUG]: Skipping Lnet/minecraft/client/gui/screens/PauseScreen;
[22:05:58] [main/DEBUG]: Skipping Lnet/minecraft/client/gui/screens/OptionsScreen;
[22:05:58] [main/DEBUG]: Transforming class Lnet/minecraft/client/gui/screens/MenuScreens;
[22:05:58] [main/DEBUG]: Transforming net/minecraft/client/gui/screens/MenuScreens INNERCLASS ScreenConstructor to access PUBLIC and LEAVE
[22:05:58] [main/DEBUG]: Transforming net/minecraft/client/gui/screens/MenuScreens METHOD m_96206_(Lnet/minecraft/world/inventory/MenuType;Lnet/minecraft/client/gui/screens/MenuScreens$ScreenConstructor;)V to access PUBLIC and LEAVE
[22:05:58] [main/DEBUG]: Transforming class Lnet/minecraft/client/gui/screens/MenuScreens$ScreenConstructor;
[22:05:58] [main/DEBUG]: Transforming net/minecraft/client/gui/screens/MenuScreens$ScreenConstructor CLASS to access PUBLIC and LEAVE
[22:05:58] [main/DEBUG]: Skipping Lnet/minecraft/client/gui/screens/LoadingOverlay;
[22:05:58] [main/DEBUG]: Skipping Lnet/minecraft/client/gui/screens/LoadingOverlay$LogoTexture;
[22:05:58] [main/DEBUG]: Skipping Lnet/minecraft/client/gui/screens/ConnectScreen;
[22:05:58] [main/DEBUG]: Skipping Lnet/minecraft/client/gui/screens/ConnectScreen$1;
[22:05:58] [main/DEBUG]: Skipping Lnet/minecraft/client/gui/screens/ChatScreen;
[22:05:58] [main/DEBUG]: Skipping Lnet/minecraft/client/gui/screens/ChatScreen$1;
[22:05:58] [main/DEBUG]: Skipping Lnet/minecraft/client/gui/package-info;
[22:05:58] [main/DEBUG]: Skipping Lnet/minecraft/client/gui/navigation/package-info;
[22:05:58] [main/DEBUG]: Skipping Lnet/minecraft/client/gui/navigation/ScreenRectangle;
[22:05:58] [main/DEBUG]: Skipping Lnet/minecraft/client/gui/navigation/ScreenRectangle$1;
[22:05:58] [main/DEBUG]: Skipping Lnet/minecraft/client/gui/navigation/ScreenPosition;
[22:05:58] [main/DEBUG]: Skipping Lnet/minecraft/client/gui/navigation/ScreenPosition$1;
[22:05:58] [main/DEBUG]: Skipping Lnet/minecraft/client/gui/navigation/ScreenDirection;
[22:05:58] [main/DEBUG]: Skipping Lnet/minecraft/client/gui/navigation/ScreenDirection$1;
[22:05:58] [main/DEBUG]: Skipping Lnet/minecraft/client/gui/navigation/ScreenAxis;
[22:05:58] [main/DEBUG]: Skipping Lnet/minecraft/client/gui/navigation/ScreenAxis$1;
[22:05:58] [main/DEBUG]: Skipping Lnet/minecraft/client/gui/navigation/FocusNavigationEvent;
[22:05:58] [main/DEBUG]: Skipping Lnet/minecraft/client/gui/navigation/FocusNavigationEvent$TabNavigation;
[22:05:58] [main/DEBUG]: Skipping Lnet/minecraft/client/gui/navigation/FocusNavigationEvent$InitialFocus;
[22:05:58] [main/DEBUG]: Skipping Lnet/minecraft/client/gui/navigation/FocusNavigationEvent$ArrowNavigation;
[22:05:58] [main/DEBUG]: Skipping Lnet/minecraft/client/gui/navigation/CommonInputs;
[22:05:58] [main/DEBUG]: Skipping Lnet/minecraft/client/gui/narration/package-info;
[22:05:58] [main/DEBUG]: Skipping Lnet/minecraft/client/gui/narration/ScreenNarrationCollector;
[22:05:58] [main/DEBUG]: Skipping Lnet/minecraft/client/gui/narration/ScreenNarrationCollector$Output;
[22:05:58] [main/DEBUG]: Skipping Lnet/minecraft/client/gui/narration/ScreenNarrationCollector$NarrationEntry;
[22:05:58] [main/DEBUG]: Skipping Lnet/minecraft/client/gui/narration/ScreenNarrationCollector$EntryKey;
[22:05:58] [main/DEBUG]: Skipping Lnet/minecraft/client/gui/narration/ScreenNarrationCollector$1;
[22:05:58] [main/DEBUG]: Skipping Lnet/minecraft/client/gui/narration/NarrationThunk;
[22:05:58] [main/DEBUG]: Skipping Lnet/minecraft/client/gui/narration/NarrationSupplier;
[22:05:58] [main/DEBUG]: Skipping Lnet/minecraft/client/gui/narration/NarrationElementOutput;
[22:05:58] [main/DEBUG]: Skipping Lnet/minecraft/client/gui/narration/NarratedElementType;
[22:05:58] [main/DEBUG]: Skipping Lnet/minecraft/client/gui/narration/NarratableEntry;
[22:05:58] [main/DEBUG]: Skipping Lnet/minecraft/client/gui/narration/NarratableEntry$NarrationPriority;
[22:05:58] [main/DEBUG]: Skipping Lnet/minecraft/client/gui/layouts/package-info;
[22:05:58] [main/DEBUG]: Skipping Lnet/minecraft/client/gui/layouts/SpacerElement;
[22:05:58] [main/DEBUG]: Skipping Lnet/minecraft/client/gui/layouts/LinearLayout;
[22:05:58] [main/DEBUG]: Skipping Lnet/minecraft/client/gui/layouts/LinearLayout$Orientation;
[22:05:58] [main/DEBUG]: Skipping Lnet/minecraft/client/gui/layouts/LinearLayout$ChildContainer;
[22:05:58] [main/DEBUG]: Skipping Lnet/minecraft/client/gui/layouts/LinearLayout$1;
[22:05:58] [main/DEBUG]: Skipping Lnet/minecraft/client/gui/layouts/LayoutSettings;
[22:05:58] [main/DEBUG]: Skipping Lnet/minecraft/client/gui/layouts/LayoutSettings$LayoutSettingsImpl;
[22:05:58] [main/DEBUG]: Skipping Lnet/minecraft/client/gui/layouts/LayoutElement;
[22:05:58] [main/DEBUG]: Skipping Lnet/minecraft/client/gui/layouts/Layout;
[22:05:58] [main/DEBUG]: Skipping Lnet/minecraft/client/gui/layouts/HeaderAndFooterLayout;
[22:05:58] [main/DEBUG]: Skipping Lnet/minecraft/client/gui/layouts/GridLayout;
[22:05:58] [main/DEBUG]: Skipping Lnet/minecraft/client/gui/layouts/GridLayout$RowHelper;
[22:05:58] [main/DEBUG]: Skipping Lnet/minecraft/client/gui/layouts/GridLayout$CellInhabitant;
[22:05:58] [main/DEBUG]: Skipping Lnet/minecraft/client/gui/layouts/FrameLayout;
[22:05:58] [main/DEBUG]: Skipping Lnet/minecraft/client/gui/layouts/FrameLayout$ChildContainer;
[22:05:58] [main/DEBUG]: Skipping Lnet/minecraft/client/gui/layouts/AbstractLayout;
[22:05:58] [main/DEBUG]: Skipping Lnet/minecraft/client/gui/layouts/AbstractLayout$AbstractChildWrapper;
[22:05:58] [main/DEBUG]: Skipping Lnet/minecraft/client/gui/font/providers/package-info;
[22:05:58] [main/DEBUG]: Skipping Lnet/minecraft/client/gui/font/providers/UnihexProvider;
[22:05:58] [main/DEBUG]: Skipping Lnet/minecraft/client/gui/font/providers/UnihexProvider$ShortContents;
[22:05:58] [main/DEBUG]: Skipping Lnet/minecraft/client/gui/font/providers/UnihexProvider$ReaderOutput;
[22:05:58] [main/DEBUG]: Skipping Lnet/minecraft/client/gui/font/providers/UnihexProvider$OverrideRange;
[22:05:58] [main/DEBUG]: Skipping Lnet/minecraft/client/gui/font/providers/UnihexProvider$LineData;
[22:05:58] [main/DEBUG]: Skipping Lnet/minecraft/client/gui/font/providers/UnihexProvider$IntContents;
[22:05:58] [main/DEBUG]: Skipping Lnet/minecraft/client/gui/font/providers/UnihexProvider$Glyph;
[22:05:58] [main/DEBUG]: Skipping Lnet/minecraft/client/gui/font/providers/UnihexProvider$Glyph$1;
[22:05:58] [main/DEBUG]: Skipping Lnet/minecraft/client/gui/font/providers/UnihexProvider$Dimensions;
[22:05:58] [main/DEBUG]: Skipping Lnet/minecraft/client/gui/font/providers/UnihexProvider$Definition;
[22:05:58] [main/DEBUG]: Skipping Lnet/minecraft/client/gui/font/providers/UnihexProvider$ByteContents;
[22:05:58] [main/DEBUG]: Skipping Lnet/minecraft/client/gui/font/providers/TrueTypeGlyphProviderDefinition;
[22:05:58] [main/DEBUG]: Skipping Lnet/minecraft/client/gui/font/providers/TrueTypeGlyphProviderDefinition$Shift;
[22:05:58] [main/DEBUG]: Skipping Lnet/minecraft/client/gui/font/providers/ProviderReferenceDefinition;
[22:05:58] [main/DEBUG]: Skipping Lnet/minecraft/client/gui/font/providers/GlyphProviderType;
[22:05:58] [main/DEBUG]: Skipping Lnet/minecraft/client/gui/font/providers/GlyphProviderDefinition;
[22:05:58] [main/DEBUG]: Skipping Lnet/minecraft/client/gui/font/providers/GlyphProviderDefinition$Reference;
[22:05:58] [main/DEBUG]: Skipping Lnet/minecraft/client/gui/font/providers/GlyphProviderDefinition$Loader;
[22:05:58] [main/DEBUG]: Skipping Lnet/minecraft/client/gui/font/providers/BitmapProvider;
[22:05:58] [main/DEBUG]: Skipping Lnet/minecraft/client/gui/font/providers/BitmapProvider$Glyph;
[22:05:58] [main/DEBUG]: Skipping Lnet/minecraft/client/gui/font/providers/BitmapProvider$Glyph$1;
[22:05:58] [main/DEBUG]: Skipping Lnet/minecraft/client/gui/font/providers/BitmapProvider$Definition;
[22:05:58] [main/DEBUG]: Skipping Lnet/minecraft/client/gui/font/package-info;
[22:05:58] [main/DEBUG]: Skipping Lnet/minecraft/client/gui/font/glyphs/package-info;
[22:05:58] [main/DEBUG]: Skipping Lnet/minecraft/client/gui/font/glyphs/SpecialGlyphs;
[22:05:58] [main/DEBUG]: Skipping Lnet/minecraft/client/gui/font/glyphs/SpecialGlyphs$PixelProvider;
[22:05:58] [main/DEBUG]: Skipping Lnet/minecraft/client/gui/font/glyphs/SpecialGlyphs$1;
[22:05:58] [main/DEBUG]: Skipping Lnet/minecraft/client/gui/font/glyphs/EmptyGlyph;
[22:05:58] [main/DEBUG]: Skipping Lnet/minecraft/client/gui/font/glyphs/BakedGlyph;
[22:05:58] [main/DEBUG]: Skipping Lnet/minecraft/client/gui/font/glyphs/BakedGlyph$Effect;
[22:05:58] [main/DEBUG]: Skipping Lnet/minecraft/client/gui/font/TextFieldHelper;
[22:05:58] [main/DEBUG]: Skipping Lnet/minecraft/client/gui/font/TextFieldHelper$CursorStep;
[22:05:58] [main/DEBUG]: Skipping Lnet/minecraft/client/gui/font/TextFieldHelper$1;
[22:05:58] [main/DEBUG]: Skipping Lnet/minecraft/client/gui/font/GlyphRenderTypes;
[22:05:58] [main/DEBUG]: Skipping Lnet/minecraft/client/gui/font/GlyphRenderTypes$1;
[22:05:58] [main/DEBUG]: Skipping Lnet/minecraft/client/gui/font/FontTexture;
[22:05:58] [main/DEBUG]: Skipping Lnet/minecraft/client/gui/font/FontTexture$Node;
[22:05:58] [main/DEBUG]: Skipping Lnet/minecraft/client/gui/font/FontSet;
[22:05:58] [main/DEBUG]: Skipping Lnet/minecraft/client/gui/font/FontSet$GlyphInfoFilter;
[22:05:58] [main/DEBUG]: Skipping Lnet/minecraft/client/gui/font/FontManager;
[22:05:58] [main/DEBUG]: Skipping Lnet/minecraft/client/gui/font/FontManager$UnresolvedBuilderBundle;
[22:05:58] [main/DEBUG]: Skipping Lnet/minecraft/client/gui/font/FontManager$Preparation;
[22:05:58] [main/DEBUG]: Skipping Lnet/minecraft/client/gui/font/FontManager$FontDefinitionFile;
[22:05:58] [main/DEBUG]: Skipping Lnet/minecraft/client/gui/font/FontManager$BuilderResult;
[22:05:58] [main/DEBUG]: Skipping Lnet/minecraft/client/gui/font/FontManager$BuilderId;
[22:05:58] [main/DEBUG]: Skipping Lnet/minecraft/client/gui/font/CodepointMap;
[22:05:58] [main/DEBUG]: Skipping Lnet/minecraft/client/gui/font/CodepointMap$Output;
[22:05:58] [main/DEBUG]: Skipping Lnet/minecraft/client/gui/font/AllMissingGlyphProvider;
[22:05:58] [main/DEBUG]: Skipping Lnet/minecraft/client/gui/components/toasts/package-info;
[22:05:58] [main/DEBUG]: Skipping Lnet/minecraft/client/gui/components/toasts/TutorialToast;
[22:05:58] [main/DEBUG]: Skipping Lnet/minecraft/client/gui/components/toasts/TutorialToast$Icons;
[22:05:58] [main/DEBUG]: Skipping Lnet/minecraft/client/gui/components/toasts/Toast;
[22:05:58] [main/DEBUG]: Skipping Lnet/minecraft/client/gui/components/toasts/Toast$Visibility;
[22:05:58] [main/DEBUG]: Skipping Lnet/minecraft/client/gui/components/toasts/SystemToast;
[22:05:58] [main/DEBUG]: Skipping Lnet/minecraft/client/gui/components/toasts/SystemToast$SystemToastIds;
[22:05:58] [main/DEBUG]: Skipping Lnet/minecraft/client/gui/components/toasts/RecipeToast;
[22:05:58] [main/DEBUG]: Skipping Lnet/minecraft/client/gui/components/toasts/AdvancementToast;
[22:05:58] [main/DEBUG]: Skipping Lnet/minecraft/client/gui/components/toasts/ToastComponent;
[22:05:58] [main/DEBUG]: Skipping Lnet/minecraft/client/gui/components/toasts/ToastComponent$ToastInstance;
[22:05:58] [main/DEBUG]: Skipping Lnet/minecraft/client/gui/components/tabs/package-info;
[22:05:58] [main/DEBUG]: Skipping Lnet/minecraft/client/gui/components/tabs/TabNavigationBar;
[22:05:58] [main/DEBUG]: Skipping Lnet/minecraft/client/gui/components/tabs/TabNavigationBar$Builder;
[22:05:58] [main/DEBUG]: Skipping Lnet/minecraft/client/gui/components/tabs/TabManager;
[22:05:58] [main/DEBUG]: Skipping Lnet/minecraft/client/gui/components/tabs/Tab;
[22:05:58] [main/DEBUG]: Skipping Lnet/minecraft/client/gui/components/tabs/GridLayoutTab;
[22:05:58] [main/DEBUG]: Skipping Lnet/minecraft/client/gui/components/spectator/package-info;
[22:05:58] [main/DEBUG]: Skipping Lnet/minecraft/client/gui/components/spectator/SpectatorGui;
[22:05:58] [main/DEBUG]: Skipping Lnet/minecraft/client/gui/components/package-info;
[22:05:58] [main/DEBUG]: Skipping Lnet/minecraft/client/gui/components/events/package-info;
[22:05:58] [main/DEBUG]: Skipping Lnet/minecraft/client/gui/components/events/GuiEventListener;
[22:05:58] [main/DEBUG]: Skipping Lnet/minecraft/client/gui/components/events/ContainerEventHandler;
[22:05:58] [main/DEBUG]: Skipping Lnet/minecraft/client/gui/components/events/AbstractContainerEventHandler;
[22:05:58] [main/DEBUG]: Skipping Lnet/minecraft/client/gui/components/Whence;
[22:05:58] [main/DEBUG]: Skipping Lnet/minecraft/client/gui/components/Tooltip;
[22:05:58] [main/DEBUG]: Skipping Lnet/minecraft/client/gui/components/TextAndImageButton;
[22:05:58] [main/DEBUG]: Skipping Lnet/minecraft/client/gui/components/TextAndImageButton$Builder;
[22:05:58] [main/DEBUG]: Skipping Lnet/minecraft/client/gui/components/TabOrderedElement;
[22:05:58] [main/DEBUG]: Skipping Lnet/minecraft/client/gui/components/TabButton;
[22:05:58] [main/DEBUG]: Skipping Lnet/minecraft/client/gui/components/SubtitleOverlay;
[22:05:58] [main/DEBUG]: Skipping Lnet/minecraft/client/gui/components/SubtitleOverlay$Subtitle;
[22:05:58] [main/DEBUG]: Skipping Lnet/minecraft/client/gui/components/StringWidget;
[22:05:58] [main/DEBUG]: Skipping Lnet/minecraft/client/gui/components/StateSwitchingButton;
[22:05:58] [main/DEBUG]: Skipping Lnet/minecraft/client/gui/components/SplashRenderer;
[22:05:58] [main/DEBUG]: Skipping Lnet/minecraft/client/gui/components/Renderable;
[22:05:58] [main/DEBUG]: Skipping Lnet/minecraft/client/gui/components/PlayerTabOverlay;
[22:05:58] [main/DEBUG]: Skipping Lnet/minecraft/client/gui/components/PlayerTabOverlay$HealthState;
[22:05:58] [main/DEBUG]: Skipping Lnet/minecraft/client/gui/components/PlayerFaceRenderer;
[22:05:58] [main/DEBUG]: Skipping Lnet/minecraft/client/gui/components/PlainTextButton;
[22:05:58] [main/DEBUG]: Skipping Lnet/minecraft/client/gui/components/OptionsList;
[22:05:58] [main/DEBUG]: Skipping Lnet/minecraft/client/gui/components/OptionsList$Entry;
[22:05:58] [main/DEBUG]: Skipping Lnet/minecraft/client/gui/components/ObjectSelectionList;
[22:05:58] [main/DEBUG]: Skipping Lnet/minecraft/client/gui/components/ObjectSelectionList$Entry;
[22:05:58] [main/DEBUG]: Skipping Lnet/minecraft/client/gui/components/MultilineTextField;
[22:05:58] [main/DEBUG]: Skipping Lnet/minecraft/client/gui/components/MultilineTextField$StringView;
[22:05:58] [main/DEBUG]: Skipping Lnet/minecraft/client/gui/components/MultilineTextField$1;
[22:05:58] [main/DEBUG]: Skipping Lnet/minecraft/client/gui/components/MultiLineTextWidget;
[22:05:58] [main/DEBUG]: Skipping Lnet/minecraft/client/gui/components/MultiLineTextWidget$CacheKey;
[22:05:58] [main/DEBUG]: Skipping Lnet/minecraft/client/gui/components/MultiLineLabel;
[22:05:58] [main/DEBUG]: Skipping Lnet/minecraft/client/gui/components/MultiLineLabel$TextWithWidth;
[22:05:58] [main/DEBUG]: Skipping Lnet/minecraft/client/gui/components/MultiLineLabel$2;
[22:05:58] [main/DEBUG]: Skipping Lnet/minecraft/client/gui/components/MultiLineLabel$1;
[22:05:58] [main/DEBUG]: Skipping Lnet/minecraft/client/gui/components/MultiLineEditBox;
[22:05:58] [main/DEBUG]: Skipping Lnet/minecraft/client/gui/components/LogoRenderer;
[22:05:58] [main/DEBUG]: Skipping Lnet/minecraft/client/gui/components/LockIconButton;
[22:05:58] [main/DEBUG]: Skipping Lnet/minecraft/client/gui/components/LockIconButton$Icon;
[22:05:58] [main/DEBUG]: Skipping Lnet/minecraft/client/gui/components/LerpingBossEvent;
[22:05:58] [main/DEBUG]: Skipping Lnet/minecraft/client/gui/components/ImageWidget;
[22:05:58] [main/DEBUG]: Skipping Lnet/minecraft/client/gui/components/ImageButton;
[22:05:58] [main/DEBUG]: Skipping Lnet/minecraft/client/gui/components/FittingMultiLineTextWidget;
[22:05:58] [main/DEBUG]: Skipping Lnet/minecraft/client/gui/components/EditBox;
[22:05:58] [main/DEBUG]: Skipping Lnet/minecraft/client/gui/components/CycleButton;
[22:05:58] [main/DEBUG]: Skipping Lnet/minecraft/client/gui/components/CycleButton$ValueListSupplier;
[22:05:58] [main/DEBUG]: Skipping Lnet/minecraft/client/gui/components/CycleButton$ValueListSupplier$2;
[22:05:58] [main/DEBUG]: Skipping Lnet/minecraft/client/gui/components/CycleButton$ValueListSupplier$1;
[22:05:58] [main/DEBUG]: Skipping Lnet/minecraft/client/gui/components/CycleButton$OnValueChange;
[22:05:58] [main/DEBUG]: Skipping Lnet/minecraft/client/gui/components/CycleButton$Builder;
[22:05:58] [main/DEBUG]: Skipping Lnet/minecraft/client/gui/components/ContainerObjectSelectionList;
[22:05:58] [main/DEBUG]: Skipping Lnet/minecraft/client/gui/components/ContainerObjectSelectionList$Entry;
[22:05:58] [main/DEBUG]: Skipping Lnet/minecraft/client/gui/components/ContainerObjectSelectionList$1;
[22:05:58] [main/DEBUG]: Skipping Lnet/minecraft/client/gui/components/ComponentRenderUtils;
[22:05:58] [main/DEBUG]: Skipping Lnet/minecraft/client/gui/components/CommonButtons;
[22:05:58] [main/DEBUG]: Skipping Lnet/minecraft/client/gui/components/CommandSuggestions;
[22:05:58] [main/DEBUG]: Skipping Lnet/minecraft/client/gui/components/CommandSuggestions$SuggestionsList;
[22:05:58] [main/DEBUG]: Skipping Lnet/minecraft/client/gui/components/Checkbox;
[22:05:58] [main/DEBUG]: Skipping Lnet/minecraft/client/gui/components/ChatComponent;
[22:05:58] [main/DEBUG]: Skipping Lnet/minecraft/client/gui/components/ChatComponent$DelayedMessageDeletion;
[22:05:58] [main/DEBUG]: Skipping Lnet/minecraft/client/gui/components/AccessibilityOnboardingTextWidget;
[22:05:58] [main/DEBUG]: Skipping Lnet/minecraft/client/gui/components/AbstractStringWidget;
[22:05:58] [main/DEBUG]: Transforming class Lnet/minecraft/client/gui/components/AbstractSliderButton;
[22:05:58] [main/DEBUG]: Transforming net/minecraft/client/gui/components/AbstractSliderButton FIELD f_263683_ to access PUBLIC and LEAVE
[22:05:58] [main/DEBUG]: Transforming net/minecraft/client/gui/components/AbstractSliderButton METHOD m_264355_()I to access PROTECTED and LEAVE
[22:05:58] [main/DEBUG]: Transforming net/minecraft/client/gui/components/AbstractSliderButton METHOD m_264270_()I to access PROTECTED and LEAVE
[22:05:58] [main/DEBUG]: Skipping Lnet/minecraft/client/gui/components/AbstractScrollWidget;
[22:05:58] [main/DEBUG]: Skipping Lnet/minecraft/client/gui/components/AbstractOptionSliderButton;
[22:05:58] [main/DEBUG]: Transforming class Lnet/minecraft/client/gui/components/DebugScreenOverlay;
[22:05:58] [main/DEBUG]: Transforming net/minecraft/client/gui/components/DebugScreenOverlay FIELD f_94032_ to access PROTECTED and LEAVE
[22:05:58] [main/DEBUG]: Transforming net/minecraft/client/gui/components/DebugScreenOverlay FIELD f_94033_ to access PROTECTED and LEAVE
[22:05:58] [main/DEBUG]: Skipping Lnet/minecraft/client/gui/components/DebugScreenOverlay$AllocationRateCalculator;
[22:05:58] [main/DEBUG]: Skipping Lnet/minecraft/client/gui/components/DebugScreenOverlay$1;
[22:05:58] [main/DEBUG]: Skipping Lnet/minecraft/client/gui/components/Button;
[22:05:58] [main/DEBUG]: Skipping Lnet/minecraft/client/gui/components/Button$OnPress;
[22:05:58] [main/DEBUG]: Skipping Lnet/minecraft/client/gui/components/Button$CreateNarration;
[22:05:58] [main/DEBUG]: Skipping Lnet/minecraft/client/gui/components/Button$Builder;
[22:05:58] [main/DEBUG]: Skipping Lnet/minecraft/client/gui/components/BossHealthOverlay;
[22:05:58] [main/DEBUG]: Skipping Lnet/minecraft/client/gui/components/BossHealthOverlay$1;
[22:05:58] [main/DEBUG]: Skipping Lnet/minecraft/client/gui/components/AbstractWidget;
[22:05:58] [main/DEBUG]: Skipping Lnet/minecraft/client/gui/components/AbstractSelectionList;
[22:05:58] [main/DEBUG]: Skipping Lnet/minecraft/client/gui/components/AbstractSelectionList$TrackedList;
[22:05:58] [main/DEBUG]: Transforming class Lnet/minecraft/client/gui/components/AbstractSelectionList$Entry;
[22:05:58] [main/DEBUG]: Transforming net/minecraft/client/gui/components/AbstractSelectionList$Entry FIELD f_93521_ to access PROTECTED and LEAVE
[22:05:58] [main/DEBUG]: Skipping Lnet/minecraft/client/gui/components/AbstractSelectionList$1;
[22:05:58] [main/DEBUG]: Skipping Lnet/minecraft/client/gui/components/AbstractButton;
[22:05:58] [main/DEBUG]: Skipping Lnet/minecraft/client/gui/ComponentPath;
[22:05:58] [main/DEBUG]: Skipping Lnet/minecraft/client/gui/ComponentPath$Path;
[22:05:58] [main/DEBUG]: Skipping Lnet/minecraft/client/gui/ComponentPath$Leaf;
[22:05:58] [main/DEBUG]: Skipping Lnet/minecraft/client/gui/MapRenderer;
[22:05:58] [main/DEBUG]: Skipping Lnet/minecraft/client/gui/MapRenderer$MapInstance;
[22:05:58] [main/DEBUG]: Skipping Lnet/minecraft/client/gui/GuiGraphics;
[22:05:58] [main/DEBUG]: Skipping Lnet/minecraft/client/gui/GuiGraphics$ScissorStack;
[22:05:58] [main/DEBUG]: Transforming class Lnet/minecraft/client/gui/Gui;
[22:05:58] [main/DEBUG]: Transforming net/minecraft/client/gui/Gui FIELD f_92981_ to access PROTECTED and LEAVE
[22:05:58] [main/DEBUG]: Transforming net/minecraft/client/gui/Gui FIELD f_92982_ to access PROTECTED and LEAVE
[22:05:58] [main/DEBUG]: Transforming net/minecraft/client/gui/Gui FIELD f_92983_ to access PROTECTED and LEAVE
[22:05:58] [main/DEBUG]: Transforming net/minecraft/client/gui/Gui FIELD f_168665_ to access PROTECTED and LEAVE
[22:05:58] [main/DEBUG]: Transforming net/minecraft/client/gui/Gui FIELD f_168666_ to access PROTECTED and LEAVE
[22:05:58] [main/DEBUG]: Transforming net/minecraft/client/gui/Gui FIELD f_279580_ to access PROTECTED and LEAVE
[22:05:58] [main/DEBUG]: Transforming net/minecraft/client/gui/Gui FIELD f_92984_ to access PROTECTED and LEAVE
[22:05:58] [main/DEBUG]: Transforming net/minecraft/client/gui/Gui FIELD f_193830_ to access PROTECTED and LEAVE
[22:05:58] [main/DEBUG]: Transforming net/minecraft/client/gui/Gui FIELD f_168667_ to access PROTECTED and LEAVE
[22:05:58] [main/DEBUG]: Transforming net/minecraft/client/gui/Gui FIELD f_168668_ to access PROTECTED and LEAVE
[22:05:58] [main/DEBUG]: Transforming net/minecraft/client/gui/Gui FIELD f_168669_ to access PROTECTED and LEAVE
[22:05:58] [main/DEBUG]: Transforming net/minecraft/client/gui/Gui FIELD f_168670_ to access PROTECTED and LEAVE
[22:05:58] [main/DEBUG]: Transforming net/minecraft/client/gui/Gui FIELD f_168671_ to access PROTECTED and LEAVE
[22:05:58] [main/DEBUG]: Transforming net/minecraft/client/gui/Gui FIELD f_168672_ to access PROTECTED and LEAVE
[22:05:58] [main/DEBUG]: Transforming net/minecraft/client/gui/Gui FIELD f_168673_ to access PROTECTED and LEAVE
[22:05:58] [main/DEBUG]: Transforming net/minecraft/client/gui/Gui FIELD f_168674_ to access PROTECTED and LEAVE
[22:05:58] [main/DEBUG]: Transforming net/minecraft/client/gui/Gui FIELD f_193831_ to access PROTECTED and LEAVE
[22:05:58] [main/DEBUG]: Transforming net/minecraft/client/gui/Gui FIELD f_92985_ to access PROTECTED and LEAVE
[22:05:58] [main/DEBUG]: Transforming net/minecraft/client/gui/Gui FIELD f_92986_ to access PROTECTED and LEAVE
[22:05:58] [main/DEBUG]: Transforming net/minecraft/client/gui/Gui FIELD f_92987_ to access PROTECTED and LEAVE
[22:05:58] [main/DEBUG]: Transforming net/minecraft/client/gui/Gui FIELD f_92988_ to access PROTECTED and LEAVE
[22:05:58] [main/DEBUG]: Transforming net/minecraft/client/gui/Gui FIELD f_92989_ to access PROTECTED and LEAVE
[22:05:58] [main/DEBUG]: Transforming net/minecraft/client/gui/Gui FIELD f_92990_ to access PROTECTED and LEAVE
[22:05:58] [main/DEBUG]: Transforming net/minecraft/client/gui/Gui FIELD f_92991_ to access PROTECTED and LEAVE
[22:05:58] [main/DEBUG]: Transforming net/minecraft/client/gui/Gui FIELD f_92992_ to access PROTECTED and LEAVE
[22:05:58] [main/DEBUG]: Transforming net/minecraft/client/gui/Gui FIELD f_238167_ to access PROTECTED and LEAVE
[22:05:58] [main/DEBUG]: Transforming net/minecraft/client/gui/Gui FIELD f_92993_ to access PROTECTED and LEAVE
[22:05:58] [main/DEBUG]: Transforming net/minecraft/client/gui/Gui FIELD f_92994_ to access PROTECTED and LEAVE
[22:05:58] [main/DEBUG]: Transforming net/minecraft/client/gui/Gui FIELD f_92995_ to access PROTECTED and LEAVE
[22:05:58] [main/DEBUG]: Transforming net/minecraft/client/gui/Gui FIELD f_92996_ to access PROTECTED and LEAVE
[22:05:58] [main/DEBUG]: Transforming net/minecraft/client/gui/Gui FIELD f_92997_ to access PROTECTED and LEAVE
[22:05:58] [main/DEBUG]: Transforming net/minecraft/client/gui/Gui FIELD f_92998_ to access PROTECTED and LEAVE
[22:05:58] [main/DEBUG]: Transforming net/minecraft/client/gui/Gui FIELD f_92999_ to access PROTECTED and LEAVE
[22:05:58] [main/DEBUG]: Transforming net/minecraft/client/gui/Gui FIELD f_93000_ to access PROTECTED and LEAVE
[22:05:58] [main/DEBUG]: Transforming net/minecraft/client/gui/Gui FIELD f_93001_ to access PROTECTED and LEAVE
[22:05:58] [main/DEBUG]: Transforming net/minecraft/client/gui/Gui FIELD f_93002_ to access PROTECTED and LEAVE
[22:05:58] [main/DEBUG]: Transforming net/minecraft/client/gui/Gui FIELD f_92970_ to access PROTECTED and LEAVE
[22:05:58] [main/DEBUG]: Transforming net/minecraft/client/gui/Gui FIELD f_92971_ to access PROTECTED and LEAVE
[22:05:58] [main/DEBUG]: Transforming net/minecraft/client/gui/Gui FIELD f_92972_ to access PROTECTED and LEAVE
[22:05:58] [main/DEBUG]: Transforming net/minecraft/client/gui/Gui FIELD f_92973_ to access PROTECTED and LEAVE
[22:05:58] [main/DEBUG]: Transforming net/minecraft/client/gui/Gui FIELD f_92974_ to access PROTECTED and LEAVE
[22:05:58] [main/DEBUG]: Transforming net/minecraft/client/gui/Gui FIELD f_92975_ to access PROTECTED and LEAVE
[22:05:58] [main/DEBUG]: Transforming net/minecraft/client/gui/Gui FIELD f_92976_ to access PROTECTED and LEAVE
[22:05:58] [main/DEBUG]: Transforming net/minecraft/client/gui/Gui FIELD f_92977_ to access PROTECTED and LEAVE
[22:05:58] [main/DEBUG]: Transforming net/minecraft/client/gui/Gui FIELD f_92978_ to access PROTECTED and LEAVE
[22:05:58] [main/DEBUG]: Transforming net/minecraft/client/gui/Gui FIELD f_193828_ to access PROTECTED and LEAVE
[22:05:58] [main/DEBUG]: Transforming net/minecraft/client/gui/Gui FIELD f_193829_ to access PROTECTED and LEAVE
[22:05:58] [main/DEBUG]: Transforming net/minecraft/client/gui/Gui FIELD f_168664_ to access PROTECTED and LEAVE
[22:05:58] [main/DEBUG]: Transforming net/minecraft/client/gui/Gui METHOD m_93039_(Lnet/minecraft/client/gui/GuiGraphics;Lnet/minecraft/client/gui/Font;III)V to access PROTECTED and LEAVE
[22:05:58] [main/DEBUG]: Transforming net/minecraft/client/gui/Gui METHOD m_280130_(Lnet/minecraft/client/gui/GuiGraphics;)V to access PUBLIC and LEAVE
[22:05:58] [main/DEBUG]: Transforming net/minecraft/client/gui/Gui METHOD m_280523_(Lnet/minecraft/client/gui/GuiGraphics;)V to access PUBLIC and LEAVE
[22:05:58] [main/DEBUG]: Transforming net/minecraft/client/gui/Gui METHOD m_280518_(FLnet/minecraft/client/gui/GuiGraphics;)V to access PUBLIC and LEAVE
[22:05:58] [main/DEBUG]: Transforming net/minecraft/client/gui/Gui METHOD m_280030_(Lnet/minecraft/client/gui/GuiGraphics;Lnet/minecraft/world/scores/Objective;)V to access PUBLIC and LEAVE
[22:05:58] [main/DEBUG]: Transforming net/minecraft/client/gui/Gui METHOD m_168688_(Lnet/minecraft/client/gui/GuiGraphics;Lnet/minecraft/world/entity/player/Player;IIIIFIIIZ)V to access PROTECTED and LEAVE
[22:05:58] [main/DEBUG]: Transforming net/minecraft/client/gui/Gui METHOD m_280155_(Lnet/minecraft/client/gui/GuiGraphics;Lnet/minecraft/resources/ResourceLocation;F)V to access PROTECTED and LEAVE
[22:05:58] [main/DEBUG]: Transforming net/minecraft/client/gui/Gui METHOD m_280278_(Lnet/minecraft/client/gui/GuiGraphics;F)V to access PUBLIC and LEAVE
[22:05:58] [main/DEBUG]: Transforming net/minecraft/client/gui/Gui METHOD m_280154_(Lnet/minecraft/client/gui/GuiGraphics;Lnet/minecraft/world/entity/Entity;)V to access PUBLIC and LEAVE
[22:05:58] [main/DEBUG]: Transforming net/minecraft/client/gui/Gui METHOD m_280379_(Lnet/minecraft/client/gui/GuiGraphics;F)V to access PROTECTED and LEAVE
[22:05:58] [main/DEBUG]: Skipping Lnet/minecraft/client/gui/Gui$HeartType;
[22:05:58] [main/DEBUG]: Skipping Lnet/minecraft/client/gui/Font;
[22:05:58] [main/DEBUG]: Skipping Lnet/minecraft/client/gui/Font$StringRenderOutput;
[22:05:58] [main/DEBUG]: Skipping Lnet/minecraft/client/gui/Font$DisplayMode;
[22:05:58] [main/DEBUG]: Skipping Lnet/minecraft/client/color/item/package-info;
[22:05:58] [main/DEBUG]: Skipping Lnet/minecraft/client/color/item/ItemColor;
[22:05:58] [main/DEBUG]: Skipping Lnet/minecraft/client/color/item/ItemColors;
[22:05:58] [main/DEBUG]: Skipping Lnet/minecraft/client/color/block/package-info;
[22:05:58] [main/DEBUG]: Skipping Lnet/minecraft/client/color/block/BlockTintCache;
[22:05:58] [main/DEBUG]: Skipping Lnet/minecraft/client/color/block/BlockTintCache$LatestCacheInfo;
[22:05:58] [main/DEBUG]: Skipping Lnet/minecraft/client/color/block/BlockTintCache$CacheData;
[22:05:58] [main/DEBUG]: Skipping Lnet/minecraft/client/color/block/BlockColor;
[22:05:58] [main/DEBUG]: Skipping Lnet/minecraft/client/color/block/BlockColors;
[22:05:58] [main/DEBUG]: Skipping Lnet/minecraft/client/animation/package-info;
[22:05:58] [main/DEBUG]: Skipping Lnet/minecraft/client/animation/definitions/package-info;
[22:05:58] [main/DEBUG]: Skipping Lnet/minecraft/client/animation/definitions/WardenAnimation;
[22:05:58] [main/DEBUG]: Skipping Lnet/minecraft/client/animation/definitions/SnifferAnimation;
[22:05:58] [main/DEBUG]: Skipping Lnet/minecraft/client/animation/definitions/FrogAnimation;
[22:05:58] [main/DEBUG]: Skipping Lnet/minecraft/client/animation/definitions/CamelAnimation;
[22:05:58] [main/DEBUG]: Skipping Lnet/minecraft/client/animation/KeyframeAnimations;
[22:05:58] [main/DEBUG]: Skipping Lnet/minecraft/client/animation/Keyframe;
[22:05:58] [main/DEBUG]: Skipping Lnet/minecraft/client/animation/AnimationDefinition;
[22:05:58] [main/DEBUG]: Skipping Lnet/minecraft/client/animation/AnimationDefinition$Builder;
[22:05:58] [main/DEBUG]: Skipping Lnet/minecraft/client/animation/AnimationChannel;
[22:05:58] [main/DEBUG]: Skipping Lnet/minecraft/client/animation/AnimationChannel$Targets;
[22:05:58] [main/DEBUG]: Skipping Lnet/minecraft/client/animation/AnimationChannel$Target;
[22:05:58] [main/DEBUG]: Skipping Lnet/minecraft/client/animation/AnimationChannel$Interpolations;
[22:05:58] [main/DEBUG]: Skipping Lnet/minecraft/client/animation/AnimationChannel$Interpolation;
[22:05:58] [main/DEBUG]: Skipping Lnet/minecraft/client/Timer;
[22:05:58] [main/DEBUG]: Skipping Lnet/minecraft/client/StringSplitter;
[22:05:58] [main/DEBUG]: Skipping Lnet/minecraft/client/StringSplitter$WidthProvider;
[22:05:58] [main/DEBUG]: Skipping Lnet/minecraft/client/StringSplitter$WidthLimitedCharSink;
[22:05:58] [main/DEBUG]: Skipping Lnet/minecraft/client/StringSplitter$LinePosConsumer;
[22:05:58] [main/DEBUG]: Skipping Lnet/minecraft/client/StringSplitter$LineComponent;
[22:05:58] [main/DEBUG]: Skipping Lnet/minecraft/client/StringSplitter$LineBreakFinder;
[22:05:58] [main/DEBUG]: Skipping Lnet/minecraft/client/StringSplitter$FlatComponents;
[22:05:58] [main/DEBUG]: Skipping Lnet/minecraft/client/StringSplitter$1;
[22:05:58] [main/DEBUG]: Skipping Lnet/minecraft/client/ResourceLoadStateTracker;
[22:05:58] [main/DEBUG]: Skipping Lnet/minecraft/client/ResourceLoadStateTracker$ReloadState;
[22:05:58] [main/DEBUG]: Skipping Lnet/minecraft/client/ResourceLoadStateTracker$ReloadReason;
[22:05:58] [main/DEBUG]: Skipping Lnet/minecraft/client/ResourceLoadStateTracker$RecoveryInfo;
[22:05:58] [main/DEBUG]: Skipping Lnet/minecraft/client/Realms32BitWarningStatus;
[22:05:58] [main/DEBUG]: Skipping Lnet/minecraft/client/PrioritizeChunkUpdates;
[22:05:58] [main/DEBUG]: Skipping Lnet/minecraft/client/PeriodicNotificationManager;
[22:05:58] [main/DEBUG]: Skipping Lnet/minecraft/client/PeriodicNotificationManager$NotificationTask;
[22:05:58] [main/DEBUG]: Skipping Lnet/minecraft/client/PeriodicNotificationManager$Notification;
[22:05:58] [main/DEBUG]: Skipping Lnet/minecraft/client/ParticleStatus;
[22:05:58] [main/DEBUG]: Skipping Lnet/minecraft/client/OptionInstance;
[22:05:58] [main/DEBUG]: Skipping Lnet/minecraft/client/OptionInstance$ValueSet;
[22:05:58] [main/DEBUG]: Skipping Lnet/minecraft/client/OptionInstance$UnitDouble;
[22:05:58] [main/DEBUG]: Skipping Lnet/minecraft/client/OptionInstance$UnitDouble$1;
[22:05:58] [main/DEBUG]: Skipping Lnet/minecraft/client/OptionInstance$TooltipSupplier;
[22:05:58] [main/DEBUG]: Skipping Lnet/minecraft/client/OptionInstance$SliderableValueSet;
[22:05:58] [main/DEBUG]: Skipping Lnet/minecraft/client/OptionInstance$SliderableOrCyclableValueSet;
[22:05:58] [main/DEBUG]: Skipping Lnet/minecraft/client/OptionInstance$OptionInstanceSliderButton;
[22:05:58] [main/DEBUG]: Skipping Lnet/minecraft/client/OptionInstance$LazyEnum;
[22:05:58] [main/DEBUG]: Skipping Lnet/minecraft/client/OptionInstance$IntRangeBase;
[22:05:58] [main/DEBUG]: Skipping Lnet/minecraft/client/OptionInstance$IntRangeBase$1;
[22:05:58] [main/DEBUG]: Skipping Lnet/minecraft/client/OptionInstance$IntRange;
[22:05:58] [main/DEBUG]: Skipping Lnet/minecraft/client/OptionInstance$Enum;
[22:05:58] [main/DEBUG]: Skipping Lnet/minecraft/client/OptionInstance$CycleableValueSet;
[22:05:58] [main/DEBUG]: Skipping Lnet/minecraft/client/OptionInstance$CycleableValueSet$ValueSetter;
[22:05:58] [main/DEBUG]: Skipping Lnet/minecraft/client/OptionInstance$ClampingLazyMaxIntRange;
[22:05:58] [main/DEBUG]: Skipping Lnet/minecraft/client/OptionInstance$CaptionBasedToString;
[22:05:58] [main/DEBUG]: Skipping Lnet/minecraft/client/OptionInstance$AltEnum;
[22:05:58] [main/DEBUG]: Skipping Lnet/minecraft/client/NarratorStatus;
[22:05:58] [main/DEBUG]: Skipping Lnet/minecraft/client/InputType;
[22:05:58] [main/DEBUG]: Skipping Lnet/minecraft/client/HotbarManager;
[22:05:58] [main/DEBUG]: Skipping Lnet/minecraft/client/GuiMessageTag;
[22:05:58] [main/DEBUG]: Skipping Lnet/minecraft/client/GuiMessageTag$Icon;
[22:05:58] [main/DEBUG]: Skipping Lnet/minecraft/client/GuiMessage;
[22:05:58] [main/DEBUG]: Skipping Lnet/minecraft/client/GuiMessage$Line;
[22:05:58] [main/DEBUG]: Skipping Lnet/minecraft/client/GraphicsStatus;
[22:05:58] [main/DEBUG]: Skipping Lnet/minecraft/client/GraphicsStatus$1;
[22:05:58] [main/DEBUG]: Skipping Lnet/minecraft/client/GameNarrator;
[22:05:58] [main/DEBUG]: Skipping Lnet/minecraft/client/GameNarrator$NarratorInitException;
[22:05:58] [main/DEBUG]: Skipping Lnet/minecraft/client/DebugQueryHandler;
[22:05:58] [main/DEBUG]: Skipping Lnet/minecraft/client/ComponentCollector;
[22:05:58] [main/DEBUG]: Skipping Lnet/minecraft/client/CloudStatus;
[22:05:58] [main/DEBUG]: Skipping Lnet/minecraft/client/CameraType;
[22:05:58] [main/DEBUG]: Skipping Lnet/minecraft/client/AttackIndicatorStatus;
[22:05:58] [main/DEBUG]: Skipping Lnet/minecraft/client/User;
[22:05:58] [main/DEBUG]: Skipping Lnet/minecraft/client/User$Type;
[22:05:58] [main/DEBUG]: Skipping Lnet/minecraft/client/ToggleKeyMapping;
[22:05:58] [main/DEBUG]: Skipping Lnet/minecraft/client/Screenshot;
[22:05:58] [main/DEBUG]: Skipping Lnet/minecraft/client/RecipeBookCategories;
[22:05:58] [main/DEBUG]: Skipping Lnet/minecraft/client/RecipeBookCategories$1;
[22:05:58] [main/DEBUG]: Transforming class Lnet/minecraft/client/Options;
[22:05:58] [main/DEBUG]: Transforming net/minecraft/client/Options INNERCLASS FieldAccess to access PUBLIC and LEAVE
[22:05:58] [main/DEBUG]: Transforming net/minecraft/client/Options FIELD f_92059_ to access PUBLIC and REMOVEFINAL
[22:05:58] [main/DEBUG]: Transforming class Lnet/minecraft/client/Options$FieldAccess;
[22:05:58] [main/DEBUG]: Transforming net/minecraft/client/Options$FieldAccess CLASS to access PUBLIC and LEAVE
[22:05:58] [main/DEBUG]: Skipping Lnet/minecraft/client/Options$4;
[22:05:58] [main/DEBUG]: Skipping Lnet/minecraft/client/Options$3;
[22:05:58] [main/DEBUG]: Skipping Lnet/minecraft/client/Options$2;
[22:05:58] [main/DEBUG]: Skipping Lnet/minecraft/client/Options$1;
[22:05:58] [main/DEBUG]: Skipping Lnet/minecraft/client/MouseHandler;
[22:05:58] [main/DEBUG]: Transforming class Lnet/minecraft/client/Minecraft;
[22:05:58] [main/DEBUG]: Transforming net/minecraft/client/Minecraft FIELD f_90987_ to access PUBLIC and LEAVE
[22:05:58] [main/DEBUG]: Transforming net/minecraft/client/Minecraft METHOD m_91271_()V to access PUBLIC and LEAVE
[22:05:58] [main/DEBUG]: Skipping Lnet/minecraft/client/Minecraft$ChatStatus;
[22:05:58] [main/DEBUG]: Skipping Lnet/minecraft/client/Minecraft$ChatStatus$4;
[22:05:58] [main/DEBUG]: Skipping Lnet/minecraft/client/Minecraft$ChatStatus$3;
[22:05:58] [main/DEBUG]: Skipping Lnet/minecraft/client/Minecraft$ChatStatus$2;
[22:05:58] [main/DEBUG]: Skipping Lnet/minecraft/client/Minecraft$ChatStatus$1;
[22:05:58] [main/DEBUG]: Skipping Lnet/minecraft/client/Minecraft$1;
[22:05:58] [main/DEBUG]: Skipping Lnet/minecraft/client/KeyboardHandler;
[22:05:58] [main/DEBUG]: Skipping Lnet/minecraft/client/KeyboardHandler$1;
[22:05:58] [main/DEBUG]: Transforming class Lnet/minecraft/client/KeyMapping;
[22:05:58] [main/DEBUG]: Transforming net/minecraft/client/KeyMapping FIELD f_90817_ to access DEFAULT and LEAVE
[22:05:58] [main/DEBUG]: Skipping Lnet/minecraft/client/ClientRecipeBook;
[22:05:58] [main/DEBUG]: Skipping Lnet/minecraft/client/ClientRecipeBook$1;
[22:05:58] [main/DEBUG]: Skipping Lnet/minecraft/client/ClientBrandRetriever;
[22:05:58] [main/DEBUG]: Skipping Lnet/minecraft/client/Camera;
[22:05:58] [main/DEBUG]: Skipping Lnet/minecraft/client/Camera$NearPlane;
[22:05:58] [main/DEBUG]: Skipping Lnet/minecraft/advancements/package-info;
[22:05:58] [main/DEBUG]: Skipping Lnet/minecraft/advancements/critereon/package-info;
[22:05:58] [main/DEBUG]: Skipping Lnet/minecraft/advancements/critereon/WrappedMinMaxBounds;
[22:05:58] [main/DEBUG]: Skipping Lnet/minecraft/advancements/critereon/UsingItemTrigger;
[22:05:58] [main/DEBUG]: Skipping Lnet/minecraft/advancements/critereon/UsingItemTrigger$TriggerInstance;
[22:05:58] [main/DEBUG]: Skipping Lnet/minecraft/advancements/critereon/UsedTotemTrigger;
[22:05:58] [main/DEBUG]: Skipping Lnet/minecraft/advancements/critereon/UsedTotemTrigger$TriggerInstance;
[22:05:58] [main/DEBUG]: Skipping Lnet/minecraft/advancements/critereon/UsedEnderEyeTrigger;
[22:05:58] [main/DEBUG]: Skipping Lnet/minecraft/advancements/critereon/UsedEnderEyeTrigger$TriggerInstance;
[22:05:58] [main/DEBUG]: Skipping Lnet/minecraft/advancements/critereon/TradeTrigger;
[22:05:58] [main/DEBUG]: Skipping Lnet/minecraft/advancements/critereon/TradeTrigger$TriggerInstance;
[22:05:58] [main/DEBUG]: Skipping Lnet/minecraft/advancements/critereon/TargetBlockTrigger;
[22:05:58] [main/DEBUG]: Skipping Lnet/minecraft/advancements/critereon/TargetBlockTrigger$TriggerInstance;
[22:05:58] [main/DEBUG]: Skipping Lnet/minecraft/advancements/critereon/TameAnimalTrigger;
[22:05:58] [main/DEBUG]: Skipping Lnet/minecraft/advancements/critereon/TameAnimalTrigger$TriggerInstance;
[22:05:58] [main/DEBUG]: Skipping Lnet/minecraft/advancements/critereon/TagPredicate;
[22:05:58] [main/DEBUG]: Skipping Lnet/minecraft/advancements/critereon/SummonedEntityTrigger;
[22:05:58] [main/DEBUG]: Skipping Lnet/minecraft/advancements/critereon/SummonedEntityTrigger$TriggerInstance;
[22:05:58] [main/DEBUG]: Skipping Lnet/minecraft/advancements/critereon/StatePropertiesPredicate;
[22:05:58] [main/DEBUG]: Skipping Lnet/minecraft/advancements/critereon/StatePropertiesPredicate$RangedPropertyMatcher;
[22:05:58] [main/DEBUG]: Skipping Lnet/minecraft/advancements/critereon/StatePropertiesPredicate$PropertyMatcher;
[22:05:58] [main/DEBUG]: Skipping Lnet/minecraft/advancements/critereon/StatePropertiesPredicate$ExactPropertyMatcher;
[22:05:58] [main/DEBUG]: Skipping Lnet/minecraft/advancements/critereon/StatePropertiesPredicate$Builder;
[22:05:58] [main/DEBUG]: Skipping Lnet/minecraft/advancements/critereon/StartRidingTrigger;
[22:05:58] [main/DEBUG]: Skipping Lnet/minecraft/advancements/critereon/StartRidingTrigger$TriggerInstance;
[22:05:58] [main/DEBUG]: Skipping Lnet/minecraft/advancements/critereon/SlimePredicate;
[22:05:58] [main/DEBUG]: Skipping Lnet/minecraft/advancements/critereon/SlideDownBlockTrigger;
[22:05:58] [main/DEBUG]: Skipping Lnet/minecraft/advancements/critereon/SlideDownBlockTrigger$TriggerInstance;
[22:05:58] [main/DEBUG]: Skipping Lnet/minecraft/advancements/critereon/SimpleCriterionTrigger;
[22:05:58] [main/DEBUG]: Skipping Lnet/minecraft/advancements/critereon/ShotCrossbowTrigger;
[22:05:58] [main/DEBUG]: Skipping Lnet/minecraft/advancements/critereon/ShotCrossbowTrigger$TriggerInstance;
[22:05:58] [main/DEBUG]: Skipping Lnet/minecraft/advancements/critereon/SerializationContext;
[22:05:58] [main/DEBUG]: Skipping Lnet/minecraft/advancements/critereon/RecipeUnlockedTrigger;
[22:05:58] [main/DEBUG]: Skipping Lnet/minecraft/advancements/critereon/RecipeUnlockedTrigger$TriggerInstance;
[22:05:58] [main/DEBUG]: Skipping Lnet/minecraft/advancements/critereon/RecipeCraftedTrigger;
[22:05:58] [main/DEBUG]: Skipping Lnet/minecraft/advancements/critereon/RecipeCraftedTrigger$TriggerInstance;
[22:05:58] [main/DEBUG]: Skipping Lnet/minecraft/advancements/critereon/PlayerTrigger;
[22:05:58] [main/DEBUG]: Skipping Lnet/minecraft/advancements/critereon/PlayerTrigger$TriggerInstance;
[22:05:58] [main/DEBUG]: Skipping Lnet/minecraft/advancements/critereon/PlayerPredicate;
[22:05:58] [main/DEBUG]: Skipping Lnet/minecraft/advancements/critereon/PlayerPredicate$Builder;
[22:05:58] [main/DEBUG]: Skipping Lnet/minecraft/advancements/critereon/PlayerPredicate$AdvancementPredicate;
[22:05:58] [main/DEBUG]: Skipping Lnet/minecraft/advancements/critereon/PlayerPredicate$AdvancementDonePredicate;
[22:05:58] [main/DEBUG]: Skipping Lnet/minecraft/advancements/critereon/PlayerPredicate$AdvancementCriterionsPredicate;
[22:05:58] [main/DEBUG]: Skipping Lnet/minecraft/advancements/critereon/PlayerInteractTrigger;
[22:05:58] [main/DEBUG]: Skipping Lnet/minecraft/advancements/critereon/PlayerInteractTrigger$TriggerInstance;
[22:05:58] [main/DEBUG]: Skipping Lnet/minecraft/advancements/critereon/PlayerHurtEntityTrigger;
[22:05:58] [main/DEBUG]: Skipping Lnet/minecraft/advancements/critereon/PlayerHurtEntityTrigger$TriggerInstance;
[22:05:58] [main/DEBUG]: Skipping Lnet/minecraft/advancements/critereon/PickedUpItemTrigger;
[22:05:58] [main/DEBUG]: Skipping Lnet/minecraft/advancements/critereon/PickedUpItemTrigger$TriggerInstance;
[22:05:58] [main/DEBUG]: Skipping Lnet/minecraft/advancements/critereon/NbtPredicate;
[22:05:58] [main/DEBUG]: Skipping Lnet/minecraft/advancements/critereon/MobEffectsPredicate;
[22:05:58] [main/DEBUG]: Skipping Lnet/minecraft/advancements/critereon/MobEffectsPredicate$MobEffectInstancePredicate;
[22:05:58] [main/DEBUG]: Skipping Lnet/minecraft/advancements/critereon/MinMaxBounds;
[22:05:58] [main/DEBUG]: Skipping Lnet/minecraft/advancements/critereon/MinMaxBounds$Ints;
[22:05:58] [main/DEBUG]: Skipping Lnet/minecraft/advancements/critereon/MinMaxBounds$Doubles;
[22:05:58] [main/DEBUG]: Skipping Lnet/minecraft/advancements/critereon/MinMaxBounds$BoundsFromReaderFactory;
[22:05:58] [main/DEBUG]: Skipping Lnet/minecraft/advancements/critereon/MinMaxBounds$BoundsFactory;
[22:05:58] [main/DEBUG]: Skipping Lnet/minecraft/advancements/critereon/LootTableTrigger;
[22:05:58] [main/DEBUG]: Skipping Lnet/minecraft/advancements/critereon/LootTableTrigger$TriggerInstance;
[22:05:58] [main/DEBUG]: Skipping Lnet/minecraft/advancements/critereon/LocationPredicate;
[22:05:58] [main/DEBUG]: Skipping Lnet/minecraft/advancements/critereon/LocationPredicate$Builder;
[22:05:58] [main/DEBUG]: Skipping Lnet/minecraft/advancements/critereon/LightningStrikeTrigger;
[22:05:58] [main/DEBUG]: Skipping Lnet/minecraft/advancements/critereon/LightningStrikeTrigger$TriggerInstance;
[22:05:58] [main/DEBUG]: Skipping Lnet/minecraft/advancements/critereon/LighthingBoltPredicate;
[22:05:58] [main/DEBUG]: Skipping Lnet/minecraft/advancements/critereon/LightPredicate;
[22:05:58] [main/DEBUG]: Skipping Lnet/minecraft/advancements/critereon/LightPredicate$Builder;
[22:05:58] [main/DEBUG]: Skipping Lnet/minecraft/advancements/critereon/LevitationTrigger;
[22:05:58] [main/DEBUG]: Skipping Lnet/minecraft/advancements/critereon/LevitationTrigger$TriggerInstance;
[22:05:58] [main/DEBUG]: Skipping Lnet/minecraft/advancements/critereon/KilledTrigger;
[22:05:58] [main/DEBUG]: Skipping Lnet/minecraft/advancements/critereon/KilledTrigger$TriggerInstance;
[22:05:58] [main/DEBUG]: Skipping Lnet/minecraft/advancements/critereon/KilledByCrossbowTrigger;
[22:05:58] [main/DEBUG]: Skipping Lnet/minecraft/advancements/critereon/KilledByCrossbowTrigger$TriggerInstance;
[22:05:58] [main/DEBUG]: Skipping Lnet/minecraft/advancements/critereon/ItemUsedOnLocationTrigger;
[22:05:58] [main/DEBUG]: Skipping Lnet/minecraft/advancements/critereon/ItemUsedOnLocationTrigger$TriggerInstance;
[22:05:58] [main/DEBUG]: Skipping Lnet/minecraft/advancements/critereon/ItemDurabilityTrigger;
[22:05:58] [main/DEBUG]: Skipping Lnet/minecraft/advancements/critereon/ItemDurabilityTrigger$TriggerInstance;
[22:05:58] [main/DEBUG]: Skipping Lnet/minecraft/advancements/critereon/InventoryChangeTrigger;
[22:05:58] [main/DEBUG]: Skipping Lnet/minecraft/advancements/critereon/InventoryChangeTrigger$TriggerInstance;
[22:05:58] [main/DEBUG]: Skipping Lnet/minecraft/advancements/critereon/ImpossibleTrigger;
[22:05:58] [main/DEBUG]: Skipping Lnet/minecraft/advancements/critereon/ImpossibleTrigger$TriggerInstance;
[22:05:58] [main/DEBUG]: Skipping Lnet/minecraft/advancements/critereon/FluidPredicate;
[22:05:58] [main/DEBUG]: Skipping Lnet/minecraft/advancements/critereon/FluidPredicate$Builder;
[22:05:58] [main/DEBUG]: Skipping Lnet/minecraft/advancements/critereon/FishingRodHookedTrigger;
[22:05:58] [main/DEBUG]: Skipping Lnet/minecraft/advancements/critereon/FishingRodHookedTrigger$TriggerInstance;
[22:05:58] [main/DEBUG]: Skipping Lnet/minecraft/advancements/critereon/FishingHookPredicate;
[22:05:58] [main/DEBUG]: Skipping Lnet/minecraft/advancements/critereon/FilledBucketTrigger;
[22:05:58] [main/DEBUG]: Skipping Lnet/minecraft/advancements/critereon/FilledBucketTrigger$TriggerInstance;
[22:05:58] [main/DEBUG]: Skipping Lnet/minecraft/advancements/critereon/EntityVariantPredicate;
[22:05:58] [main/DEBUG]: Skipping Lnet/minecraft/advancements/critereon/EntityVariantPredicate$1;
[22:05:58] [main/DEBUG]: Skipping Lnet/minecraft/advancements/critereon/EntityTypePredicate;
[22:05:58] [main/DEBUG]: Skipping Lnet/minecraft/advancements/critereon/EntityTypePredicate$TypePredicate;
[22:05:58] [main/DEBUG]: Skipping Lnet/minecraft/advancements/critereon/EntityTypePredicate$TagPredicate;
[22:05:58] [main/DEBUG]: Skipping Lnet/minecraft/advancements/critereon/EntityTypePredicate$1;
[22:05:58] [main/DEBUG]: Skipping Lnet/minecraft/advancements/critereon/EntitySubPredicate;
[22:05:58] [main/DEBUG]: Skipping Lnet/minecraft/advancements/critereon/EntitySubPredicate$Types;
[22:05:58] [main/DEBUG]: Skipping Lnet/minecraft/advancements/critereon/EntitySubPredicate$Type;
[22:05:58] [main/DEBUG]: Skipping Lnet/minecraft/advancements/critereon/EntitySubPredicate$1;
[22:05:58] [main/DEBUG]: Skipping Lnet/minecraft/advancements/critereon/EntityPredicate;
[22:05:58] [main/DEBUG]: Skipping Lnet/minecraft/advancements/critereon/EntityPredicate$Builder;
[22:05:58] [main/DEBUG]: Skipping Lnet/minecraft/advancements/critereon/EntityHurtPlayerTrigger;
[22:05:58] [main/DEBUG]: Skipping Lnet/minecraft/advancements/critereon/EntityHurtPlayerTrigger$TriggerInstance;
[22:05:58] [main/DEBUG]: Skipping Lnet/minecraft/advancements/critereon/EntityFlagsPredicate;
[22:05:58] [main/DEBUG]: Skipping Lnet/minecraft/advancements/critereon/EntityFlagsPredicate$Builder;
[22:05:58] [main/DEBUG]: Skipping Lnet/minecraft/advancements/critereon/EntityEquipmentPredicate;
[22:05:58] [main/DEBUG]: Skipping Lnet/minecraft/advancements/critereon/EntityEquipmentPredicate$Builder;
[22:05:58] [main/DEBUG]: Skipping Lnet/minecraft/advancements/critereon/EnterBlockTrigger;
[22:05:58] [main/DEBUG]: Skipping Lnet/minecraft/advancements/critereon/EnterBlockTrigger$TriggerInstance;
[22:05:58] [main/DEBUG]: Skipping Lnet/minecraft/advancements/critereon/EnchantmentPredicate;
[22:05:58] [main/DEBUG]: Skipping Lnet/minecraft/advancements/critereon/EnchantedItemTrigger;
[22:05:58] [main/DEBUG]: Skipping Lnet/minecraft/advancements/critereon/EnchantedItemTrigger$TriggerInstance;
[22:05:58] [main/DEBUG]: Skipping Lnet/minecraft/advancements/critereon/EffectsChangedTrigger;
[22:05:58] [main/DEBUG]: Skipping Lnet/minecraft/advancements/critereon/EffectsChangedTrigger$TriggerInstance;
[22:05:58] [main/DEBUG]: Skipping Lnet/minecraft/advancements/critereon/DistanceTrigger;
[22:05:58] [main/DEBUG]: Skipping Lnet/minecraft/advancements/critereon/DistanceTrigger$TriggerInstance;
[22:05:58] [main/DEBUG]: Skipping Lnet/minecraft/advancements/critereon/DistancePredicate;
[22:05:58] [main/DEBUG]: Skipping Lnet/minecraft/advancements/critereon/DeserializationContext;
[22:05:58] [main/DEBUG]: Skipping Lnet/minecraft/advancements/critereon/DamageSourcePredicate;
[22:05:58] [main/DEBUG]: Skipping Lnet/minecraft/advancements/critereon/DamageSourcePredicate$Builder;
[22:05:58] [main/DEBUG]: Skipping Lnet/minecraft/advancements/critereon/DamagePredicate;
[22:05:58] [main/DEBUG]: Skipping Lnet/minecraft/advancements/critereon/DamagePredicate$Builder;
[22:05:58] [main/DEBUG]: Skipping Lnet/minecraft/advancements/critereon/CuredZombieVillagerTrigger;
[22:05:58] [main/DEBUG]: Skipping Lnet/minecraft/advancements/critereon/CuredZombieVillagerTrigger$TriggerInstance;
[22:05:58] [main/DEBUG]: Skipping Lnet/minecraft/advancements/critereon/ContextAwarePredicate;
[22:05:58] [main/DEBUG]: Skipping Lnet/minecraft/advancements/critereon/ConsumeItemTrigger;
[22:05:58] [main/DEBUG]: Skipping Lnet/minecraft/advancements/critereon/ConsumeItemTrigger$TriggerInstance;
[22:05:58] [main/DEBUG]: Skipping Lnet/minecraft/advancements/critereon/ConstructBeaconTrigger;
[22:05:58] [main/DEBUG]: Skipping Lnet/minecraft/advancements/critereon/ConstructBeaconTrigger$TriggerInstance;
[22:05:58] [main/DEBUG]: Skipping Lnet/minecraft/advancements/critereon/ChanneledLightningTrigger;
[22:05:58] [main/DEBUG]: Skipping Lnet/minecraft/advancements/critereon/ChanneledLightningTrigger$TriggerInstance;
[22:05:58] [main/DEBUG]: Skipping Lnet/minecraft/advancements/critereon/ChangeDimensionTrigger;
[22:05:58] [main/DEBUG]: Skipping Lnet/minecraft/advancements/critereon/ChangeDimensionTrigger$TriggerInstance;
[22:05:58] [main/DEBUG]: Skipping Lnet/minecraft/advancements/critereon/BrewedPotionTrigger;
[22:05:58] [main/DEBUG]: Skipping Lnet/minecraft/advancements/critereon/BrewedPotionTrigger$TriggerInstance;
[22:05:58] [main/DEBUG]: Skipping Lnet/minecraft/advancements/critereon/BredAnimalsTrigger;
[22:05:58] [main/DEBUG]: Skipping Lnet/minecraft/advancements/critereon/BredAnimalsTrigger$TriggerInstance;
[22:05:58] [main/DEBUG]: Skipping Lnet/minecraft/advancements/critereon/BlockPredicate;
[22:05:58] [main/DEBUG]: Skipping Lnet/minecraft/advancements/critereon/BlockPredicate$Builder;
[22:05:58] [main/DEBUG]: Skipping Lnet/minecraft/advancements/critereon/BeeNestDestroyedTrigger;
[22:05:58] [main/DEBUG]: Skipping Lnet/minecraft/advancements/critereon/BeeNestDestroyedTrigger$TriggerInstance;
[22:05:58] [main/DEBUG]: Skipping Lnet/minecraft/advancements/critereon/AbstractCriterionTriggerInstance;
[22:05:58] [main/DEBUG]: Skipping Lnet/minecraft/advancements/critereon/ItemPredicate;
[22:05:58] [main/DEBUG]: Skipping Lnet/minecraft/advancements/critereon/ItemPredicate$Builder;
[22:05:58] [main/DEBUG]: Skipping Lnet/minecraft/advancements/TreeNodePosition;
[22:05:58] [main/DEBUG]: Skipping Lnet/minecraft/advancements/RequirementsStrategy;
[22:05:58] [main/DEBUG]: Skipping Lnet/minecraft/advancements/FrameType;
[22:05:58] [main/DEBUG]: Skipping Lnet/minecraft/advancements/DisplayInfo;
[22:05:58] [main/DEBUG]: Skipping Lnet/minecraft/advancements/CriterionTriggerInstance;
[22:05:58] [main/DEBUG]: Skipping Lnet/minecraft/advancements/CriterionTrigger;
[22:05:58] [main/DEBUG]: Skipping Lnet/minecraft/advancements/CriterionTrigger$Listener;
[22:05:58] [main/DEBUG]: Skipping Lnet/minecraft/advancements/CriterionProgress;
[22:05:58] [main/DEBUG]: Skipping Lnet/minecraft/advancements/Criterion;
[22:05:58] [main/DEBUG]: Transforming class Lnet/minecraft/advancements/CriteriaTriggers;
[22:05:58] [main/DEBUG]: Transforming net/minecraft/advancements/CriteriaTriggers METHOD m_10595_(Lnet/minecraft/advancements/CriterionTrigger;)Lnet/minecraft/advancements/CriterionTrigger; to access PUBLIC and LEAVE
[22:05:58] [main/DEBUG]: Skipping Lnet/minecraft/advancements/AdvancementProgress;
[22:05:58] [main/DEBUG]: Skipping Lnet/minecraft/advancements/AdvancementProgress$Serializer;
[22:05:58] [main/DEBUG]: Skipping Lnet/minecraft/advancements/AdvancementList;
[22:05:58] [main/DEBUG]: Skipping Lnet/minecraft/advancements/AdvancementList$Listener;
[22:05:58] [main/DEBUG]: Skipping Lnet/minecraft/advancements/AdvancementRewards;
[22:05:58] [main/DEBUG]: Skipping Lnet/minecraft/advancements/AdvancementRewards$Builder;
[22:05:58] [main/DEBUG]: Skipping Lnet/minecraft/advancements/Advancement;
[22:05:58] [main/DEBUG]: Skipping Lnet/minecraft/advancements/Advancement$Builder;
[22:05:58] [main/DEBUG]: Skipping Lnet/minecraft/WorldVersion;
[22:05:58] [main/DEBUG]: Skipping Lnet/minecraft/SystemReport;
[22:05:58] [main/DEBUG]: Skipping Lnet/minecraft/ResourceLocationException;
[22:05:58] [main/DEBUG]: Skipping Lnet/minecraft/ReportedException;
[22:05:58] [main/DEBUG]: Skipping Lnet/minecraft/Optionull;
[22:05:58] [main/DEBUG]: Skipping Lnet/minecraft/MethodsReturnNonnullByDefault;
[22:05:58] [main/DEBUG]: Skipping Lnet/minecraft/FileUtil;
[22:05:58] [main/DEBUG]: Skipping Lnet/minecraft/FieldsAreNonnullByDefault;
[22:05:58] [main/DEBUG]: Skipping Lnet/minecraft/DetectedVersion;
[22:05:58] [main/DEBUG]: Skipping Lnet/minecraft/DefaultUncaughtExceptionHandlerWithName;
[22:05:58] [main/DEBUG]: Skipping Lnet/minecraft/DefaultUncaughtExceptionHandler;
[22:05:58] [main/DEBUG]: Skipping Lnet/minecraft/CrashReportDetail;
[22:05:58] [main/DEBUG]: Skipping Lnet/minecraft/ChatFormatting;
[22:05:58] [main/DEBUG]: Skipping Lnet/minecraft/CharPredicate;
[22:05:58] [main/DEBUG]: Skipping Lnet/minecraft/BlockUtil;
[22:05:58] [main/DEBUG]: Skipping Lnet/minecraft/BlockUtil$IntBounds;
[22:05:58] [main/DEBUG]: Skipping Lnet/minecraft/BlockUtil$FoundRectangle;
[22:05:58] [main/DEBUG]: Skipping Lnet/minecraft/Util$4;
[22:05:58] [main/DEBUG]: Skipping Lnet/minecraft/Util$3;
[22:05:58] [main/DEBUG]: Skipping Lnet/minecraft/Util;
[22:05:58] [main/DEBUG]: Skipping Lnet/minecraft/Util$OS;
[22:05:58] [main/DEBUG]: Skipping Lnet/minecraft/Util$OS$2;
[22:05:58] [main/DEBUG]: Skipping Lnet/minecraft/Util$OS$1;
[22:05:58] [main/DEBUG]: Skipping Lnet/minecraft/Util$IdentityStrategy;
[22:05:58] [main/DEBUG]: Skipping Lnet/minecraft/Util$9;
[22:05:58] [main/DEBUG]: Skipping Lnet/minecraft/Util$8;
[22:05:58] [main/DEBUG]: Skipping Lnet/minecraft/Util$7;
[22:05:58] [main/DEBUG]: Skipping Lnet/minecraft/Util$6;
[22:05:58] [main/DEBUG]: Skipping Lnet/minecraft/Util$5;
[22:05:58] [main/DEBUG]: Skipping Lnet/minecraft/Util$2;
[22:05:58] [main/DEBUG]: Skipping Lnet/minecraft/Util$11;
[22:05:58] [main/DEBUG]: Skipping Lnet/minecraft/Util$10;
[22:05:58] [main/DEBUG]: Skipping Lnet/minecraft/Util$1;
[22:05:58] [main/DEBUG]: Skipping Lnet/minecraft/SharedConstants;
[22:05:58] [main/DEBUG]: Skipping Lnet/minecraft/CrashReportCategory;
[22:05:58] [main/DEBUG]: Skipping Lnet/minecraft/CrashReportCategory$Entry;
[22:05:58] [main/DEBUG]: Skipping Lnet/minecraft/CrashReport;
[22:05:58] [main/DEBUG]: Skipping Lcom/mojang/realmsclient/util/task/package-info;
[22:05:58] [main/DEBUG]: Skipping Lcom/mojang/realmsclient/util/task/WorldCreationTask;
[22:05:58] [main/DEBUG]: Skipping Lcom/mojang/realmsclient/util/task/SwitchSlotTask;
[22:05:58] [main/DEBUG]: Skipping Lcom/mojang/realmsclient/util/task/SwitchMinigameTask;
[22:05:58] [main/DEBUG]: Skipping Lcom/mojang/realmsclient/util/task/RestoreTask;
[22:05:58] [main/DEBUG]: Skipping Lcom/mojang/realmsclient/util/task/ResettingWorldTask;
[22:05:58] [main/DEBUG]: Skipping Lcom/mojang/realmsclient/util/task/ResettingTemplateWorldTask;
[22:05:58] [main/DEBUG]: Skipping Lcom/mojang/realmsclient/util/task/ResettingGeneratedWorldTask;
[22:05:58] [main/DEBUG]: Skipping Lcom/mojang/realmsclient/util/task/OpenServerTask;
[22:05:58] [main/DEBUG]: Skipping Lcom/mojang/realmsclient/util/task/LongRunningTask;
[22:05:58] [main/DEBUG]: Skipping Lcom/mojang/realmsclient/util/task/GetServerDetailsTask;
[22:05:58] [main/DEBUG]: Skipping Lcom/mojang/realmsclient/util/task/DownloadTask;
[22:05:58] [main/DEBUG]: Skipping Lcom/mojang/realmsclient/util/task/ConnectTask;
[22:05:58] [main/DEBUG]: Skipping Lcom/mojang/realmsclient/util/task/CloseServerTask;
[22:05:58] [main/DEBUG]: Skipping Lcom/mojang/realmsclient/util/package-info;
[22:05:58] [main/DEBUG]: Skipping Lcom/mojang/realmsclient/util/WorldGenerationInfo;
[22:05:58] [main/DEBUG]: Skipping Lcom/mojang/realmsclient/util/UploadTokenCache;
[22:05:58] [main/DEBUG]: Skipping Lcom/mojang/realmsclient/util/TextRenderingUtils;
[22:05:58] [main/DEBUG]: Skipping Lcom/mojang/realmsclient/util/TextRenderingUtils$LineSegment;
[22:05:58] [main/DEBUG]: Skipping Lcom/mojang/realmsclient/util/TextRenderingUtils$Line;
[22:05:58] [main/DEBUG]: Skipping Lcom/mojang/realmsclient/util/RealmsUtil;
[22:05:58] [main/DEBUG]: Skipping Lcom/mojang/realmsclient/util/RealmsUtil$1;
[22:05:58] [main/DEBUG]: Skipping Lcom/mojang/realmsclient/util/RealmsTextureManager;
[22:05:58] [main/DEBUG]: Skipping Lcom/mojang/realmsclient/util/RealmsTextureManager$RealmsTexture;
[22:05:58] [main/DEBUG]: Skipping Lcom/mojang/realmsclient/util/RealmsPersistence;
[22:05:58] [main/DEBUG]: Skipping Lcom/mojang/realmsclient/util/RealmsPersistence$RealmsPersistenceData;
[22:05:58] [main/DEBUG]: Skipping Lcom/mojang/realmsclient/util/LevelType;
[22:05:58] [main/DEBUG]: Skipping Lcom/mojang/realmsclient/util/JsonUtils;
[22:05:58] [main/DEBUG]: Skipping Lcom/mojang/realmsclient/package-info;
[22:05:58] [main/DEBUG]: Skipping Lcom/mojang/realmsclient/gui/task/package-info;
[22:05:58] [main/DEBUG]: Skipping Lcom/mojang/realmsclient/gui/task/RepeatedDelayStrategy;
[22:05:58] [main/DEBUG]: Skipping Lcom/mojang/realmsclient/gui/task/RepeatedDelayStrategy$2;
[22:05:58] [main/DEBUG]: Skipping Lcom/mojang/realmsclient/gui/task/RepeatedDelayStrategy$1;
[22:05:58] [main/DEBUG]: Skipping Lcom/mojang/realmsclient/gui/task/DataFetcher;
[22:05:58] [main/DEBUG]: Skipping Lcom/mojang/realmsclient/gui/task/DataFetcher$Task;
[22:05:58] [main/DEBUG]: Skipping Lcom/mojang/realmsclient/gui/task/DataFetcher$SuccessfulComputationResult;
[22:05:58] [main/DEBUG]: Skipping Lcom/mojang/realmsclient/gui/task/DataFetcher$Subscription;
[22:05:58] [main/DEBUG]: Skipping Lcom/mojang/realmsclient/gui/task/DataFetcher$SubscribedTask;
[22:05:58] [main/DEBUG]: Skipping Lcom/mojang/realmsclient/gui/task/DataFetcher$ComputationResult;
[22:05:58] [main/DEBUG]: Skipping Lcom/mojang/realmsclient/gui/screens/package-info;
[22:05:58] [main/DEBUG]: Skipping Lcom/mojang/realmsclient/gui/screens/UploadResult;
[22:05:58] [main/DEBUG]: Skipping Lcom/mojang/realmsclient/gui/screens/UploadResult$Builder;
[22:05:58] [main/DEBUG]: Skipping Lcom/mojang/realmsclient/gui/screens/RealmsUploadScreen;
[22:05:58] [main/DEBUG]: Skipping Lcom/mojang/realmsclient/gui/screens/RealmsTermsScreen;
[22:05:58] [main/DEBUG]: Skipping Lcom/mojang/realmsclient/gui/screens/RealmsSubscriptionInfoScreen;
[22:05:58] [main/DEBUG]: Skipping Lcom/mojang/realmsclient/gui/screens/RealmsSubscriptionInfoScreen$1;
[22:05:58] [main/DEBUG]: Skipping Lcom/mojang/realmsclient/gui/screens/RealmsSlotOptionsScreen;
[22:05:58] [main/DEBUG]: Skipping Lcom/mojang/realmsclient/gui/screens/RealmsSlotOptionsScreen$SettingsSlider;
[22:05:58] [main/DEBUG]: Skipping Lcom/mojang/realmsclient/gui/screens/RealmsSettingsScreen;
[22:05:58] [main/DEBUG]: Skipping Lcom/mojang/realmsclient/gui/screens/RealmsSelectWorldTemplateScreen;
[22:05:58] [main/DEBUG]: Skipping Lcom/mojang/realmsclient/gui/screens/RealmsSelectWorldTemplateScreen$WorldTemplateObjectSelectionList;
[22:05:58] [main/DEBUG]: Skipping Lcom/mojang/realmsclient/gui/screens/RealmsSelectWorldTemplateScreen$Entry;
[22:05:58] [main/DEBUG]: Skipping Lcom/mojang/realmsclient/gui/screens/RealmsSelectWorldTemplateScreen$1;
[22:05:58] [main/DEBUG]: Skipping Lcom/mojang/realmsclient/gui/screens/RealmsSelectFileToUploadScreen;
[22:05:58] [main/DEBUG]: Skipping Lcom/mojang/realmsclient/gui/screens/RealmsSelectFileToUploadScreen$WorldSelectionList;
[22:05:58] [main/DEBUG]: Skipping Lcom/mojang/realmsclient/gui/screens/RealmsSelectFileToUploadScreen$Entry;
[22:05:58] [main/DEBUG]: Skipping Lcom/mojang/realmsclient/gui/screens/RealmsResetWorldScreen;
[22:05:58] [main/DEBUG]: Skipping Lcom/mojang/realmsclient/gui/screens/RealmsResetWorldScreen$FrameButton;
[22:05:58] [main/DEBUG]: Skipping Lcom/mojang/realmsclient/gui/screens/RealmsResetWorldScreen$1;
[22:05:58] [main/DEBUG]: Skipping Lcom/mojang/realmsclient/gui/screens/RealmsResetNormalWorldScreen;
[22:05:58] [main/DEBUG]: Skipping Lcom/mojang/realmsclient/gui/screens/RealmsPlayerScreen;
[22:05:58] [main/DEBUG]: Skipping Lcom/mojang/realmsclient/gui/screens/RealmsPlayerScreen$InvitedObjectSelectionList;
[22:05:58] [main/DEBUG]: Skipping Lcom/mojang/realmsclient/gui/screens/RealmsPlayerScreen$Entry;
[22:05:58] [main/DEBUG]: Skipping Lcom/mojang/realmsclient/gui/screens/RealmsPendingInvitesScreen;
[22:05:58] [main/DEBUG]: Skipping Lcom/mojang/realmsclient/gui/screens/RealmsPendingInvitesScreen$PendingInvitationSelectionList;
[22:05:58] [main/DEBUG]: Skipping Lcom/mojang/realmsclient/gui/screens/RealmsPendingInvitesScreen$Entry;
[22:05:58] [main/DEBUG]: Skipping Lcom/mojang/realmsclient/gui/screens/RealmsPendingInvitesScreen$Entry$RejectRowButton;
[22:05:58] [main/DEBUG]: Skipping Lcom/mojang/realmsclient/gui/screens/RealmsPendingInvitesScreen$Entry$AcceptRowButton;
[22:05:58] [main/DEBUG]: Skipping Lcom/mojang/realmsclient/gui/screens/RealmsPendingInvitesScreen$3;
[22:05:58] [main/DEBUG]: Skipping Lcom/mojang/realmsclient/gui/screens/RealmsPendingInvitesScreen$2;
[22:05:58] [main/DEBUG]: Skipping Lcom/mojang/realmsclient/gui/screens/RealmsPendingInvitesScreen$1;
[22:05:58] [main/DEBUG]: Skipping Lcom/mojang/realmsclient/gui/screens/RealmsParentalConsentScreen;
[22:05:58] [main/DEBUG]: Skipping Lcom/mojang/realmsclient/gui/screens/RealmsLongRunningMcoTaskScreen;
[22:05:58] [main/DEBUG]: Skipping Lcom/mojang/realmsclient/gui/screens/RealmsLongConfirmationScreen;
[22:05:58] [main/DEBUG]: Skipping Lcom/mojang/realmsclient/gui/screens/RealmsLongConfirmationScreen$Type;
[22:05:58] [main/DEBUG]: Skipping Lcom/mojang/realmsclient/gui/screens/RealmsInviteScreen;
[22:05:58] [main/DEBUG]: Skipping Lcom/mojang/realmsclient/gui/screens/RealmsDownloadLatestWorldScreen;
[22:05:58] [main/DEBUG]: Skipping Lcom/mojang/realmsclient/gui/screens/RealmsDownloadLatestWorldScreen$DownloadStatus;
[22:05:58] [main/DEBUG]: Skipping Lcom/mojang/realmsclient/gui/screens/RealmsCreateRealmScreen;
[22:05:58] [main/DEBUG]: Skipping Lcom/mojang/realmsclient/gui/screens/RealmsConfirmScreen;
[22:05:58] [main/DEBUG]: Skipping Lcom/mojang/realmsclient/gui/screens/RealmsConfigureWorldScreen;
[22:05:58] [main/DEBUG]: Skipping Lcom/mojang/realmsclient/gui/screens/RealmsConfigureWorldScreen$1;
[22:05:58] [main/DEBUG]: Skipping Lcom/mojang/realmsclient/gui/screens/RealmsClientOutdatedScreen;
[22:05:58] [main/DEBUG]: Skipping Lcom/mojang/realmsclient/gui/screens/RealmsBrokenWorldScreen;
[22:05:58] [main/DEBUG]: Skipping Lcom/mojang/realmsclient/gui/screens/RealmsBackupScreen;
[22:05:58] [main/DEBUG]: Skipping Lcom/mojang/realmsclient/gui/screens/RealmsBackupScreen$Entry;
[22:05:58] [main/DEBUG]: Skipping Lcom/mojang/realmsclient/gui/screens/RealmsBackupScreen$BackupObjectSelectionList;
[22:05:58] [main/DEBUG]: Skipping Lcom/mojang/realmsclient/gui/screens/RealmsBackupScreen$1;
[22:05:58] [main/DEBUG]: Skipping Lcom/mojang/realmsclient/gui/screens/RealmsBackupInfoScreen;
[22:05:58] [main/DEBUG]: Skipping Lcom/mojang/realmsclient/gui/screens/RealmsBackupInfoScreen$BackupInfoListEntry;
[22:05:58] [main/DEBUG]: Skipping Lcom/mojang/realmsclient/gui/screens/RealmsBackupInfoScreen$BackupInfoList;
[22:05:58] [main/DEBUG]: Skipping Lcom/mojang/realmsclient/gui/screens/RealmsNotificationsScreen;
[22:05:58] [main/DEBUG]: Skipping Lcom/mojang/realmsclient/gui/screens/RealmsNotificationsScreen$DataFetcherConfiguration;
[22:05:58] [main/DEBUG]: Skipping Lcom/mojang/realmsclient/gui/screens/RealmsNotificationsScreen$3;
[22:05:58] [main/DEBUG]: Skipping Lcom/mojang/realmsclient/gui/screens/RealmsNotificationsScreen$2;
[22:05:58] [main/DEBUG]: Skipping Lcom/mojang/realmsclient/gui/screens/RealmsNotificationsScreen$1;
[22:05:58] [main/DEBUG]: Skipping Lcom/mojang/realmsclient/gui/screens/RealmsGenericErrorScreen;
[22:05:58] [main/DEBUG]: Skipping Lcom/mojang/realmsclient/gui/screens/RealmsGenericErrorScreen$ErrorMessage;
[22:05:58] [main/DEBUG]: Skipping Lcom/mojang/realmsclient/gui/package-info;
[22:05:58] [main/DEBUG]: Skipping Lcom/mojang/realmsclient/gui/RowButton;
[22:05:58] [main/DEBUG]: Skipping Lcom/mojang/realmsclient/gui/RealmsWorldSlotButton;
[22:05:58] [main/DEBUG]: Skipping Lcom/mojang/realmsclient/gui/RealmsWorldSlotButton$State;
[22:05:58] [main/DEBUG]: Skipping Lcom/mojang/realmsclient/gui/RealmsWorldSlotButton$Action;
[22:05:58] [main/DEBUG]: Skipping Lcom/mojang/realmsclient/gui/RealmsServerList;
[22:05:58] [main/DEBUG]: Skipping Lcom/mojang/realmsclient/gui/RealmsNewsManager;
[22:05:58] [main/DEBUG]: Skipping Lcom/mojang/realmsclient/gui/RealmsDataFetcher;
[22:05:58] [main/DEBUG]: Skipping Lcom/mojang/realmsclient/gui/ErrorCallback;
[22:05:58] [main/DEBUG]: Skipping Lcom/mojang/realmsclient/exception/package-info;
[22:05:58] [main/DEBUG]: Skipping Lcom/mojang/realmsclient/exception/RetryCallException;
[22:05:58] [main/DEBUG]: Skipping Lcom/mojang/realmsclient/exception/RealmsServiceException;
[22:05:58] [main/DEBUG]: Skipping Lcom/mojang/realmsclient/exception/RealmsHttpException;
[22:05:58] [main/DEBUG]: Skipping Lcom/mojang/realmsclient/exception/RealmsDefaultUncaughtExceptionHandler;
[22:05:58] [main/DEBUG]: Skipping Lcom/mojang/realmsclient/dto/package-info;
[22:05:58] [main/DEBUG]: Skipping Lcom/mojang/realmsclient/dto/WorldTemplatePaginatedList;
[22:05:58] [main/DEBUG]: Skipping Lcom/mojang/realmsclient/dto/WorldTemplate;
[22:05:58] [main/DEBUG]: Skipping Lcom/mojang/realmsclient/dto/WorldTemplate$WorldTemplateType;
[22:05:58] [main/DEBUG]: Skipping Lcom/mojang/realmsclient/dto/WorldDownload;
[22:05:58] [main/DEBUG]: Skipping Lcom/mojang/realmsclient/dto/ValueObject;
[22:05:58] [main/DEBUG]: Skipping Lcom/mojang/realmsclient/dto/UploadInfo;
[22:05:58] [main/DEBUG]: Skipping Lcom/mojang/realmsclient/dto/Subscription;
[22:05:58] [main/DEBUG]: Skipping Lcom/mojang/realmsclient/dto/Subscription$SubscriptionType;
[22:05:58] [main/DEBUG]: Skipping Lcom/mojang/realmsclient/dto/ServerActivityList;
[22:05:58] [main/DEBUG]: Skipping Lcom/mojang/realmsclient/dto/ServerActivity;
[22:05:58] [main/DEBUG]: Skipping Lcom/mojang/realmsclient/dto/RegionPingResult;
[22:05:58] [main/DEBUG]: Skipping Lcom/mojang/realmsclient/dto/ReflectionBasedSerialization;
[22:05:58] [main/DEBUG]: Skipping Lcom/mojang/realmsclient/dto/RealmsWorldResetDto;
[22:05:58] [main/DEBUG]: Skipping Lcom/mojang/realmsclient/dto/RealmsWorldOptions;
[22:05:58] [main/DEBUG]: Skipping Lcom/mojang/realmsclient/dto/RealmsText;
[22:05:58] [main/DEBUG]: Skipping Lcom/mojang/realmsclient/dto/RealmsServerPlayerLists;
[22:05:58] [main/DEBUG]: Skipping Lcom/mojang/realmsclient/dto/RealmsServerPlayerList;
[22:05:58] [main/DEBUG]: Skipping Lcom/mojang/realmsclient/dto/RealmsServerPing;
[22:05:58] [main/DEBUG]: Skipping Lcom/mojang/realmsclient/dto/RealmsServerList;
[22:05:58] [main/DEBUG]: Skipping Lcom/mojang/realmsclient/dto/RealmsServerAddress;
[22:05:58] [main/DEBUG]: Skipping Lcom/mojang/realmsclient/dto/RealmsServer;
[22:05:58] [main/DEBUG]: Skipping Lcom/mojang/realmsclient/dto/RealmsServer$WorldType;
[22:05:58] [main/DEBUG]: Skipping Lcom/mojang/realmsclient/dto/RealmsServer$State;
[22:05:58] [main/DEBUG]: Skipping Lcom/mojang/realmsclient/dto/RealmsServer$McoServerComparator;
[22:05:58] [main/DEBUG]: Skipping Lcom/mojang/realmsclient/dto/RealmsNotification;
[22:05:58] [main/DEBUG]: Skipping Lcom/mojang/realmsclient/dto/RealmsNotification$VisitUrl;
[22:05:58] [main/DEBUG]: Skipping Lcom/mojang/realmsclient/dto/RealmsNews;
[22:05:58] [main/DEBUG]: Skipping Lcom/mojang/realmsclient/dto/RealmsDescriptionDto;
[22:05:58] [main/DEBUG]: Skipping Lcom/mojang/realmsclient/dto/PlayerInfo;
[22:05:58] [main/DEBUG]: Skipping Lcom/mojang/realmsclient/dto/PingResult;
[22:05:58] [main/DEBUG]: Skipping Lcom/mojang/realmsclient/dto/PendingInvitesList;
[22:05:58] [main/DEBUG]: Skipping Lcom/mojang/realmsclient/dto/PendingInvite;
[22:05:58] [main/DEBUG]: Skipping Lcom/mojang/realmsclient/dto/Ops;
[22:05:58] [main/DEBUG]: Skipping Lcom/mojang/realmsclient/dto/GuardedSerializer;
[22:05:58] [main/DEBUG]: Skipping Lcom/mojang/realmsclient/dto/BackupList;
[22:05:58] [main/DEBUG]: Skipping Lcom/mojang/realmsclient/dto/Backup;
[22:05:58] [main/DEBUG]: Skipping Lcom/mojang/realmsclient/client/package-info;
[22:05:58] [main/DEBUG]: Skipping Lcom/mojang/realmsclient/client/UploadStatus;
[22:05:58] [main/DEBUG]: Skipping Lcom/mojang/realmsclient/client/Request;
[22:05:58] [main/DEBUG]: Skipping Lcom/mojang/realmsclient/client/Request$Put;
[22:05:58] [main/DEBUG]: Skipping Lcom/mojang/realmsclient/client/Request$Post;
[22:05:58] [main/DEBUG]: Skipping Lcom/mojang/realmsclient/client/Request$Get;
[22:05:58] [main/DEBUG]: Skipping Lcom/mojang/realmsclient/client/Request$Delete;
[22:05:58] [main/DEBUG]: Skipping Lcom/mojang/realmsclient/client/RealmsError;
[22:05:58] [main/DEBUG]: Skipping Lcom/mojang/realmsclient/client/RealmsClientConfig;
[22:05:58] [main/DEBUG]: Skipping Lcom/mojang/realmsclient/client/RealmsClient;
[22:05:58] [main/DEBUG]: Skipping Lcom/mojang/realmsclient/client/RealmsClient$Environment;
[22:05:58] [main/DEBUG]: Skipping Lcom/mojang/realmsclient/client/RealmsClient$CompatibleVersionResponse;
[22:05:58] [main/DEBUG]: Skipping Lcom/mojang/realmsclient/client/Ping;
[22:05:58] [main/DEBUG]: Skipping Lcom/mojang/realmsclient/client/Ping$Region;
[22:05:58] [main/DEBUG]: Skipping Lcom/mojang/realmsclient/client/FileUpload;
[22:05:58] [main/DEBUG]: Skipping Lcom/mojang/realmsclient/client/FileUpload$CustomInputStreamEntity;
[22:05:58] [main/DEBUG]: Skipping Lcom/mojang/realmsclient/client/FileDownload;
[22:05:58] [main/DEBUG]: Skipping Lcom/mojang/realmsclient/client/FileDownload$ResourcePackProgressListener;
[22:05:58] [main/DEBUG]: Skipping Lcom/mojang/realmsclient/client/FileDownload$ProgressListener;
[22:05:58] [main/DEBUG]: Skipping Lcom/mojang/realmsclient/client/FileDownload$DownloadCountingOutputStream;
[22:05:58] [main/DEBUG]: Skipping Lcom/mojang/realmsclient/Unit;
[22:05:58] [main/DEBUG]: Skipping Lcom/mojang/realmsclient/RealmsMainScreen;
[22:05:58] [main/DEBUG]: Skipping Lcom/mojang/realmsclient/RealmsMainScreen$TrialEntry;
[22:05:58] [main/DEBUG]: Skipping Lcom/mojang/realmsclient/RealmsMainScreen$ServerEntry;
[22:05:58] [main/DEBUG]: Skipping Lcom/mojang/realmsclient/RealmsMainScreen$RealmsCall;
[22:05:58] [main/DEBUG]: Skipping Lcom/mojang/realmsclient/RealmsMainScreen$RealmSelectionList;
[22:05:58] [main/DEBUG]: Skipping Lcom/mojang/realmsclient/RealmsMainScreen$PendingInvitesButton;
[22:05:58] [main/DEBUG]: Skipping Lcom/mojang/realmsclient/RealmsMainScreen$NotificationMessageEntry;
[22:05:58] [main/DEBUG]: Skipping Lcom/mojang/realmsclient/RealmsMainScreen$NewsButton;
[22:05:58] [main/DEBUG]: Skipping Lcom/mojang/realmsclient/RealmsMainScreen$Entry;
[22:05:58] [main/DEBUG]: Skipping Lcom/mojang/realmsclient/RealmsMainScreen$CrossButton;
[22:05:58] [main/DEBUG]: Skipping Lcom/mojang/realmsclient/RealmsMainScreen$CloseButton;
[22:05:58] [main/DEBUG]: Skipping Lcom/mojang/realmsclient/RealmsMainScreen$ButtonEntry;
[22:05:58] [main/DEBUG]: Skipping Lcom/mojang/realmsclient/RealmsMainScreen$5;
[22:05:58] [main/DEBUG]: Skipping Lcom/mojang/realmsclient/RealmsMainScreen$4;
[22:05:58] [main/DEBUG]: Skipping Lcom/mojang/realmsclient/RealmsMainScreen$3;
[22:05:58] [main/DEBUG]: Skipping Lcom/mojang/realmsclient/RealmsMainScreen$2;
[22:05:58] [main/DEBUG]: Skipping Lcom/mojang/realmsclient/RealmsMainScreen$1;
[22:05:58] [main/DEBUG]: Skipping Lcom/mojang/realmsclient/KeyCombo;
[22:05:58] [main/DEBUG]: Skipping Lcom/mojang/math/package-info;
[22:05:58] [main/DEBUG]: Skipping Lcom/mojang/math/SymmetricGroup3;
[22:05:58] [main/DEBUG]: Skipping Lcom/mojang/math/OctahedralGroup;
[22:05:58] [main/DEBUG]: Skipping Lcom/mojang/math/OctahedralGroup$1;
[22:05:58] [main/DEBUG]: Skipping Lcom/mojang/math/MethodsReturnNonnullByDefault;
[22:05:58] [main/DEBUG]: Skipping Lcom/mojang/math/MatrixUtil;
[22:05:58] [main/DEBUG]: Skipping Lcom/mojang/math/GivensParameters;
[22:05:58] [main/DEBUG]: Skipping Lcom/mojang/math/FieldsAreNonnullByDefault;
[22:05:58] [main/DEBUG]: Skipping Lcom/mojang/math/Divisor;
[22:05:58] [main/DEBUG]: Skipping Lcom/mojang/math/Constants;
[22:05:58] [main/DEBUG]: Skipping Lcom/mojang/math/Axis;
[22:05:58] [main/DEBUG]: Skipping Lcom/mojang/math/Transformation;
[22:05:58] [main/DEBUG]: Skipping Lcom/mojang/blaze3d/vertex/package-info;
[22:05:58] [main/DEBUG]: Skipping Lcom/mojang/blaze3d/vertex/VertexSorting;
[22:05:58] [main/DEBUG]: Skipping Lcom/mojang/blaze3d/vertex/VertexSorting$DistanceFunction;
[22:05:58] [main/DEBUG]: Skipping Lcom/mojang/blaze3d/vertex/VertexMultiConsumer;
[22:05:58] [main/DEBUG]: Skipping Lcom/mojang/blaze3d/vertex/VertexMultiConsumer$Multiple;
[22:05:58] [main/DEBUG]: Skipping Lcom/mojang/blaze3d/vertex/VertexMultiConsumer$Double;
[22:05:58] [main/DEBUG]: Skipping Lcom/mojang/blaze3d/vertex/VertexBuffer;
[22:05:58] [main/DEBUG]: Skipping Lcom/mojang/blaze3d/vertex/VertexBuffer$Usage;
[22:05:58] [main/DEBUG]: Skipping Lcom/mojang/blaze3d/vertex/Tesselator;
[22:05:58] [main/DEBUG]: Skipping Lcom/mojang/blaze3d/vertex/DefaultedVertexConsumer;
[22:05:58] [main/DEBUG]: Skipping Lcom/mojang/blaze3d/vertex/DefaultVertexFormat;
[22:05:58] [main/DEBUG]: Skipping Lcom/mojang/blaze3d/vertex/BufferVertexConsumer;
[22:05:58] [main/DEBUG]: Skipping Lcom/mojang/blaze3d/vertex/BufferUploader;
[22:05:58] [main/DEBUG]: Skipping Lcom/mojang/blaze3d/vertex/VertexFormatElement;
[22:05:58] [main/DEBUG]: Skipping Lcom/mojang/blaze3d/vertex/VertexFormatElement$Usage;
[22:05:58] [main/DEBUG]: Skipping Lcom/mojang/blaze3d/vertex/VertexFormatElement$Usage$SetupState;
[22:05:58] [main/DEBUG]: Skipping Lcom/mojang/blaze3d/vertex/VertexFormatElement$Usage$ClearState;
[22:05:58] [main/DEBUG]: Skipping Lcom/mojang/blaze3d/vertex/VertexFormatElement$Type;
[22:05:58] [main/DEBUG]: Skipping Lcom/mojang/blaze3d/vertex/VertexFormat;
[22:05:58] [main/DEBUG]: Skipping Lcom/mojang/blaze3d/vertex/VertexFormat$Mode;
[22:05:58] [main/DEBUG]: Skipping Lcom/mojang/blaze3d/vertex/VertexFormat$IndexType;
[22:05:58] [main/DEBUG]: Skipping Lcom/mojang/blaze3d/vertex/VertexFormat$1;
[22:05:58] [main/DEBUG]: Skipping Lcom/mojang/blaze3d/vertex/VertexConsumer;
[22:05:58] [main/DEBUG]: Skipping Lcom/mojang/blaze3d/vertex/SheetedDecalTextureGenerator;
[22:05:58] [main/DEBUG]: Skipping Lcom/mojang/blaze3d/vertex/PoseStack;
[22:05:58] [main/DEBUG]: Skipping Lcom/mojang/blaze3d/vertex/PoseStack$Pose;
[22:05:58] [main/DEBUG]: Skipping Lcom/mojang/blaze3d/vertex/BufferBuilder;
[22:05:58] [main/DEBUG]: Skipping Lcom/mojang/blaze3d/vertex/BufferBuilder$SortState;
[22:05:58] [main/DEBUG]: Skipping Lcom/mojang/blaze3d/vertex/BufferBuilder$RenderedBuffer;
[22:05:58] [main/DEBUG]: Skipping Lcom/mojang/blaze3d/vertex/BufferBuilder$DrawState;
[22:05:58] [main/DEBUG]: Skipping Lcom/mojang/blaze3d/vertex/BufferBuilder$1;
[22:05:58] [main/DEBUG]: Skipping Lcom/mojang/blaze3d/systems/package-info;
[22:05:58] [main/DEBUG]: Skipping Lcom/mojang/blaze3d/systems/TimerQuery;
[22:05:58] [main/DEBUG]: Skipping Lcom/mojang/blaze3d/systems/TimerQuery$TimerQueryLazyLoader;
[22:05:58] [main/DEBUG]: Skipping Lcom/mojang/blaze3d/systems/TimerQuery$FrameProfile;
[22:05:58] [main/DEBUG]: Skipping Lcom/mojang/blaze3d/systems/RenderSystem;
[22:05:58] [main/DEBUG]: Skipping Lcom/mojang/blaze3d/systems/RenderSystem$AutoStorageIndexBuffer;
[22:05:58] [main/DEBUG]: Skipping Lcom/mojang/blaze3d/systems/RenderSystem$AutoStorageIndexBuffer$IndexGenerator;
[22:05:58] [main/DEBUG]: Skipping Lcom/mojang/blaze3d/systems/RenderSystem$1;
[22:05:58] [main/DEBUG]: Skipping Lcom/mojang/blaze3d/shaders/package-info;
[22:05:58] [main/DEBUG]: Skipping Lcom/mojang/blaze3d/shaders/Uniform;
[22:05:58] [main/DEBUG]: Skipping Lcom/mojang/blaze3d/shaders/Shader;
[22:05:58] [main/DEBUG]: Skipping Lcom/mojang/blaze3d/shaders/ProgramManager;
[22:05:58] [main/DEBUG]: Skipping Lcom/mojang/blaze3d/shaders/Program;
[22:05:58] [main/DEBUG]: Skipping Lcom/mojang/blaze3d/shaders/Program$Type;
[22:05:58] [main/DEBUG]: Skipping Lcom/mojang/blaze3d/shaders/FogShape;
[22:05:58] [main/DEBUG]: Skipping Lcom/mojang/blaze3d/shaders/EffectProgram;
[22:05:58] [main/DEBUG]: Skipping Lcom/mojang/blaze3d/shaders/EffectProgram$1;
[22:05:58] [main/DEBUG]: Skipping Lcom/mojang/blaze3d/shaders/Effect;
[22:05:58] [main/DEBUG]: Skipping Lcom/mojang/blaze3d/shaders/BlendMode;
[22:05:58] [main/DEBUG]: Skipping Lcom/mojang/blaze3d/shaders/AbstractUniform;
[22:05:58] [main/DEBUG]: Skipping Lcom/mojang/blaze3d/preprocessor/package-info;
[22:05:58] [main/DEBUG]: Skipping Lcom/mojang/blaze3d/preprocessor/GlslPreprocessor;
[22:05:58] [main/DEBUG]: Skipping Lcom/mojang/blaze3d/preprocessor/GlslPreprocessor$Context;
[22:05:58] [main/DEBUG]: Skipping Lcom/mojang/blaze3d/platform/package-info;
[22:05:58] [main/DEBUG]: Skipping Lcom/mojang/blaze3d/platform/WindowEventHandler;
[22:05:58] [main/DEBUG]: Skipping Lcom/mojang/blaze3d/platform/VideoMode;
[22:05:58] [main/DEBUG]: Skipping Lcom/mojang/blaze3d/platform/TextureUtil;
[22:05:58] [main/DEBUG]: Skipping Lcom/mojang/blaze3d/platform/ScreenManager;
[22:05:58] [main/DEBUG]: Skipping Lcom/mojang/blaze3d/platform/NativeImage;
[22:05:58] [main/DEBUG]: Skipping Lcom/mojang/blaze3d/platform/NativeImage$WriteCallback;
[22:05:58] [main/DEBUG]: Skipping Lcom/mojang/blaze3d/platform/NativeImage$InternalGlFormat;
[22:05:58] [main/DEBUG]: Skipping Lcom/mojang/blaze3d/platform/NativeImage$Format;
[22:05:58] [main/DEBUG]: Skipping Lcom/mojang/blaze3d/platform/MonitorCreator;
[22:05:58] [main/DEBUG]: Skipping Lcom/mojang/blaze3d/platform/Monitor;
[22:05:58] [main/DEBUG]: Skipping Lcom/mojang/blaze3d/platform/MemoryTracker;
[22:05:58] [main/DEBUG]: Skipping Lcom/mojang/blaze3d/platform/MacosUtil;
[22:05:58] [main/DEBUG]: Skipping Lcom/mojang/blaze3d/platform/Lighting;
[22:05:58] [main/DEBUG]: Skipping Lcom/mojang/blaze3d/platform/InputConstants;
[22:05:58] [main/DEBUG]: Skipping Lcom/mojang/blaze3d/platform/InputConstants$Type;
[22:05:58] [main/DEBUG]: Skipping Lcom/mojang/blaze3d/platform/InputConstants$Key;
[22:05:58] [main/DEBUG]: Skipping Lcom/mojang/blaze3d/platform/IconSet;
[22:05:58] [main/DEBUG]: Skipping Lcom/mojang/blaze3d/platform/GlUtil;
[22:05:58] [main/DEBUG]: Skipping Lcom/mojang/blaze3d/platform/GlDebug;
[22:05:58] [main/DEBUG]: Skipping Lcom/mojang/blaze3d/platform/GlDebug$LogEntry;
[22:05:58] [main/DEBUG]: Skipping Lcom/mojang/blaze3d/platform/GlConst;
[22:05:58] [main/DEBUG]: Skipping Lcom/mojang/blaze3d/platform/GLX;
[22:05:58] [main/DEBUG]: Skipping Lcom/mojang/blaze3d/platform/DisplayData;
[22:05:58] [main/DEBUG]: Skipping Lcom/mojang/blaze3d/platform/DebugMemoryUntracker;
[22:05:58] [main/DEBUG]: Skipping Lcom/mojang/blaze3d/platform/ClipboardManager;
[22:05:58] [main/DEBUG]: Skipping Lcom/mojang/blaze3d/platform/Window;
[22:05:58] [main/DEBUG]: Skipping Lcom/mojang/blaze3d/platform/Window$WindowInitFailed;
[22:05:58] [main/DEBUG]: Skipping Lcom/mojang/blaze3d/platform/GlStateManager;
[22:05:58] [main/DEBUG]: Skipping Lcom/mojang/blaze3d/platform/GlStateManager$Viewport;
[22:05:58] [main/DEBUG]: Skipping Lcom/mojang/blaze3d/platform/GlStateManager$TextureState;
[22:05:58] [main/DEBUG]: Skipping Lcom/mojang/blaze3d/platform/GlStateManager$StencilState;
[22:05:58] [main/DEBUG]: Skipping Lcom/mojang/blaze3d/platform/GlStateManager$StencilFunc;
[22:05:58] [main/DEBUG]: Skipping Lcom/mojang/blaze3d/platform/GlStateManager$SourceFactor;
[22:05:58] [main/DEBUG]: Skipping Lcom/mojang/blaze3d/platform/GlStateManager$ScissorState;
[22:05:58] [main/DEBUG]: Skipping Lcom/mojang/blaze3d/platform/GlStateManager$PolygonOffsetState;
[22:05:58] [main/DEBUG]: Skipping Lcom/mojang/blaze3d/platform/GlStateManager$LogicOp;
[22:05:58] [main/DEBUG]: Skipping Lcom/mojang/blaze3d/platform/GlStateManager$DestFactor;
[22:05:58] [main/DEBUG]: Skipping Lcom/mojang/blaze3d/platform/GlStateManager$DepthState;
[22:05:58] [main/DEBUG]: Skipping Lcom/mojang/blaze3d/platform/GlStateManager$CullState;
[22:05:58] [main/DEBUG]: Skipping Lcom/mojang/blaze3d/platform/GlStateManager$ColorMask;
[22:05:58] [main/DEBUG]: Skipping Lcom/mojang/blaze3d/platform/GlStateManager$ColorLogicState;
[22:05:58] [main/DEBUG]: Skipping Lcom/mojang/blaze3d/platform/GlStateManager$BooleanState;
[22:05:58] [main/DEBUG]: Skipping Lcom/mojang/blaze3d/platform/GlStateManager$BlendState;
[22:05:58] [main/DEBUG]: Skipping Lcom/mojang/blaze3d/pipeline/package-info;
[22:05:58] [main/DEBUG]: Skipping Lcom/mojang/blaze3d/pipeline/TextureTarget;
[22:05:58] [main/DEBUG]: Skipping Lcom/mojang/blaze3d/pipeline/RenderPipeline;
[22:05:58] [main/DEBUG]: Skipping Lcom/mojang/blaze3d/pipeline/RenderCall;
[22:05:58] [main/DEBUG]: Skipping Lcom/mojang/blaze3d/pipeline/MainTarget;
[22:05:58] [main/DEBUG]: Skipping Lcom/mojang/blaze3d/pipeline/MainTarget$Dimension;
[22:05:58] [main/DEBUG]: Skipping Lcom/mojang/blaze3d/pipeline/MainTarget$AttachmentState;
[22:05:58] [main/DEBUG]: Skipping Lcom/mojang/blaze3d/pipeline/RenderTarget;
[22:05:58] [main/DEBUG]: Skipping Lcom/mojang/blaze3d/package-info;
[22:05:58] [main/DEBUG]: Skipping Lcom/mojang/blaze3d/font/package-info;
[22:05:58] [main/DEBUG]: Skipping Lcom/mojang/blaze3d/font/TrueTypeGlyphProvider;
[22:05:58] [main/DEBUG]: Skipping Lcom/mojang/blaze3d/font/TrueTypeGlyphProvider$Glyph;
[22:05:58] [main/DEBUG]: Skipping Lcom/mojang/blaze3d/font/TrueTypeGlyphProvider$Glyph$1;
[22:05:58] [main/DEBUG]: Skipping Lcom/mojang/blaze3d/font/SpaceProvider;
[22:05:58] [main/DEBUG]: Skipping Lcom/mojang/blaze3d/font/SpaceProvider$Definition;
[22:05:58] [main/DEBUG]: Skipping Lcom/mojang/blaze3d/font/SheetGlyphInfo;
[22:05:58] [main/DEBUG]: Skipping Lcom/mojang/blaze3d/font/GlyphProvider;
[22:05:58] [main/DEBUG]: Skipping Lcom/mojang/blaze3d/font/GlyphInfo;
[22:05:58] [main/DEBUG]: Skipping Lcom/mojang/blaze3d/font/GlyphInfo$SpaceGlyphInfo;
[22:05:58] [main/DEBUG]: Skipping Lcom/mojang/blaze3d/audio/package-info;
[22:05:58] [main/DEBUG]: Skipping Lcom/mojang/blaze3d/audio/SoundBuffer;
[22:05:58] [main/DEBUG]: Skipping Lcom/mojang/blaze3d/audio/OpenAlUtil;
[22:05:58] [main/DEBUG]: Skipping Lcom/mojang/blaze3d/audio/OggAudioStream;
[22:05:58] [main/DEBUG]: Skipping Lcom/mojang/blaze3d/audio/OggAudioStream$OutputConcat;
[22:05:58] [main/DEBUG]: Skipping Lcom/mojang/blaze3d/audio/Listener;
[22:05:58] [main/DEBUG]: Skipping Lcom/mojang/blaze3d/audio/Library;
[22:05:58] [main/DEBUG]: Skipping Lcom/mojang/blaze3d/audio/Library$Pool;
[22:05:58] [main/DEBUG]: Skipping Lcom/mojang/blaze3d/audio/Library$CountingChannelPool;
[22:05:58] [main/DEBUG]: Skipping Lcom/mojang/blaze3d/audio/Library$ChannelPool;
[22:05:58] [main/DEBUG]: Skipping Lcom/mojang/blaze3d/audio/Library$1;
[22:05:58] [main/DEBUG]: Skipping Lcom/mojang/blaze3d/audio/Channel;
[22:05:58] [main/DEBUG]: Skipping Lcom/mojang/blaze3d/MethodsReturnNonnullByDefault;
[22:05:58] [main/DEBUG]: Skipping Lcom/mojang/blaze3d/FieldsAreNonnullByDefault;
[22:05:58] [main/DEBUG]: Skipping Lcom/mojang/blaze3d/DontObfuscate;
[22:05:58] [main/DEBUG]: Skipping Lcom/mojang/blaze3d/Blaze3D;
[22:05:58] [main/INFO]: JAR transformation complete C:\Users\Mr.bot1010\.gradle\caches\forge_gradle\minecraft_user_repo\net\minecraftforge\forge\1.20.1-47.4.20_mapped_official_1.20.1\forge-1.20.1-47.4.20_mapped_official_1.20.1.jar
